"Sample"	"Relationship"	"BirthYear"	"BirthPlaceGoogle"	"Long"	"Lat"
2344	7	1717	"Germany"	10.5212663140199	51.2469207125551
1987	7	1774	"Germany"	10.3823452220825	51.2602531068575
1987	9	1656	NA	5.7159547444013	51.9521562797938
1987	9	1683	NA	5.19562118515712	51.8037489502595
1987	6	NA	NA	8.82176608552766	48.4868144742167
1987	10	1626	NA	4.92669612456983	52.2749597385873
1987	9	1666	NA	4.87037848385082	52.2757784316551
1987	8	1699	NA	12.8644579789627	51.0478652386732
1987	7	1714	NA	13.278169083493	52.4108997317585
1987	10	1631	NA	4.33079593406169	52.1202833084311
1987	7	1720	NA	8.34895101605254	47.4800585360958
1987	5	1791	NA	8.94667829025227	48.4793158897406
1987	5	1786	NA	8.38341528608452	47.5727422937446
1987	9	1658	NA	11.0489558574252	50.5194566541224
1987	7	1758	NA	14.0711246607507	51.3317672107743
1987	4	1806	NA	8.80380074241943	48.3960656098081
1987	10	1645	"Netherlands"	5.18260636121639	52.0486954866337
1987	10	1615	NA	4.38747885659058	52.0810461866271
1987	5	1802	NA	8.47149104866996	47.4960062406294
1987	6	1733	NA	8.49045162811977	47.4381164269332
1987	10	1619	NA	5.79734050161993	51.9640580583525
1987	9	1699	NA	6.78660441473044	49.8267532783129
1987	8	1736	NA	6.73300780334212	49.9001583642919
1987	6	1755	NA	13.2642423895058	52.4442758018943
1987	7	1725	NA	6.69991688258624	49.1077361196921
1987	5	1821	"Baden-Württemberg, Germany"	9.35173415662046	48.6715168915082
1987	9	1647	NA	9.10968521527828	50.2018075455253
1987	9	1708	NA	7.56267744107001	50.7082787414966
1987	6	1780	NA	8.29255453101278	47.6242034286186
1987	9	1629	NA	5.10591329153171	51.3690496840186
1987	8	1766	"Germany"	10.5873448617741	51.2220804355968
1987	8	1696	NA	6.80432046192728	49.1734960814876
1987	7	1764	"Hamburg, Germany"	9.85450848570969	53.5469033741519
1987	10	1627	NA	5.6854411503971	52.0582205484145
2615	10	NA	"Netherlands"	5.39943356717973	52.0605572534233
2615	10	1618	NA	9.23999486239623	53.7120038066882
2615	10	1575	NA	14.3326336158607	50.02122150385
3264	9	1733	NA	7.0909637668164	48.7715669855399
3264	9	1739	NA	8.54398532118702	49.0672463510387
3264	9	1716	NA	7.0725293276251	48.8732073917872
3264	10	1723	NA	8.45122536401044	49.4626720755276
3264	10	1661	NA	7.44916451005474	49.4239481513272
3264	10	1670	NA	7.4889394469706	49.4138761471802
3264	9	1740	"Germany"	10.5305565803308	51.198430964633
3264	6	NA	NA	8.6969181318573	49.8502165281659
3264	10	1686	NA	9.65234378268782	49.665955879473
3264	8	1727	NA	12.7803679757551	48.9681033072287
3264	10	1690	NA	9.63361555409337	49.8323714091421
3264	9	1742	NA	9.95068791320414	51.1952138821847
3264	9	NA	"Germany"	10.5699207954199	51.1044872959396
3264	10	1663	NA	8.78572156910968	49.9207527682187
3264	7	1831	"Netherlands"	5.17150167633427	52.1083523578721
3264	9	1710	NA	9.34083378104387	51.8571508813554
3264	7	1791	"Germany"	10.3201035192144	51.1911666291833
3264	10	1661	NA	8.65198753451117	49.8123619949318
3264	5	1839	NA	9.54994172664849	51.0578420252149
3264	10	1732	NA	8.63131328052706	49.3573386915799
3264	10	1708	NA	7.17477576821576	48.9216527613027
3264	9	1732	NA	11.175261227128	53.4418263671499
3264	7	1774	"Germany"	10.372122870861	51.1478077793135
3264	10	1730	NA	8.44291740848361	49.5440441460182
3264	10	1698	NA	8.72462069554325	49.3670352745797
3264	10	NA	"Germany"	10.3847336980586	51.1037027836699
3264	7	NA	NA	9.5394408912115	51.1108811091472
3264	5	1842	NA	11.0556106942462	48.0909808198505
3264	7	NA	"Germany"	10.526311603344	51.242311572649
3264	6	NA	"Germany"	10.5253305775135	51.1562699106914
3264	5	1862	"Germany"	10.5629222779122	51.068544964548
3264	7	NA	NA	9.40656434985307	51.079126006403
3264	10	1702	NA	7.86388783181636	49.5126762277
3264	8	1768	"Germany"	10.5141677545875	51.2070499080989
3264	9	1744	"Germany"	10.4065202143109	51.1058829730079
3264	6	1827	"Netherlands"	5.40468811808337	52.188665673448
3264	9	1730	"Germany"	10.4704953977797	51.164004839156
3264	6	1802	NA	9.55105131898925	51.0372182268699
3264	9	1695	NA	8.40046453311946	49.8347118752872
3264	6	1801	NA	9.49124256862044	51.0282129406735
3264	9	1723	NA	8.45207943967302	49.3790170181538
3264	10	1685	NA	8.79947611732468	49.1839443231614
3264	9	1722	NA	8.73616165778433	49.4331245812228
3264	5	1836	NA	13.8527566253262	52.4416266709996
3264	5	1838	NA	8.5333521649574	49.7994570747378
3264	9	1704	NA	7.8718358483412	49.4311265171367
2329	8	1728	NA	7.92890690380792	48.8298300410897
2329	9	NA	NA	7.82324774859274	48.9841511741261
2329	7	1721	NA	8.05835125581063	48.9629062219689
2329	7	NA	NA	7.92203127570306	48.886207912265
2329	7	1717	NA	7.98223942387738	48.8027196129894
2329	7	1720	"Netherlands"	5.21237673444837	52.096535252836
2329	8	1656	NA	7.89922667650468	48.9348788100939
2329	6	1771	NA	7.80875217663688	48.8881250883397
2329	9	1674	NA	7.8221824309086	48.9442340704356
2329	9	1646	NA	7.80291997578085	48.9555271165924
2329	7	NA	NA	7.96627254982775	48.9221022803213
2329	8	1684	NA	7.95012475762978	48.8262902866789
2329	6	NA	NA	7.83459757596368	48.9350564475986
2329	9	1628	NA	8.00118209428557	48.8018703069688
2329	8	NA	NA	8.06301838796991	48.9813410229485
2329	6	1786	NA	8.00647078161901	48.8395725965491
2329	7	NA	NA	7.81538696731656	48.855158452544
2329	7	1742	NA	7.89727280445956	48.9097153849734
2329	8	NA	"Netherlands"	5.21393431227429	52.0729353901025
2329	8	NA	NA	7.95720810967443	48.9745717495448
2329	4	1846	NA	7.78418834966832	48.8633889208425
2329	7	1748	NA	7.91776434500872	48.8195834169579
2329	6	1769	NA	7.81618024139136	48.964365300122
2329	8	NA	NA	8.03845094534575	48.8699994347914
2329	7	NA	NA	7.88797142473473	48.9161479109619
2329	5	1782	NA	8.01850412547835	48.9631753129007
2377	3	1842	NA	8.58248761562069	48.2508650271172
2195	8	1669	NA	9.05041635391828	48.3154455863252
2195	7	1672	NA	7.73504609978373	48.3316083744778
2195	7	1723	NA	7.61871685755852	47.1928659271908
2195	9	1610	"Germany"	10.4256491250257	51.1896519592502
2195	8	1760	NA	7.05452209635321	50.4108208818774
2195	8	1692	NA	7.76555927450436	49.8302217827752
2195	8	1737	NA	7.05615985003521	51.1532507160061
2195	7	1679	NA	9.12060433219044	50.1585007933015
2195	9	1635	NA	10.2134392616348	53.6962220458699
2195	7	1730	NA	7.35930717690069	49.8337825998527
2195	9	1639	NA	7.70230981071929	49.7069485524934
2195	7	1692	NA	7.38476129474607	49.3248770703728
2195	8	1697	NA	7.68304804930281	47.2142322460177
2195	10	1691	NA	6.87670368871385	51.0554038228866
2195	7	1697	NA	8.95418894494549	48.2943112595545
2195	8	1688	NA	7.63408574744934	49.8285210854595
2195	6	1720	NA	7.61004359760518	49.6184006505282
2195	6	1751	NA	7.33774706131437	49.2342578003124
2195	7	1706	"Germany"	10.4171306196637	51.1232367728239
2195	4	1755	"Germany"	10.3598479671907	51.201391692711
2195	8	1682	"Germany"	10.5655650569191	51.1265834307871
2195	8	1681	NA	7.82339524610727	48.5606471450824
2195	10	1652	NA	7.15879046768095	50.4688759331422
2195	8	1670	NA	7.61302450810543	47.180416880442
2195	7	1719	NA	7.56962036196861	47.222492564544
2195	9	NA	NA	8.54407108752854	48.5488272533579
2195	10	NA	NA	8.61315968372567	48.6380191648832
2195	7	1765	NA	6.88016183435312	51.0726843422917
2195	10	1594	NA	5.24209123357014	52.0168283341578
2195	6	1728	"Germany"	10.4558840746516	51.2167106752391
2195	7	1676	NA	7.21034364205722	50.08461847959
2195	10	1647	NA	4.57185622414287	52.0037725217597
2195	10	1551	NA	5.24519276242919	51.9862813387234
2195	7	1688	"Germany"	10.4638086150586	51.1091455530662
2195	9	1745	NA	7.00447403309046	50.4736703744939
2195	10	1604	NA	5.06603356932293	51.9366078943456
2195	6	1728	"Germany"	10.5375506865011	51.204757830977
2195	7	1670	NA	7.59961914618638	49.6399026627676
2195	10	1614	NA	4.98887848673714	52.4367895894948
2195	9	1662	"Bern, Switzerland"	7.54784886869455	47.008277133105
2195	8	1649	"Germany"	10.4082565782348	51.248066743711
2195	7	1697	NA	7.98861798358458	49.4678324399511
2195	10	1670	NA	7.13743964576251	50.4554685073927
2195	9	1700	NA	9.41837351591708	52.1983202038195
2195	8	NA	"Germany"	10.4350951191731	51.2586302817105
2195	9	1631	"Utrecht, Netherlands"	5.06750502913373	52.1617371291011
2195	6	1747	NA	8.83397346589821	48.2993534080806
2195	10	1617	NA	8.97548287169164	50.2375848540713
2195	10	1598	NA	5.16556015487492	51.3869070636669
2195	9	1628	NA	5.17045043303281	52.0087763833001
2195	10	1601	NA	10.0222092378873	53.8540729292971
2195	10	1619	NA	9.06766385334583	50.2024128475808
2195	8	1688	NA	9.04261885964781	50.1062335024821
2195	7	1668	NA	8.62241573375954	50.4526489692638
2195	10	1662	NA	6.81504169718131	51.0912612445968
2195	7	1713	NA	7.73986879691581	48.4942517873693
2195	10	1669	NA	6.95568567207666	50.3819631618187
2195	10	1661	NA	6.87517129466407	51.1374630280002
2195	10	1598	NA	8.97778294582533	50.246349659931
2195	6	1754	NA	7.73953172295002	46.7402796431472
2195	10	1593	NA	3.75269669321733	51.1272228214966
2195	8	1652	NA	8.95824501831131	48.22294755711
2195	10	1606	NA	5.27943831565509	51.4050451071389
2195	9	1621	NA	8.95136658241242	50.1984680910807
2195	9	1700	NA	6.99192376095196	50.3867596194992
2195	9	1697	NA	7.01623302755679	51.1897887592509
2195	6	1751	NA	7.53152196271933	49.7127669146268
2195	6	1696	"Baden-Württemberg, Germany"	9.24276389059636	48.6835311676683
2195	10	1633	NA	9.18024203659471	50.2747940549986
2195	10	1668	NA	5.2376261141729	51.8513142058971
2195	6	1701	NA	9.98914951880224	49.8473622695001
2195	8	1643	NA	9.12215479471158	50.1236096186539
2195	8	1639	"Germany"	10.4866267145988	51.1550850131053
2195	5	1721	"Germany"	10.5696812234	51.0678614932332
2195	6	1718	"Hessen, Germany"	9.26095773773042	50.5995677134851
2195	10	1599	"Utrecht, Netherlands"	5.00404393511359	52.0259462384223
2195	9	1649	"Germany"	10.4309664564421	51.2104890245773
2195	7	1686	NA	8.19335020560776	49.7560276724756
2195	7	1724	"Bern, Switzerland"	7.36746790604112	47.042609736073
2195	9	1657	NA	9.09043731200863	50.0967585639982
2349	9	NA	NA	7.99706596197669	50.5561565878265
2349	9	NA	NA	7.91983854491304	50.7232835284947
2349	9	NA	NA	8.63481592880436	50.5983632400623
2349	7	1765	"Germany"	10.3868803023441	51.1583640306766
2349	9	1705	"Germany"	10.3713386262563	51.1385615968708
2349	7	1709	"Netherlands"	5.38361758314184	52.1660280550772
2349	8	1745	"Netherlands"	5.41449011800615	52.2009032099566
2349	9	NA	NA	9.71063889314803	51.2711319407272
2349	9	1678	NA	6.46939618703941	51.9020947170752
2349	7	1752	NA	8.41172776893344	50.697434436319
78	9	NA	"France"	2.31726718270655	46.2094603163591
1801	6	1755	NA	10.5522197578642	50.5012278094724
1801	6	1761	NA	9.5449413132199	47.0043962208238
1801	7	NA	"Germany"	10.4978032992676	51.2056425252015
1801	7	1724	NA	10.5117201975238	50.4014420714123
1801	9	1685	NA	9.74549480051474	46.9001509958557
1801	5	1799	NA	9.59829723807276	46.9529163146714
1801	5	1828	NA	9.53335818828551	47.0325082868141
1801	9	1656	NA	9.5749734515868	46.9606080402043
1801	8	1673	NA	13.250857542695	50.8416060274748
1801	7	1745	NA	10.4716446731442	50.4681554652731
1801	6	1725	NA	9.54872423066045	47.0357151028024
1801	6	1757	NA	10.5325405479865	50.4424784346004
1801	5	1782	NA	10.5170017947538	50.4004211367644
1801	6	1765	NA	9.76573507175455	47.0351906539025
1801	6	1754	NA	10.3357233332246	50.4370506806132
1801	8	1727	"Germany"	10.3242162244962	51.1585869697276
1801	6	1794	NA	9.67851811325233	46.9194081982197
1801	8	1714	"Switzerland"	8.10388940727514	46.8682885465169
1801	5	1778	NA	10.5282346192766	50.4974130521212
1801	4	1855	NA	11.462348951586	50.7543333765839
1801	8	1682	NA	13.4293338281822	50.9712379924817
1801	7	1761	NA	9.52518001069896	47.060192301087
1801	5	1795	NA	9.57544524964509	46.9978383800482
1801	4	1823	NA	9.57583478684677	47.0644916151567
1801	8	NA	"Germany"	10.4294534571294	51.1130609378229
1801	4	1819	NA	9.74574281977141	47.0339812238891
1801	8	1695	NA	9.55747881830201	46.9241686332904
1801	8	1700	NA	8.7598113965698	50.1596121018004
1801	7	1780	NA	9.76373405884971	46.9750700577572
1801	5	1766	NA	9.72666543181488	47.06523935477
1801	7	1734	NA	9.71762408316047	47.0497350449263
1801	7	1743	NA	9.62288791104145	46.9200973787604
1801	6	1758	NA	10.3531284101783	50.4602602954157
1801	9	1655	NA	7.68237289923387	49.1485101622926
1801	3	1861	NA	9.72399261759186	46.9226925116158
1801	6	1764	NA	9.7479462152067	47.0397365743681
1801	5	1830	"Germany"	10.5787507596843	51.1951983817011
1801	7	1766	NA	10.3716169139844	50.4734270842861
1801	7	1726	NA	10.3916675114312	50.5046652119039
1801	6	1807	NA	9.54006212676837	46.9165540502724
1801	8	1724	NA	10.4600868206197	50.4926969046059
1801	9	1663	"Germany"	10.4687570208378	51.2578542874381
296	8	1741	"Germany"	10.3345425144164	51.2107569377321
296	8	1753	"Germany"	10.41364351476	51.2519791045964
296	7	1744	NA	7.93333346938273	50.9066249575566
2611	5	1799	NA	4.63103096568372	50.887486217571
2611	4	1829	NA	4.38134088831246	50.7791309457467
2367	4	1810	NA	10.7102568588582	50.9711288718378
2367	4	NA	"Germany"	10.3307322419001	51.1542881281474
1611	2	1875	"Austria"	14.6319884635804	47.4585374714671
1611	3	1837	"Austria"	14.5813884423699	47.5301376069874
1611	3	NA	NA	4.76092903977032	52.3732865745285
1611	3	1835	"Austria"	14.4706482525435	47.5460674589419
1611	3	1885	NA	22.5161367560742	50.2248256368344
1611	2	1856	"Austria"	14.4621105937627	47.5582912109411
2343	5	1736	NA	8.2950316916922	47.0712471106821
2343	9	1648	NA	8.52963329597463	47.1050304907988
2343	5	1787	NA	8.30048599926445	47.2117574960322
2343	7	1698	NA	8.26796744997945	47.0269587000786
2343	6	1729	NA	8.27375257190802	47.0426122450946
2343	5	1791	NA	8.28127505300757	47.054821956504
2343	8	1678	NA	8.37173780316855	47.0736647700385
2343	7	1672	NA	8.35303697026059	47.0749421697295
2343	7	1727	NA	8.52420182943884	47.0490506443601
2343	8	1666	NA	8.38392736919229	47.0830304548301
2343	9	NA	NA	8.49629834560135	47.1734892586675
2343	6	1723	NA	8.41873316861604	47.1531619674957
2343	5	1763	NA	8.2899512999282	47.167191926118
2343	5	1750	NA	8.2593911359162	47.1117942964646
2343	6	NA	NA	8.32439085726833	47.2032706057552
2343	6	1699	NA	8.35752284495597	47.2001083689044
2343	7	1725	NA	8.3904885983355	47.1070721657944
2343	6	1722	NA	8.35776839380715	47.0714915988764
2343	7	1662	NA	8.26064215261536	47.0767569678066
2343	6	1690	NA	8.31735765613128	47.1142044915613
2343	6	1744	NA	8.29981916072302	47.0525060746085
2343	7	1707	NA	8.46533873792457	47.0710303860057
2343	2	1835	NA	8.50913731875709	47.1248548411406
2343	7	1718	NA	8.52097154446784	47.0331820599625
2343	3	1858	NA	8.51913022552009	47.1743319611637
2343	3	1811	NA	8.41414253982108	47.1832039797954
2343	6	1733	NA	8.46362851553259	47.0287536140271
2343	4	1774	NA	8.47261569309606	47.1132426328064
2343	7	1687	NA	8.44124627271835	47.0614877340675
2343	7	1713	NA	8.21115812782584	47.0274963063443
2343	8	1689	NA	8.39913727294577	47.0493056856159
2343	4	1782	NA	8.27743171903765	47.1913372147825
2343	9	1635	NA	8.53449997191026	47.1195463751802
2343	8	1652	NA	8.32574132765967	47.0769271524177
2343	7	1735	NA	8.34531287157763	47.1663669142159
2343	4	1771	NA	8.31846941432494	47.0289382289623
2343	6	1722	NA	8.42530017474476	47.0389647367488
2343	8	1693	NA	8.34333072690904	47.1623120935022
2343	9	1637	NA	8.43185637464283	47.1145496435443
2343	6	1759	NA	8.28916368246878	47.0876278099217
2343	5	1731	NA	8.4698676501584	47.0390786670868
2343	6	1752	NA	8.31055315385182	47.1672054769939
2343	4	1771	NA	8.28535185103168	47.0376546008631
2343	6	1763	NA	8.39457197889354	47.0351249148949
2343	8	1670	NA	8.43285097761937	47.1949999437836
2343	5	1776	NA	8.41116309493731	47.0975187888616
2403	6	1768	NA	7.69643647802173	52.2146740514492
2403	9	1697	NA	7.69878342482849	52.1734028477338
2403	6	1770	NA	7.73517987999109	52.092299397578
2403	8	1697	NA	7.79273102870847	52.1355883766879
2403	7	1719	"Germany"	10.4290890133781	51.1493805651786
2403	10	1690	"Germany"	10.3435234634475	51.1605688284021
2403	10	1652	"Germany"	10.4390896804	51.2374146313031
2403	9	1679	NA	7.61615416845126	52.0757821518268
2403	6	1790	NA	7.84248615326106	52.1734616708871
2403	7	1762	NA	7.84777134758756	52.076784669572
2403	6	1749	NA	7.63776500441286	52.1007914225585
2403	6	1784	"Germany"	10.515255847516	51.1817427488078
2403	5	1828	NA	7.72579485205321	52.2292523555179
2403	5	1844	NA	7.61760002002692	52.1332300282463
2403	5	1820	NA	7.81316941446333	52.1642373041276
2403	7	1756	NA	7.79445655248215	52.1297804827948
2403	8	1733	NA	7.80105145048699	52.1322208178379
2403	5	1821	"Switzerland"	8.13960436647256	46.8832280868594
2403	7	1732	NA	7.63866685577379	52.1436522178158
2403	8	NA	NA	7.6932211750647	52.0468504388073
2403	8	1693	"Germany"	10.5686396976923	51.2335789285292
2403	7	1770	NA	7.73628489935238	47.2764395496189
2403	7	1741	NA	7.78481659112174	52.0773721400097
2403	9	1694	NA	7.8138107786938	52.0858593325843
2403	4	1860	NA	7.61977190883319	52.2256363506784
2403	7	1711	NA	7.78981122959138	52.11840263896
2403	5	1843	NA	7.72231355414687	52.0577293565109
2403	6	1740	NA	7.76707119606412	52.111111656568
2403	9	1665	NA	7.81057026335702	52.1048586450206
2403	5	1774	NA	7.74174244113975	52.2047656463115
2403	6	1759	NA	7.83140754393543	52.0501558061992
2403	7	1716	NA	7.86751596496921	52.0445697945123
2403	4	1830	NA	7.70211374978818	52.1191139912249
2403	7	1793	NA	7.87341220582524	52.1954550284654
2403	5	1795	NA	8.18075360508012	52.4405429062025
2403	6	1749	NA	7.86517451814519	52.1866117334441
2403	5	1802	NA	7.5971509030635	52.0829045146109
2403	5	1767	NA	7.80361466902296	52.1393110610917
2403	9	1683	NA	7.82706735259235	52.0691984021566
2403	8	NA	NA	7.77168092808054	52.1746745026829
2403	7	1708	NA	7.83635354988024	52.1347014693709
2403	8	1695	"Germany"	10.4042585551339	51.2310285546
2403	6	1760	NA	7.80614108601104	52.1995034881893
2403	7	1777	NA	7.71133752406472	52.0753659780072
2403	7	1724	"Germany"	10.4907835196613	51.1690056488439
2403	6	1764	NA	7.78940227433786	52.0784532269715
2403	5	1815	NA	7.70273397298262	47.2055700782644
2403	8	1732	NA	7.7261169159549	52.2065540573645
2403	4	1832	NA	7.74481556188634	52.1852098894705
2403	6	1748	NA	7.85711368723661	52.0825801803343
2403	5	1780	NA	7.82320652545557	52.081675068478
2403	7	1744	NA	7.61518252494013	52.163643906856
2403	6	1764	NA	7.85715989794562	52.1071736834274
2403	9	1715	NA	10.9951484698331	49.5359890796295
2403	7	1744	NA	7.6620464936445	52.0612106992317
2403	5	1789	NA	7.76952754725525	52.0446240561186
2403	6	1800	NA	7.80732514336656	52.1496174637328
2403	6	1761	NA	7.76242060669128	52.058143150188
2403	7	1747	NA	7.63144645211279	52.0763649593215
2403	6	1770	NA	7.65391588676836	52.0993258539738
2403	8	1690	NA	7.65595528322563	52.1497759229255
2403	8	1753	NA	7.64896137647111	52.152304802002
2403	6	1772	NA	7.62331952221253	47.3032412947955
2403	5	1840	NA	7.79253864498928	52.2184843758164
2403	8	1682	NA	7.68784439344784	52.1819788084103
2403	6	1795	NA	7.64800530890687	52.1399785189662
2403	5	1806	NA	7.67673191949398	52.2214416416447
2403	6	NA	NA	7.60445406986369	52.1190106765664
84	7	1729	NA	11.9658891283651	49.5773850688417
84	7	1698	NA	7.86443967404671	47.4587085232738
84	8	1658	NA	8.47237353025044	49.7407701440819
84	8	1704	NA	7.3176185778617	50.0979722452262
84	6	1720	NA	8.30968217503063	49.0053206716651
84	9	1653	"Switzerland"	8.3558980713822	46.8070892302738
2423	2	1846	NA	3.46935555196732	50.9843811914348
2423	2	1875	NA	3.19288031771536	51.0099439356802
2424	5	1804	NA	16.1735837919196	47.7827308038075
2424	7	NA	NA	19.4369439202364	54.1901032007984
2424	8	1754	NA	19.0911519222948	54.1303473364514
2424	8	1719	NA	19.1906291660306	54.1250888763836
2424	6	1765	NA	19.2853951661678	54.1995184469344
2424	7	1757	NA	19.0135836159143	54.0850863460257
2424	8	1725	NA	19.2195255723295	54.1125923173027
2424	8	1759	NA	19.0667833584347	54.1487773894275
2424	7	1764	NA	19.1288497724374	53.9600271307391
2424	7	NA	NA	18.9693527761962	54.1313910686197
2424	8	1729	NA	19.1714419834415	54.1194393158158
2424	8	1701	NA	19.1616583744169	54.2537704655525
2424	9	NA	"Friesland, Netherlands"	5.92777485983962	53.2205764966729
2424	6	1767	NA	19.2553313156063	54.2852681378592
2424	8	1735	NA	19.0234109378605	54.1256151033615
2424	7	NA	NA	18.6635009348254	54.2634696155451
2424	5	1758	NA	19.3229725331265	54.2295745941509
2424	8	1705	NA	10.0572933859005	54.3236060433329
2424	6	1761	NA	19.167100514599	54.2952457066223
2424	7	1724	NA	19.0727152193949	54.2799431402328
2424	6	1759	NA	19.5180969832864	54.2257567520248
2424	6	1764	NA	19.2617172101622	54.1598521216939
2424	8	1732	NA	19.1082812677024	54.2231842173192
2424	7	1803	NA	19.300482420034	54.1264271670853
2424	6	1807	NA	19.0896146157128	54.2230581363343
2424	6	1755	NA	19.4997578016817	54.1383898860751
2424	5	1813	NA	16.1002707916324	47.8745094987641
2424	7	NA	NA	19.3567213384303	54.2309381319759
2424	8	1714	NA	10.0671106514357	54.2970427560796
2424	6	1800	NA	19.3776231416649	54.116160334161
2424	8	1709	NA	10.1818346121274	54.1374968213239
2424	8	1728	NA	10.0463461901833	54.2975808151204
2424	5	1801	NA	16.1342100889596	47.9278866266782
2428	10	1631	"Netherlands"	5.3934330474451	52.1215588316107
2428	6	NA	NA	12.7337630127009	49.8963702347787
2428	10	1586	"Berlin, Germany"	13.3119154900537	52.5351110410887
2428	4	1819	NA	13.5135821230365	50.0518744966981
2428	9	NA	"Netherlands"	5.2172909912143	52.0839361565808
2428	4	1789	NA	18.248116692794	47.3741330822594
2428	10	1594	NA	12.2722410560925	51.3086956933118
2428	9	1707	NA	13.9139115678453	49.6139424034574
2428	5	1767	NA	14.0067207731595	50.0728584203272
2428	6	1789	NA	13.3016646009675	49.337421370085
2428	8	1680	NA	13.5769771161976	49.2926518333006
2428	7	1733	NA	13.7074628667186	50.0693321970846
2428	5	1792	NA	14.772165046777	49.3247025408886
2428	5	1781	NA	19.1438566909493	47.4619708644991
2428	6	NA	NA	13.9104897463183	49.8075642113117
2428	6	1762	NA	14.3286801987351	50.0059083806789
2428	4	1804	NA	14.2965060803775	50.0523696120386
2428	5	1778	NA	13.646925537827	49.3114608433949
2428	5	1775	NA	14.5315088025248	50.1412091758617
2428	2	1884	NA	16.4683845532923	48.1208528147156
2428	5	NA	NA	13.5857439238314	50.2883028624044
2428	10	NA	"Netherlands"	5.24130889489734	52.1216165587386
2428	10	1603	"Belgium"	4.53304091644797	50.5650924343368
2428	6	NA	NA	14.3568476466056	50.0236361237649
2428	4	1850	NA	13.6082905722529	50.2919233412466
2428	2	1895	NA	13.5910971014649	49.2502993640575
2428	6	1768	NA	13.5335401179304	50.1845108836212
2428	10	1621	NA	5.47388634221803	50.5750400521621
2428	8	NA	NA	13.3542833428746	49.4447886049234
2428	4	1816	NA	13.9108074435627	49.8233369024997
2428	5	1779	NA	13.8818321548595	49.88817924553
2428	10	1590	NA	5.64159540017735	50.5436055770299
2428	7	1730	NA	13.4376778618356	49.2176005701904
2428	4	1817	NA	13.4412435752656	49.1997304189651
2428	5	1782	NA	13.4923859145694	50.07668253659
2428	4	1796	NA	14.8178643614525	48.9174770840219
2428	9	1701	NA	13.2664631293016	49.4019432115993
2428	5	1777	NA	13.3768910272184	50.2398475894341
2428	3	1856	NA	13.491496691453	50.0299099823616
2428	5	1760	NA	18.295278098992	47.2752128933634
2428	5	1758	NA	13.3906072143236	49.4570384840055
2428	6	1744	NA	13.2999129675731	49.5518235713283
2428	3	1824	NA	13.518849803487	49.2628710074697
2428	10	NA	"Netherlands"	5.31575366570176	52.0903911444143
2428	1	1891	NA	16.4917568077055	48.2162046853541
2428	3	1851	NA	14.4955527046558	50.0414320392243
2428	6	1731	NA	14.1411858009207	49.8811059872166
2428	7	NA	NA	13.3061645070363	49.4130312846755
2428	6	1726	NA	14.7426682635789	49.2965013464817
2425	9	1579	NA	7.44098322713333	50.1082397165621
2425	7	1696	NA	7.55779360277153	49.7874737477825
2425	5	1732	NA	7.59233443995104	49.7211385925448
2425	8	1597	NA	7.70855768067794	49.6779858851485
2425	6	1774	NA	5.17466892133319	51.3073490510019
2425	8	1709	NA	7.68617819690275	50.4007449782947
2425	8	1673	NA	7.66416403913761	49.749425514863
2425	7	1678	"Switzerland"	8.11054406360128	46.9040434982273
2425	6	1761	NA	8.7916530343952	47.3669260430069
2425	9	1699	"Baden-Württemberg, Germany"	9.27308696094984	48.6235024545331
2425	6	1703	NA	9.95527483234667	47.9951653787896
2425	10	1557	NA	7.44890491131484	49.8265001572055
2425	6	1697	NA	7.73824349235897	49.7596194932102
2425	9	1717	NA	8.57213085473916	49.3855870656381
2425	8	1770	"Germany"	10.5705419850938	51.1338715858292
2425	8	1631	"Germany"	10.4220977185635	51.0876205279203
2425	10	1703	"Baden-Württemberg, Germany"	9.38722661105933	48.5711778582646
2425	6	1716	NA	7.66749526074376	49.6424209482456
2425	10	1688	"Germany"	10.4181893822866	51.1523839344814
2347	7	1656	"France"	2.12511035340169	46.2165182661691
2347	7	1682	"France"	2.10352908411198	46.2973248535085
2432	3	1849	NA	11.4580514328579	48.7069383557129
2432	4	1802	NA	11.5449391604684	48.5930835553625
2432	3	1852	"Germany"	10.3326105444981	51.1650367120732
2432	4	NA	"Germany"	10.4773443424335	51.2217921299874
2432	4	NA	NA	11.473937876714	48.8557699032261
2432	5	1802	"Germany"	10.553571610372	51.1797243871409
2432	4	NA	NA	9.70493703888602	49.0699884285154
2432	4	NA	"Germany"	10.4636640876902	51.1116906614987
2443	9	NA	NA	9.9703937574939	55.9046450872895
2443	9	1724	NA	3.15448977946491	50.5525853493626
2443	7	1799	NA	9.99600352946031	55.5647519313732
2443	8	1744	NA	10.0589007347054	55.55104210343
2443	6	1817	NA	10.0573526689081	55.546784967541
2443	6	1843	NA	10.3601154454687	55.3369716824707
2443	5	1830	NA	9.84980676054478	55.579447337169
2443	4	1862	NA	9.89147677064414	55.5698284151945
2443	3	1885	NA	9.66038841812672	55.4091039106855
2443	6	1777	NA	9.86461925938054	55.4436784922918
2443	8	1778	NA	9.84123032649582	55.54723415403
2443	9	1688	NA	10.6891274595909	57.4723542753004
2443	8	1737	NA	9.86653240686429	55.4380911170272
2443	7	1779	NA	9.93529093511082	55.5202509025128
2443	7	1788	NA	10.006922640209	55.395752132976
2443	8	1771	NA	9.98869824443481	55.3870493195145
2443	7	1759	NA	9.90519510642678	55.3288594095156
2443	7	1757	NA	9.9663143245401	55.3701038340523
2443	7	1754	NA	10.2684451354863	55.4276336932914
2443	7	1738	NA	9.98689018338096	55.4578841154042
2443	8	1731	NA	9.65470261474456	55.4210055379373
2443	8	1704	NA	9.76645281869171	55.5385337639705
2443	5	1826	NA	10.6664981767718	55.3038725229637
2443	8	1747	NA	9.81930688324679	53.5697906465981
2443	6	1791	NA	9.89893740918556	55.5642767097647
1995	10	1604	NA	5.17502358268486	51.3830829050484
1995	8	NA	NA	7.55680186448833	50.6121598033465
1995	10	1626	NA	9.02251828525376	52.0929199630489
1995	10	1583	NA	5.10127676236274	51.3948171457397
1995	8	1680	NA	8.55281173935443	47.5118213720103
1995	10	NA	NA	4.79882269301624	52.7030558690512
1995	9	1628	NA	-1.03143300838607	46.086967677589
1995	8	NA	NA	8.33592881141742	47.4840626808231
1995	7	1699	NA	7.88846675956905	47.18931092211
1995	8	1639	NA	-0.624927788581995	44.856437942696
1995	10	1661	NA	9.93198943806354	48.4369090467817
1995	8	1689	"Bern, Switzerland"	7.39661750404637	46.9869126646999
1995	8	NA	"Switzerland"	8.11567751922085	46.7418248869967
1995	9	1664	NA	7.57772940151098	50.6944572695858
1995	7	1717	NA	8.78361087284622	50.1381977074129
1995	6	1738	"Bern, Switzerland"	7.36778336569841	46.986840952476
1995	8	1698	NA	9.44631468730275	49.7141432245336
1995	10	1682	NA	9.33871835632877	50.3173496344209
1995	10	1650	NA	5.12889377917127	51.5548074266695
1995	9	1692	NA	8.48875012965299	52.6445585882801
1995	8	NA	NA	3.86372104038533	51.3136826870835
1995	8	NA	NA	10.7245466479229	50.3984523652763
1995	9	1695	NA	9.02586602591297	50.2459008130561
1995	10	1577	NA	4.94431840077543	51.991004691841
1995	8	1689	"Germany"	10.4106448799735	51.1899493913158
1995	9	1672	NA	-1.05334025342509	46.1593489174453
1995	7	1725	"Germany"	10.4407451433744	51.2041701273331
1995	7	1734	NA	9.57359976083013	49.8501632555547
1995	10	NA	NA	8.51547756286708	49.865670468997
1995	10	NA	"Hamburg, Germany"	10.0302281494471	53.5045840475757
1995	7	1748	NA	8.4571459240444	47.2655148029897
1995	9	1614	NA	4.27437629768301	51.8525012576721
1995	10	1630	NA	7.87983977103454	47.1389513632313
1995	9	1650	NA	8.3937543595944	49.044491718473
1995	10	NA	NA	3.95231248407331	51.0088648869863
1995	9	1709	"Germany"	10.3547453453669	51.1808565913515
1995	9	1686	"Hessen, Germany"	9.27920146174197	50.6905471657735
1995	9	1653	NA	11.5219414154514	48.7626951446515
1995	10	1668	NA	5.45008776515726	50.6361670206542
1995	8	1681	NA	8.7166616944206	49.8832457744652
1995	9	1609	NA	-0.45596843861153	44.8476407258485
1995	10	1649	NA	9.14461414872976	48.5918291502649
1995	8	1709	NA	8.59170234830215	49.7859139930791
1995	5	1764	NA	7.68916054516228	47.2091905517468
1995	8	1685	NA	8.45503196251621	47.2517712068854
1995	9	1629	"Netherlands"	5.26225465266963	52.1766755657589
1995	10	1608	NA	-1.1424151422832	46.2446064703012
1995	10	1623	NA	5.94972759109829	52.6205557195407
1995	7	1718	NA	9.03336488547454	49.8681659998003
1995	8	1745	NA	8.87380177038723	49.608805646539
1995	9	1670	"Germany"	10.4227012616542	51.1760911007613
1995	8	1723	"Hessen, Germany"	9.23852345357888	50.6490906096162
1995	10	1646	NA	7.46409418050837	50.5772985340801
1995	8	1690	NA	-1.45899994917988	48.9594320024254
1995	10	1673	NA	8.65456569740348	49.0862119467993
1995	8	1704	NA	7.56422817911719	50.5695179558904
1995	8	NA	NA	8.43555171949003	49.4722084816701
1995	8	1666	NA	-1.08361887377719	46.0898456895415
1995	9	1675	NA	10.5906891387651	51.6250361998885
1995	9	1655	NA	4.77533689583014	52.375337767451
1995	8	1678	NA	8.59581071546147	49.070700889394
1995	10	NA	NA	3.93499106920728	51.1449382094558
1995	10	NA	"Germany"	10.3605585211154	51.0919832101282
1995	9	NA	NA	8.54240848957856	49.8219954339215
1995	9	1657	NA	8.83403640935073	49.9398118815561
1995	9	1661	NA	7.38914244008176	50.1931550735464
1995	7	1724	NA	7.52560959273323	50.5148867502196
1995	9	1657	NA	8.59283046226721	49.1488425816378
1995	9	1664	NA	8.97438176408459	49.8325806346172
1995	10	1609	NA	5.81822197035905	52.4861063941131
1995	8	1712	NA	7.45015155887245	50.5919698682818
1995	7	1703	NA	7.67381116871653	47.2509381552591
1995	9	1681	NA	9.12624056632439	48.4726543113837
1995	10	1655	NA	7.61299676907631	50.5493418688721
1995	10	NA	NA	5.14103821369037	51.8287594581489
1995	8	1689	"Germany"	10.3426171259256	51.19126145316
1995	10	1616	"Netherlands"	5.19817948763143	52.1077868992651
1995	6	1777	NA	7.21930720000896	50.0749654743982
1995	10	1665	NA	9.06815864592057	50.1115559607097
1995	10	1582	"Netherlands"	5.30033874287159	52.1262908431574
1995	9	NA	NA	7.32169925052791	50.0975627098977
1995	7	1720	NA	8.30749545649674	49.4816731604635
1995	9	1633	NA	7.90340343971372	47.1416168346853
1995	7	1761	NA	11.6165834246671	48.7233653756344
1995	7	1736	"Switzerland"	8.11314339981157	46.8055005727486
1995	10	1624	NA	8.73995179077082	49.1131424416057
1995	7	1692	NA	8.37359110351371	47.6016755812529
1995	8	1683	NA	8.37374014403037	47.2203794312231
1995	9	NA	"Bern, Switzerland"	7.40060746729395	46.9937090968802
1995	9	1614	NA	-0.694197175887386	44.777886944961
1995	9	NA	NA	7.47491783269689	50.4014411591717
1995	7	NA	"Baden-Württemberg, Germany"	9.45982416291758	48.658771324499
1995	8	1703	NA	7.39261554238257	50.539358473415
1995	10	1629	NA	9.02481714272397	50.2445147253446
1995	10	1590	NA	9.06579261437277	49.9384984033629
1995	10	NA	NA	8.86331376242433	49.9008564319377
1995	10	1638	NA	3.62164657380848	51.1305625949522
1995	9	1673	NA	8.69622172341691	49.7812061965443
1995	7	1713	NA	7.51259986921701	49.5753182766971
1995	10	1644	NA	8.5852340479687	49.1028228054232
1995	8	1718	NA	8.64334549607281	49.0914324096765
1995	6	1769	NA	7.87945999663238	47.2269896617404
1995	9	NA	NA	3.89787839325051	51.3357978314939
1995	10	1620	NA	8.36118904124273	52.687978116268
1995	7	1705	NA	10.7412788432881	50.4562962077449
1995	10	1587	NA	8.80726625452964	49.915112692281
1995	10	1627	NA	9.12771152470733	50.2631453890844
1995	9	NA	"Netherlands"	5.36661707523076	52.2015829028822
1995	8	NA	NA	7.3686934547043	49.5660048554241
1995	9	NA	NA	8.42297772988562	47.641029779749
1995	8	1701	NA	7.70271530292324	47.2840841168948
1995	10	1654	NA	13.0994001302271	51.0419612354992
1995	9	1624	"Germany"	10.3563586849408	51.2258412958473
1995	10	1612	"Netherlands"	5.28434037097853	52.1301890202546
1995	8	1641	NA	8.92368281079131	49.9035864865094
1995	8	NA	"Germany"	10.4659525170723	51.2479260310976
2447	2	1850	NA	17.1622932473874	47.890315086596
98	10	1619	NA	-1.04539215805998	46.1888216624692
98	0	1951	NA	6.19011036927193	48.6087043764165
98	2	1904	NA	7.30145548902636	49.024615816893
98	10	1587	NA	0.459684226379271	48.5190789707848
98	2	1903	NA	2.35871894047947	48.559044885998
98	1	1948	NA	6.15904150880164	48.6626861108299
4	9	1655	NA	8.55082584708469	49.1477153331925
4	9	1678	NA	7.9252978896166	50.8576248734762
4	6	1783	NA	8.75055335817582	49.2786391505232
4	9	1648	NA	8.32945587016369	48.8868919034902
4	10	NA	"Germany"	10.5621508953332	51.2109619613366
4	9	1717	"Germany"	10.3319257722298	51.2386978680335
4	8	1728	NA	8.64423148147337	49.252792335051
4	9	1688	NA	8.30845702966033	48.8145195923634
4	7	1751	NA	8.67001579946789	49.4721237279415
4	8	1736	NA	8.50645757325234	49.0864940405336
4	8	1755	NA	8.34433321698095	48.6852090166195
4	8	1688	NA	8.52248856141241	49.1388888066958
4	5	1812	NA	12.9351877403748	52.8914905423418
4	7	1733	"Germany"	10.3215911827134	51.1727074243129
4	10	1700	"Germany"	10.3452709916259	51.1202094088124
4	8	1739	NA	8.693869539955	49.0473100474046
4	7	1782	NA	8.60378361314666	49.0868771461683
4	7	1765	NA	8.52427915784999	49.0002666038475
4	6	1798	NA	8.57476082839232	49.2461438590469
4	7	1765	NA	8.66382145089667	49.2680533444121
4	6	1802	NA	8.69807946161553	49.0640445457587
4	9	1654	NA	8.70952515104376	49.2569433123325
4	8	1725	NA	8.52989295406461	49.0022193043611
4	9	1728	NA	11.4901559954764	48.8122856157507
4	7	1763	NA	8.62217264251199	49.4034149680615
4	6	1739	NA	8.5868042513521	49.1564935256937
2455	4	1811	NA	23.4927819259506	50.3581049581572
2455	2	1881	NA	23.4698445190432	50.3958400384185
2455	3	1885	NA	23.4165623986411	50.4214989923659
89	3	NA	"Germany"	10.4659320480724	51.1775834683756
2468	10	NA	NA	11.8038924228036	54.623825431898
2468	8	1688	NA	4.65856675164879	51.2177964664264
2468	10	1638	NA	11.0978604623249	54.908971196559
2468	10	1617	NA	9.43808024353754	55.2451888210046
2468	9	1641	NA	10.0713063372335	54.3785499066968
2468	8	1656	NA	4.53844134045664	51.1311983868491
2468	10	NA	NA	11.6829921673894	54.7259780921842
2474	2	1884	NA	19.4468490249617	51.6811953435596
122	3	1938	"Luxembourg"	6.23642860157224	49.8042310260773
122	6	1729	NA	12.2309790217292	47.5407268766006
6	7	1741	NA	7.79557999661544	47.4606837679707
6	10	1637	"Switzerland"	8.32744497110847	46.7929095543282
6	8	1714	"Switzerland"	8.3354603308988	46.8162893227071
6	9	1650	"Switzerland"	8.14048093521866	46.7781928670967
6	8	NA	"Switzerland"	8.10308110492407	46.7690393665763
2484	6	1782	NA	11.25937598709	50.6570865217192
2484	7	1750	NA	11.0579005875843	50.3733169525413
2484	6	1817	NA	11.291528589741	50.7006241185996
2484	6	1789	NA	11.2581914401169	50.333890182584
2484	10	1657	NA	8.53454142049352	49.4903485247903
2484	4	1837	NA	11.1408512131683	50.411062187801
2484	10	1690	NA	8.50385402589979	49.5102320957861
2484	5	1828	NA	11.1439791144086	50.3487133531435
2484	5	1829	NA	11.4575392112784	50.7143946928477
2484	6	1749	NA	11.081493125485	50.3323954256834
2490	6	1702	NA	7.95337442592061	49.0731805871096
2490	7	1722	"Germany"	10.4970638862463	51.2062753181672
2490	6	1713	"Berlin, Germany"	13.4560579370956	52.5807634945454
2490	10	1629	"Netherlands"	5.26658939869848	52.0709119452061
2490	7	1610	NA	5.03442103161549	49.6876990091648
2490	7	1707	NA	7.83883428943734	49.6261022629165
2490	5	1812	"Germany"	10.5116245704851	51.201847644886
2490	8	1715	NA	7.77564030710835	49.63318482031
2490	8	1707	NA	7.80624157555006	49.6830935414134
2490	8	1658	NA	4.42994634375146	52.2343063971116
2490	7	1728	"Germany"	10.5715219210337	51.1871020042577
2490	9	1586	NA	4.37270401072265	52.1769400729536
2485	5	NA	NA	8.78540578748982	49.8714245570867
2485	4	1837	"Germany"	10.3587546913033	51.2546005063175
2485	5	NA	NA	8.62082948008453	49.8171725876741
2485	4	1843	"Germany"	10.3201578304783	51.1574094292095
2502	2	1904	NA	23.0375541569302	52.041452785366
2502	4	1875	NA	23.0333486956381	51.9818026348997
2502	5	1847	NA	23.1552049184417	52.1329909564484
2502	6	1799	NA	22.1585810133523	52.4911510946473
2502	3	1858	NA	23.1131989814395	52.0397259655433
2502	3	1860	NA	23.0962574745693	52.0825856686009
2502	6	1819	NA	23.0659383615878	52.0943919750123
2502	3	1848	NA	23.0578893610897	52.081175211527
2502	4	1860	NA	23.1558903670741	51.9952275934536
2502	4	1870	NA	22.7851088222961	51.9658100738602
2502	2	1891	NA	20.457817113234	48.9636967939311
2502	4	1880	NA	23.0740244518503	52.1241568937817
2502	3	1866	NA	23.0651732093888	52.0375806787113
2502	4	1897	NA	23.2355577612984	52.0860200720697
2502	5	1836	NA	23.0583842836956	52.0262028623465
2502	4	1828	NA	23.1444473690097	52.004612872289
2502	2	1878	NA	23.2296906499658	52.0313373221031
2502	5	NA	NA	23.1376693798675	52.1080918380723
2502	4	NA	NA	23.2529365232909	51.9619332689604
2502	6	1802	NA	23.2246991054024	52.0054600191628
2502	5	1852	NA	23.1307299373183	52.1167166977709
2	8	NA	"Germany"	10.5493249096452	51.0854957828702
2	7	1701	"Germany"	10.3862118449259	51.1651736367471
2511	4	NA	"Poland"	19.2123444930532	51.9392714527014
2511	4	1815	NA	21.0697409226391	52.1455930388713
2511	1	NA	"Poland"	19.0946589935101	51.8776145624176
2511	3	1842	"Poland"	19.230125475597	51.8188137111048
2511	4	1848	NA	13.873194470192	51.9117251205484
2511	2	1876	NA	21.0616104295971	52.2784726378079
2511	3	1845	NA	20.9736664849797	52.3071089906376
2511	5	NA	"Poland"	19.1836001865176	51.8586029644628
2511	2	1865	NA	20.9542382192456	52.1999436790889
2516	2	1865	NA	21.5763246752326	49.9301783570131
2516	4	1801	NA	16.7304743816731	53.4925451298116
2516	5	1792	"Poland"	19.0692833828392	51.9165253551072
2516	2	1862	NA	22.2959128584758	50.0173047095793
2516	5	1787	"Poland"	19.0728291109497	51.8880951709098
2516	5	1773	"Germany"	10.4431733031306	51.1765428076987
2516	4	1796	NA	21.4390847431213	49.8290982976585
2516	5	1748	"Germany"	10.4487581531709	51.1673507472854
2516	5	NA	"Poland"	19.2220316828231	51.8959131665543
2516	5	1779	"Poland"	19.152567948844	51.9223490203875
2516	6	1765	"Poland"	19.2378015813384	51.9130447972135
2516	5	1821	"Germany"	10.380015164317	51.082218819445
2516	5	1829	"Poland"	19.2154654087868	51.8231081751885
2516	4	1834	"Poland"	19.1599829269538	51.8505587517737
2516	3	1820	NA	22.2256757230311	50.0220659565244
2516	3	1849	NA	16.782671013761	53.5700092277383
2516	4	1788	"Poland"	19.1845250413528	51.8456992361748
2516	2	1880	NA	12.0514806029814	52.3299216210957
2516	4	1797	"Germany"	10.5488030137548	51.1362291155318
2516	6	1719	"Poland"	19.0575865197819	51.947373954764
2516	4	NA	NA	16.7842827201327	53.4993252926405
2516	5	1812	"Poland"	19.2330541328303	51.939527179519
2516	3	1848	NA	22.1188929102356	49.977934621195
2516	5	1816	"Germany"	10.5828062471853	51.2024520606131
2516	3	1862	NA	16.7504615885319	53.5495891222147
2516	4	1808	NA	21.6321757621459	49.7757191173106
2516	6	1773	"Poland"	19.2042194036443	51.8579506318234
2516	2	1902	NA	16.9035326652348	53.4642264841111
2516	6	1781	"Germany"	10.4241421073737	51.1496561384697
2516	5	1790	"Germany"	10.4793026275408	51.1045207004359
2516	3	1847	NA	21.5749908653907	49.7560807019733
2516	4	1786	"Poland"	19.1567559699652	51.9411816923125
2516	5	1780	"Poland"	19.0499835817665	52.0270596422966
2516	4	1807	"Poland"	19.2215107383151	51.9619707334251
2516	4	1819	"Poland"	19.0367680769645	51.8623327638414
2516	4	1839	NA	14.5718515812841	51.0775185037852
2516	3	1827	NA	14.6230800289032	51.1582466202822
2516	5	1765	"Poland"	19.0134433827481	51.9106321082779
2516	4	1821	NA	22.4060676865154	50.1131264912491
2516	6	1756	"Poland"	19.0599696883494	51.9799982668459
2516	3	1864	NA	10.0817408373713	52.4694537762066
2515	3	1825	"Germany"	10.4045923847822	51.1910031817778
2515	3	1809	"Germany"	10.4945574196606	51.1371761352892
2515	4	NA	"Germany"	10.4562264774811	51.1668346331777
2515	3	1862	"Germany"	10.5739719154745	51.1944689988985
2515	4	1820	NA	7.26883934656215	52.5203641675984
2515	4	1850	NA	6.81957263747324	51.7691861438705
2522	4	1799	"Baden-Württemberg, Germany"	9.39795687229536	48.6877911092731
2522	8	1690	NA	8.15665064517202	50.6614310108199
2522	6	1726	"Germany"	10.5796466601948	51.1255859502073
2522	6	1723	NA	7.72934682348362	47.3821322243944
2522	4	NA	"Germany"	10.5818122439015	51.1314087197947
2522	6	1761	NA	7.83543425876128	47.4844974798644
2522	7	1680	NA	7.79088155785036	47.4929154820767
2522	7	1671	"Germany"	10.3433585876503	51.106391162434
2522	8	NA	"Germany"	10.3679884728244	51.1751689036163
2522	8	1716	NA	11.510734984815	48.8621253678872
2522	6	1717	NA	8.86680241960987	50.1892543977351
2522	7	1700	"Switzerland"	8.20708459510734	46.7761639243559
2522	7	1676	NA	7.81562898684129	47.4555899345787
2522	7	1707	NA	7.75844073524149	47.3649645254701
2522	6	1732	NA	7.95050844973592	49.9941308514757
2522	5	1757	"Switzerland"	8.18090060167406	46.76789751885
2533	10	1711	"Germany"	10.327904404992	51.1646139318198
2533	10	1704	NA	8.35165213866526	47.2618817901716
2533	7	1724	"Baden-Württemberg, Germany"	9.28050519137756	48.715082012527
2533	10	1660	NA	5.30953814751031	51.8525979236328
2533	10	NA	"Switzerland"	8.13672819533861	46.8031859137391
2533	10	NA	NA	8.41976733997642	47.2266244730196
2533	9	NA	"Switzerland"	8.33152748757639	46.8747573778574
2533	9	1700	NA	8.57563747748358	47.4395711304303
2533	10	NA	NA	7.43356456526286	46.5275434677746
2533	10	1691	NA	7.71493196924613	46.9377688130869
111	6	NA	NA	5.72773017233292	50.8537625413218
111	10	NA	NA	5.62480920706474	50.8241146174445
111	9	1651	NA	5.97932757301938	50.7859880080427
111	10	NA	NA	5.55804579440253	50.78845748895
111	5	1791	NA	5.63288338261046	50.8691463859836
111	5	NA	NA	5.6588911470326	50.8723459948891
111	6	NA	NA	5.6756829573823	50.9003065370932
111	7	NA	NA	5.72291575165446	50.8204808440501
111	10	NA	NA	5.75434888226298	50.7329731199549
111	7	NA	NA	5.69781786963421	50.8529049066955
111	4	1825	NA	5.61281156062516	50.8370557911522
111	5	NA	NA	5.57044120840867	50.7769541260814
111	3	1837	NA	6.00247987474338	50.8297274754375
111	6	1761	NA	5.59819261709449	50.7752186562903
111	9	NA	NA	5.89798977321124	50.8846463442283
111	4	1820	NA	5.68080562182791	50.9063399692617
111	2	1869	NA	5.28241851640268	51.5961372372353
111	6	1721	NA	5.97280333002231	51.7144452936247
111	4	1825	NA	6.05630976805801	50.8350175977661
111	4	1798	NA	5.77436924192118	51.8066149533623
111	10	NA	NA	6.00114123465149	50.7969399889928
111	7	NA	NA	5.54087868347038	50.8253875920148
111	3	1867	NA	5.79913023701349	50.7611419719312
111	4	1802	NA	5.81589483943145	50.9218742038384
111	5	1787	NA	5.59147048208441	50.7799271175769
111	2	1847	NA	5.66560668625698	50.9423658020077
111	10	NA	NA	5.60644278097074	50.7404092856773
111	2	1861	NA	5.61824365932887	50.8702432775911
111	3	1845	NA	5.7915659496976	50.8926440389051
111	1	1875	NA	5.81472270875793	50.8332922624458
111	6	NA	NA	5.82791718319824	50.9366939101947
111	6	NA	NA	5.60216661101707	50.8535580415842
111	3	1868	NA	5.61257406597791	50.9347956066702
111	4	1830	NA	6.11236702760763	50.9276175681411
111	10	NA	NA	5.86796967054575	50.9133933553225
111	8	NA	NA	5.77809826045304	50.7853928493505
111	6	NA	NA	5.83104339750222	50.8833796794698
111	7	NA	NA	5.95479190393386	51.8891395974359
111	8	NA	NA	6.10436507974864	50.8189233793272
111	4	1817	NA	5.78746679509326	50.9116923837071
111	3	1823	NA	5.81899970815227	51.6771291336791
111	5	1803	NA	5.78988407052558	50.9256363651593
111	7	NA	NA	5.76510274377454	50.8998933798531
111	10	NA	NA	6.11640376854645	50.9284568805727
111	6	NA	NA	5.80204178993144	50.8113690077018
111	10	NA	NA	5.69458667606201	50.7479231554614
111	10	NA	NA	5.98795546923833	50.8968962479723
111	9	NA	NA	5.64171863463816	50.8477439516442
111	2	1850	NA	5.63323582091657	50.838183899557
111	5	NA	NA	6.13585437953151	51.2200702523354
111	10	NA	NA	5.74351698945173	50.7991203557843
111	1	1902	NA	5.58409929896512	50.7956561205314
111	10	NA	NA	5.67533529766372	50.7753388135837
111	5	1735	NA	5.50266470400302	51.6590587245618
111	6	NA	NA	5.56206160461526	50.8729724125448
111	10	NA	NA	5.85351847722085	50.8922401479059
111	6	NA	NA	4.27579803662242	51.0705813477565
111	6	NA	NA	5.77114243263976	50.8981880668541
111	6	NA	NA	4.21589202802839	52.0574878228357
111	6	1740	NA	5.55310491419344	50.739062464769
111	6	NA	NA	5.68747790653458	50.8130797285906
111	7	NA	NA	6.00687193544036	51.8135617153942
111	3	1846	NA	5.74568016885313	50.8551935214209
111	4	1829	NA	5.6053230769583	50.8353657176462
111	10	NA	NA	5.66580012320019	50.8858961008307
111	7	NA	NA	5.6625744135894	50.8009959729041
111	6	1744	NA	5.97313314526811	51.8991521018503
111	9	NA	NA	5.6858856666907	50.8631435045353
111	3	1801	NA	5.75262050058887	50.7934143878645
111	9	NA	NA	5.62071030559345	50.798248035796
111	6	NA	NA	5.59329867854553	50.9007534071241
111	5	NA	"Limburg, Netherlands"	6.10398724196517	51.4243415840715
111	3	1857	NA	5.77731445068524	50.8160024154114
2011	4	NA	"Germany"	10.5674223162004	51.1669029921296
2011	5	1762	NA	10.9395260243412	50.2401881787156
2011	8	NA	NA	11.1465894608595	50.2647356077862
2011	5	1789	NA	10.5154691310925	50.706660885758
2011	6	1750	NA	11.1091948620727	50.1922102771419
2011	7	1677	NA	11.1522630656164	50.219423343812
2011	6	1739	NA	11.1076046255236	50.1871182981059
2011	5	1808	NA	11.1335904126168	50.201802422447
2011	7	NA	NA	11.233975645982	50.3049666112528
2011	4	1813	NA	11.027720819489	50.198428138366
2011	8	1698	NA	11.0304888058055	50.3663953208688
2011	8	1659	NA	10.9903552503298	50.1919121080436
2011	6	1767	NA	11.0857607439309	50.1775696929833
2011	5	1805	NA	10.9433388466835	50.1702237809954
2011	4	NA	NA	11.5800977101023	50.5606028389548
2011	4	1789	NA	11.1575483062519	50.2625998139392
2011	8	1625	NA	10.9523780349155	50.2796079686765
2011	6	NA	NA	11.0020064239565	50.2778199293014
2011	6	1759	NA	11.1092828530536	50.2943475789986
114	7	1793	NA	-1.8836378548574	48.4986412373856
114	10	1599	NA	8.49614742499984	47.4112277119
114	8	1703	NA	8.46745895750696	47.4221905237606
114	10	1580	NA	4.91270286931312	45.3391093817428
114	10	1603	NA	4.75748059895317	45.2688498586203
114	10	1657	NA	1.0374470538787	49.5125054241586
114	7	1752	NA	5.71421811108136	45.3266321889483
114	9	1636	NA	8.38673507269839	47.2902647563944
114	9	1627	NA	-1.2139940953037	46.1048993703732
114	9	1702	NA	2.3487427795509	48.8032750378888
114	10	1665	NA	8.42529551283795	47.3700166084639
114	5	1790	NA	14.1424650919162	51.4773038123603
114	9	1609	NA	-0.628927118511152	47.5144656056194
114	10	1659	NA	7.35766293049298	48.2754174846301
114	10	1661	NA	8.32237760183559	49.9848415956632
114	10	1651	NA	0.523534126037344	48.6152738885323
114	4	1832	NA	14.3569840383422	51.3676144896803
114	10	1598	NA	2.42950674151017	48.8069043127013
114	5	1829	"Germany"	10.3343907140587	51.2597584978992
114	9	1705	NA	8.33486179651728	50.0158307486449
114	8	1689	NA	2.62192368816957	45.9112284300571
114	9	1724	NA	2.38642697562318	48.8750728581976
114	7	1760	"France"	2.31011446870487	46.1473563847415
114	8	1701	NA	0.399141551717523	47.3590525263526
114	9	1703	NA	8.00327169732206	47.3056617853658
114	7	1710	"France"	2.257639329255	46.2346024454063
114	10	1619	NA	4.87917931767347	45.4238505776105
114	10	1603	NA	-1.51969316469	48.267857989133
114	8	1688	NA	8.87944542378937	49.2970543005874
114	8	1684	"Baden-Württemberg, Germany"	9.41058729715746	48.6387620992484
114	10	1646	NA	2.32485056867761	48.9519676989334
114	10	1583	NA	1.15424573309654	49.4739222775533
114	10	1645	NA	-4.54297849059028	48.4426773903057
114	10	1689	NA	1.22115532677125	49.4864371088997
114	8	NA	NA	8.98474805521683	48.825887172788
114	10	1591	NA	2.24061205801173	43.1503157934204
114	9	1659	NA	10.1656525578413	47.7692486161787
114	9	1748	NA	9.1194956644824	48.5983656589907
114	7	1784	NA	-1.68604631997091	49.5542216450459
114	10	1616	NA	2.27097602980621	43.2614614172766
114	9	1649	NA	0.612576583738124	47.3896740609651
114	10	1629	NA	0.0599219751040775	49.548484783282
114	10	1647	NA	8.51985879589264	47.4311457817604
114	10	1655	NA	8.8608907667035	47.3318966105985
114	9	1672	NA	2.37656575836712	48.9260243974093
114	9	1708	NA	2.46425330306056	49.004622642764
114	10	1652	NA	4.95694780973245	45.370579765883
114	6	1827	NA	14.5697745660782	51.217895623363
114	10	1632	NA	1.02008169059798	49.3856971659362
114	9	1658	NA	8.9962239946188	49.36334428061
114	10	1666	"Austria"	14.6175313236929	47.4691012260677
114	10	1667	NA	9.35895894853605	49.4024700349807
114	10	1686	NA	0.240744717702802	47.9439994829278
114	10	1656	NA	2.4612340525615	47.0179111677991
114	9	1703	NA	8.3957268433715	47.3892955225706
114	10	1641	NA	8.50277999174411	47.4008113977239
114	9	1689	"Baden-Württemberg, Germany"	9.34710970219389	48.6884776986254
114	10	1620	NA	4.79395080240154	45.285978717959
114	8	1672	NA	5.62390468370157	46.864694661558
114	10	NA	NA	2.27905334480508	48.8513637020911
114	9	1770	NA	8.87451184324073	48.7247594704787
114	10	NA	NA	2.40071656727054	48.8387606439146
114	10	1644	NA	2.96975459955813	47.2944027218762
114	10	1630	NA	2.38168167116027	48.9399171781133
114	10	1596	NA	2.55199181831716	45.3408903942118
114	3	1846	"Germany"	10.3729118903077	51.1737326845886
114	10	1649	NA	2.98336962002368	47.231410689746
114	10	NA	NA	9.31760876415276	49.3431159176347
114	8	1719	NA	9.37213158500674	48.7451938852535
114	10	1644	NA	2.58316528737332	46.0148427287884
114	7	1695	NA	8.79987135564631	49.0859159070698
114	9	1683	NA	8.94016998535584	49.1440388071963
114	10	1663	NA	0.181673711557722	44.3758033271982
114	10	1633	NA	4.90652080103532	45.2573109269078
114	10	1637	NA	8.43757439950697	47.3487282572834
114	9	1644	NA	8.19078005942923	48.6710148675872
114	9	1678	"France"	2.14430295413794	46.1499776705645
114	10	1711	NA	8.92288676454433	48.630376768939
114	9	1650	NA	2.46021550159841	48.8296516892008
114	8	1795	NA	8.93072308466925	48.7630118210894
114	7	1718	NA	2.76579698519526	45.8861251917572
114	8	1689	NA	8.12258956671352	49.5361536194887
114	9	1662	NA	9.50220777318362	54.6118820604895
114	9	1669	NA	2.32288225282373	48.9146620830647
114	10	1635	NA	7.27137894919466	47.6813884962565
114	5	NA	"Germany"	10.4647169680545	51.1089023736531
114	9	1749	NA	9.01255199680129	48.8318091429656
114	9	1703	NA	2.29605611202679	48.8050127985512
114	6	1810	NA	14.3789137112475	51.5703645586548
114	8	1740	NA	3.26826685659228	47.2115447651588
114	10	1663	NA	8.47332160853461	47.2715440751176
114	9	1643	NA	9.20741471293934	49.5122345141196
114	9	1649	NA	0.631426282290399	48.5730565489438
114	10	1601	NA	7.25671224789679	43.6906744699949
114	10	1903	NA	2.26305787910687	48.8649889489771
114	10	1593	NA	0.664677924558127	48.501830621708
114	9	1646	NA	2.33824190861587	43.2552588311085
114	9	1700	NA	2.38522928099457	48.8363944393476
114	9	1776	NA	9.03057276114374	48.6529728618737
114	9	1662	NA	4.77791584798023	45.3946887249092
114	10	1616	"France"	2.16107870929226	46.2458561088866
114	8	1740	NA	9.04838164408482	49.1954220616081
114	9	1685	NA	8.80513799869353	49.225481510049
114	8	1745	"France"	2.12907787441455	46.1509964233965
114	10	1600	NA	8.60392446108497	47.3878908724986
114	10	1634	NA	0.135944021304215	45.7760061710909
114	9	1678	NA	2.474680994316	48.8943434079136
114	9	1735	NA	7.94640364598515	49.4705166861056
114	8	1807	NA	9.16338347866886	48.9999377630452
114	10	1670	NA	0.0467207550639048	49.4962488279484
114	9	1647	NA	8.57783410708084	47.2292269012541
114	10	1641	NA	12.9758698385369	47.8326419130056
114	9	1682	NA	8.21161107423922	49.5577905413451
114	10	1681	NA	2.50331258350002	46.9373186748134
114	8	1728	NA	2.22205805321297	48.8731949618374
114	9	1692	NA	8.1237234092294	49.6305423972465
114	10	NA	NA	2.27861593685667	48.8379202873678
114	6	1752	NA	0.10725206693741	43.1627536912771
114	9	1691	NA	9.33919179587441	48.7160187932542
114	10	1590	NA	-1.73529261306386	47.9562908901871
114	9	1664	NA	0.332289185417444	47.2407225994828
114	9	1715	NA	-1.65581128681402	47.176072677351
114	10	1639	NA	8.28771421762709	48.6995713879167
114	8	1740	NA	8.11799395353174	47.4231599770093
114	9	1708	NA	2.28382392203118	48.7673350994407
114	10	1613	NA	2.55019918694723	45.208935500963
114	9	1683	NA	2.29102388146076	48.8562071049426
2014	4	1792	NA	11.24018994737	49.3115174612185
2014	3	1848	NA	11.3089200529675	49.4190782556192
2026	4	1879	NA	21.1687990604055	51.9760699429691
2026	5	NA	"Poland"	19.220110924585	52.002227500603
2026	5	1849	"Germany"	10.4600478844819	51.1275846920787
2026	4	1847	"Switzerland"	8.25679711578129	46.7542231903705
2026	5	1807	"Switzerland"	8.33329051863816	46.817692647072
2557	3	1852	"Poland"	19.2213622934861	51.8738280133599
2557	3	1858	NA	18.2033702761129	54.280744857363
2557	4	NA	"Poland"	19.1288615573285	51.9723514070683
2557	3	1846	"Poland"	19.0616269252016	52.0098868214943
2557	3	1857	"Poland"	19.2668783022461	51.9147550483708
2557	3	1846	"Poland"	19.2712590576661	51.9481056550187
2557	3	1842	"Poland"	19.0975275880569	52.0075799081074
2557	4	NA	"Poland"	19.0730490373962	51.8612944536859
2557	3	1848	"Poland"	19.2435946480119	51.9619194797599
2557	3	1875	"Poland"	18.9947214240503	51.8490393408635
115	3	1827	"Germany"	10.5008841874312	51.0774516865532
115	3	1828	"Germany"	10.4415830162536	51.0901527175368
2565	2	1891	NA	19.7691071929697	52.3473463723886
2565	3	1848	NA	21.0279312741074	49.958893788346
2565	3	1867	NA	19.432927020685	53.0821977593733
2565	2	1889	NA	21.2204741099398	49.8854510509676
2565	3	1877	NA	19.3492816206381	53.1563976970396
2565	2	1885	NA	19.5170857010435	52.9736947144639
2565	3	1828	NA	19.6407263303392	53.1095913586043
2565	3	1832	NA	19.4532168757077	53.0630114577989
2565	1	1895	NA	19.4519358512142	53.2290703216308
2565	3	1885	NA	19.6810023266655	52.4685824108884
2565	3	1861	NA	19.2939246234965	53.0362906517076
2565	1	1917	NA	19.3524552607496	53.0909415485979
2565	0	1936	NA	19.3210104822293	53.1228216140789
2565	2	1887	NA	19.2944992911083	53.0162037911485
2552	3	1860	"Mecklenburg-Vorpommern, Germany"	12.3233532086926	53.689698831398
2552	4	1824	NA	14.9480249024766	54.067277555184
2552	10	NA	"Netherlands"	5.29832646789226	52.2042237602781
2552	5	1773	NA	11.2269940210219	53.6373161215012
2552	4	1848	"Mecklenburg-Vorpommern, Germany"	12.2895761903041	53.6194162822583
2552	5	1816	NA	13.5528470726565	53.6725119967214
2552	4	1788	"Mecklenburg-Vorpommern, Germany"	12.3112819979942	53.5301853123892
10	5	1804	NA	13.4479882721561	52.4276916524827
10	5	1799	NA	9.11009414001413	49.8146088262895
10	6	1714	NA	9.30640021890828	49.7596996494424
10	7	1720	NA	9.18408257224398	49.820284626553
10	5	1788	NA	9.10764258718563	49.7837942935444
10	5	NA	NA	8.19207007124865	47.9913943427548
10	4	1825	NA	9.09611287705493	49.8257812831551
10	7	1686	NA	9.23709855226529	49.7526127814255
10	4	1801	NA	9.16986276473869	49.6928105191732
10	5	1755	NA	9.26035919226048	49.7598378898532
10	6	1744	"Germany"	10.4545709340494	51.0760733988794
10	4	1869	NA	13.3474166402862	52.506483958602
10	4	1837	NA	13.3449903504184	52.4630249952291
10	5	1849	NA	13.4098916585482	52.5428862907829
10	6	1781	NA	9.22684206169901	49.8048950329181
2581	8	1662	"France"	2.23785090670004	46.1868789712774
2581	9	1687	"Germany"	10.5606054306213	51.1581414557328
2581	9	1708	"Germany"	10.3449303946643	51.2012490171894
2581	8	1754	NA	7.74569375803167	49.4969355044113
11	10	NA	"Switzerland"	8.2382431047707	46.8661779406132
11	10	1665	NA	8.50510212876645	47.2847981107053
11	8	1747	"Baden-Württemberg, Germany"	9.44778388327078	48.6225667819669
2560	10	1632	"Belgium"	4.34561452250227	50.5657812590218
2560	10	1607	"Germany"	10.560707378018	51.1904890179645
2560	9	1647	"Belgium"	4.48173317309186	50.431561498157
117	9	NA	NA	2.41770892827645	48.9298685435419
117	9	NA	NA	3.93119429354644	45.3503940771579
117	10	NA	NA	-0.380248306535846	47.6660295771948
117	10	NA	NA	1.0095169010215	49.4764325558021
117	9	1615	NA	-1.09403746136949	46.0852207609999
117	10	1586	NA	1.07533618769178	49.460006746999
117	7	NA	"France"	2.32349224157431	46.2697989819993
117	9	NA	NA	-1.05894076735796	46.4882635309274
117	10	1577	NA	-0.497980353139446	45.9597182002943
117	9	NA	NA	0.309534951286163	46.5967738138916
117	9	1608	NA	-1.20983186473671	46.587782249315
117	9	1592	NA	-1.10904318007544	46.1434362632564
117	9	NA	NA	-1.26278464035981	46.1937105979784
117	6	NA	NA	1.41065972186035	48.3692623174286
117	10	NA	NA	-0.177149108691956	46.8386122556845
117	10	NA	NA	-1.23164561715174	46.1771765108642
117	8	NA	NA	5.97788513091529	45.5412903536333
117	8	NA	NA	2.24900366848963	48.9247125929351
117	9	NA	NA	1.01320341196604	49.4249538690909
117	9	NA	NA	-1.02193991873622	46.1977198162399
117	9	NA	"France"	2.09769654196834	46.2391187104052
117	10	NA	NA	-1.25573870014305	46.165331714664
117	10	NA	NA	2.44226005650458	48.9031085080133
117	10	NA	NA	-1.26018367771407	46.1366099162019
117	9	1605	NA	2.33909309808723	48.9439053212589
117	9	1618	NA	-0.314188591317219	45.9371212416766
117	10	NA	NA	-0.250814011460676	47.6816783906264
117	9	NA	NA	3.7465767803692	45.429899540533
117	9	NA	NA	-1.17005766679848	46.1653632920668
117	10	1586	NA	-0.628741782621643	45.9853807577352
117	10	NA	NA	2.38976217249824	48.7875052310598
117	8	1618	NA	0.708528857418193	49.5338803840448
117	9	1590	NA	-0.683346906070567	46.5041891904813
117	10	1607	NA	0.48887599519194	48.1342599185894
117	6	NA	NA	5.51258842165537	49.1581806741663
117	8	NA	NA	-0.551848787812334	44.8563141651768
117	8	NA	NA	-0.700433155454425	46.5461205695147
117	10	1543	"France"	2.18859107026478	46.2390732655865
117	10	NA	NA	-0.175999288639752	46.8807020532113
117	8	1616	NA	-1.21329947240739	46.1403411797377
117	7	NA	NA	6.01034307494156	45.5496635797624
117	10	NA	NA	-0.748180026886468	46.0320223408369
117	10	NA	NA	-1.14774881144562	46.4552739042654
117	7	1634	NA	-1.04844225289544	46.1053254149647
117	7	NA	NA	6.29424263958837	49.2901902355683
117	8	1642	NA	-1.1211265283322	46.1935856574754
117	8	NA	NA	-0.622168245038992	44.763404859019
117	9	NA	NA	-1.09987967798997	46.1287652756488
117	9	1645	"France"	2.21528821699978	46.2666991407334
117	8	NA	NA	-1.11059671101069	46.2187372277362
117	9	1612	NA	-1.24660025750757	46.6996088898764
117	8	NA	NA	2.18128566406772	46.261835780663
117	10	NA	NA	3.28681824062316	49.4446501259931
117	9	NA	NA	0.98029069515398	49.4537386703075
117	9	1611	NA	2.87107330771275	48.8792877913262
117	8	1635	NA	2.4005474122546	48.93026661985
117	9	NA	NA	2.46195330246754	48.8779353290245
117	8	NA	NA	3.77500659708301	44.9682108444477
117	9	NA	NA	-1.18872991368434	46.1821213209299
117	8	NA	NA	6.04685554683175	45.622393731946
117	8	NA	NA	0.992133133763512	49.3567233125723
117	7	NA	NA	1.18201760984733	49.9837776377324
117	10	NA	NA	1.89601545397035	47.8515549602921
117	9	NA	NA	-0.0590876287747317	49.159179167948
117	7	NA	NA	5.36887274310725	49.0963499990754
117	7	NA	NA	3.94998515131813	45.097760157458
117	8	1602	NA	1.13124130511403	50.0083813373384
117	8	NA	NA	1.09038513600057	49.924678046431
117	8	NA	NA	-1.60792641885726	48.0560131265226
117	8	1629	NA	-0.0945968613990546	49.0757681233822
117	9	NA	NA	-0.131348264557746	46.9024132170426
117	7	1620	NA	0.977970410566785	49.5290016545037
117	9	1577	NA	-0.051355525231829	49.2082271100363
117	8	1647	NA	-1.13384059981202	46.7872418205739
117	9	1564	NA	-0.829007328521817	46.0737837139335
117	10	1625	NA	2.3202704971463	48.7917716375878
117	7	NA	NA	0.461773661913852	48.6503803139791
117	7	NA	NA	7.16636217741531	43.490693568888
117	8	NA	NA	-1.23211105898857	46.1252391071766
117	9	1604	NA	-1.23677353450548	46.1023528977615
117	9	NA	NA	2.40175394829012	48.8222401292281
117	7	1625	NA	1.15037392264926	49.3607135281822
117	7	NA	NA	-0.633417988137883	44.7519009648752
117	7	NA	NA	1.89454434446623	48.3882903717983
117	9	NA	NA	-1.76696663328109	48.0666008039341
117	8	NA	NA	2.36317171331558	48.8593889050438
117	9	1667	NA	2.01112729791249	47.8894404286183
117	9	NA	NA	2.2218973716409	48.8514131565852
117	7	1644	NA	1.17679297603088	48.1445802089755
117	10	NA	NA	1.87417559382505	47.9656472244762
117	9	NA	NA	2.35381063352326	48.7716157254599
117	8	1603	NA	1.03475031613061	49.5130239996847
117	8	1593	NA	1.17429434647154	49.3830370154125
117	7	NA	NA	5.32615523934787	49.2247621776172
117	10	NA	NA	2.26506065272641	48.8190448248104
117	10	NA	NA	4.97463012779958	45.2730738985227
117	9	NA	"Île-de-France, France"	2.59634473350487	48.9211123985619
117	8	NA	NA	0.535740945204562	48.6592461256547
117	8	NA	NA	1.06778440110086	49.4596413395176
117	8	NA	"France"	2.23144104462844	46.2722836024197
117	8	NA	NA	3.8051919937749	45.419077841067
117	10	NA	NA	2.30402893038434	48.8678900372053
117	8	1646	NA	0.943560381046678	49.8444358142197
117	9	NA	NA	-0.49352213028521	47.5032565571747
117	10	NA	NA	-1.11005456044945	46.1696932896754
117	9	1611	NA	-0.57416431333099	46.0301451975154
117	10	NA	NA	1.04342551317286	49.5227491710203
117	9	NA	"Île-de-France, France"	2.65927995580234	48.8827564836253
117	10	NA	NA	0.459599730590738	48.3371524086424
117	9	1618	NA	-1.24733524650753	46.5970379021539
117	4	1774	NA	9.98469957560841	51.5449151953947
117	7	NA	NA	7.09909238273506	43.5119224997073
117	8	1640	NA	2.46400673322593	48.8281597693846
117	7	1637	NA	0.968238291863764	49.4252477479897
117	10	NA	NA	-1.14521705491437	46.37483807386
117	10	NA	NA	2.94716912257735	48.9340591809277
117	9	NA	NA	-0.166239307505929	49.0667129702481
2564	5	1738	NA	6.2938268210973	49.9270764369796
2564	10	1648	NA	8.09557632031952	49.500242256559
2564	4	1762	NA	6.44126153013649	49.4325195875768
2564	6	NA	"France"	2.12793281889979	46.2738888199724
2564	7	NA	NA	6.31291272785218	49.8498186079113
2564	6	NA	NA	6.42415894917445	50.0078860966658
2564	6	NA	NA	6.54496293843356	49.4978325036617
2564	4	NA	"Germany"	10.4413673746754	51.0937877016299
2564	8	1657	NA	6.59624471684195	49.3896996011207
2564	7	1687	NA	6.7218241931516	49.4942620543225
2564	5	1738	NA	6.58552830225555	49.3494013747401
2564	4	NA	NA	6.67454835576301	49.4372500754639
2564	7	1739	NA	7.2441616414936	48.6545986721169
2564	10	NA	"Germany"	10.510898043923	51.2094426397464
2564	9	NA	NA	6.5912759019254	49.3989627493412
2564	6	1766	NA	10.5950081174198	50.950442106153
2564	8	1650	NA	6.51485466821018	49.5421879717411
2564	5	1817	"Germany"	10.3589837629641	51.1370486655516
2564	7	1775	NA	6.95953641562702	50.4253352773443
2564	6	NA	"France"	2.16665657239284	46.2486093065796
2564	8	1737	NA	7.04481929864621	50.3140660436435
2564	3	NA	"France"	2.30430341972045	46.2580305617265
2564	9	1681	NA	7.32891512372955	49.4695270415223
2564	10	1663	NA	7.23431424148457	49.4109754674831
2564	6	1772	NA	7.34732897433996	48.7725208918827
2564	7	1734	NA	13.1202096724517	51.1461771747066
2564	5	1820	"Hamburg, Germany"	9.98538041555686	53.4908836779281
2564	8	1733	NA	6.88548206620974	50.2881778841198
2564	4	NA	"Germany"	10.3708533122606	51.1738575849791
2564	10	1586	NA	6.53599373226087	49.5142675085365
2564	7	NA	NA	6.65542058578776	49.5304887659312
2564	9	1623	NA	6.53410527662898	49.5465673195999
2564	9	1699	NA	7.25544755832168	49.4479083145979
2564	7	1730	NA	6.99904002388781	50.3721969088594
2564	6	1748	NA	7.24493249103279	48.7217766024561
2580	3	1831	"Germany"	10.4907127220595	51.1904053537299
2580	4	NA	NA	8.38276791645739	47.4056587960897
2580	4	NA	NA	8.20400865822161	47.5160390405114
2576	5	1874	NA	7.70064493397097	51.9217134380079
2576	4	1875	NA	7.47058552249359	51.8602700221164
2576	5	1798	NA	7.3788546658203	51.8430904936558
2576	6	1819	NA	7.56869113073197	51.8391405032554
2576	4	1833	NA	8.47695403492389	51.72861707297
2576	5	1866	NA	7.34912324959582	51.7200891632475
2576	5	1842	NA	7.25674728021502	50.3333553984515
2576	4	1869	NA	8.57008451004353	51.8494269028741
2576	6	1836	NA	7.58686934129178	51.8255630963128
2576	5	1797	NA	8.47677758689595	51.8064053196461
2576	5	1857	NA	7.24343353700919	51.8761923716668
2590	1	1937	NA	7.20003539010401	51.1062620297724
2590	1	1894	NA	7.13769125096531	50.9814316627107
120	3	1883	"Mecklenburg-Vorpommern, Germany"	12.3566884863088	53.649362567014
120	4	1847	"Mecklenburg-Vorpommern, Germany"	12.5401894144814	53.692247532578
120	4	1833	NA	14.9022796420947	53.9159012436219
120	5	1774	NA	14.3651721905505	53.4742375000145
120	4	1798	"Mecklenburg-Vorpommern, Germany"	12.5536761340994	53.6555919270272
120	4	1811	NA	13.9746939449948	53.9760859231102
119	8	1740	NA	9.42721883120944	49.7025454708518
119	10	1624	NA	3.9297046569077	49.3917235484194
119	10	1630	NA	8.55163575849082	49.4388179215398
119	9	1631	NA	8.48840805954794	49.4982679221927
119	7	1707	NA	7.41924863330554	48.5927481815551
119	8	1672	NA	7.34071872821072	48.4132319741743
119	7	1674	NA	7.31527127321265	48.3595039434569
2610	2	1889	NA	4.40341003605287	52.0141165203069
2610	1	1915	NA	5.02982538153888	52.2538041601772
2610	3	1843	NA	4.61829551819734	51.9958780089836
2610	3	1817	NA	4.37319551024426	51.986997950095
2610	1	1893	NA	5.10323033959575	52.1814969952326
2610	2	1907	NA	5.02885745967866	52.3061407821471
2610	0	1959	NA	5.02816901916732	52.2104185853116
2610	2	1856	NA	4.79376832367374	52.2865643649494
2610	2	1906	NA	5.5185261395896	51.9401624606165
127	3	1877	"Germany"	10.5084594244445	51.1916674039935
127	4	1828	"Germany"	10.5429120935552	51.1518584793949
127	4	1861	"Germany"	10.5511907460717	51.1978604975365
2622	10	1667	NA	8.14882682798223	49.1374292791119
2622	7	1735	NA	9.90525257081128	47.3977918939538
2622	6	NA	NA	8.24017902268084	48.7719336389536
2622	6	1763	NA	7.98715110602477	48.4780595170311
2622	6	1760	NA	8.18954391977945	48.5165223229743
2622	7	1776	NA	8.03843098733935	48.6089481579173
2622	5	1787	"Baden-Württemberg, Germany"	9.40370339788297	48.5741801932396
2622	10	1670	NA	12.6232137621635	51.1481200788336
2622	7	1786	"Germany"	10.5563847177204	51.0834043105675
2622	5	1823	NA	8.18285126232789	48.4484095296095
2622	7	1763	"Germany"	10.467485835025	51.1519175904707
3023	10	1649	NA	-1.42067116186584	48.9430654446091
3023	10	1657	NA	5.07444426766792	51.8602425216474
3023	9	1678	"France"	2.1985284453971	46.138210826455
3023	10	1673	NA	3.58298975202913	51.5645711268813
3023	10	1671	NA	1.71682920378918	50.6069948730121
3023	10	1642	NA	3.48112782976146	51.5005802861159
3023	3	NA	NA	16.3683955545976	48.1425079019396
3023	10	1634	NA	5.07270284771339	51.3879676877684
3023	10	1665	NA	18.6149716893851	54.4496972297197
3023	10	1651	NA	5.02575911163102	52.2879486085916
20	8	1711	NA	8.89993257459598	51.0707130475774
20	7	1716	NA	8.20512672803897	49.510045999885
20	7	1724	NA	8.44536422286358	49.5047131410266
20	9	1676	NA	8.82162559256392	49.1822575639984
20	8	1674	NA	7.40908269881818	50.3951452907817
20	10	1683	NA	7.81349091019933	49.4410515443845
20	10	1616	NA	7.05835201013002	49.9030392715452
20	10	1608	NA	7.14880274884631	50.0709419301687
20	10	NA	NA	6.82376969678515	49.1250513011737
20	8	1675	NA	8.26287161212842	49.5265390098754
20	5	1789	"Germany"	10.4111872220786	51.2102474274787
20	9	1635	NA	7.15605234023308	49.9401166626144
20	10	1660	NA	7.93742150968129	49.5266225482952
20	9	1677	NA	7.23013683784799	49.9170360838347
20	8	1748	NA	11.06213346548	49.4178296255484
20	6	1733	"Germany"	10.3228589151151	51.1384953421132
20	9	NA	NA	7.94777653166289	49.4378826247805
20	9	1680	NA	13.2276580874457	51.1501132802915
20	8	1701	NA	8.83199587568931	50.9308356036538
20	9	NA	NA	7.80033832993497	49.4627847752647
20	5	1794	"Germany"	10.5245898367668	51.1183638453124
20	10	1656	NA	7.4616882320618	50.2468043316404
20	9	1719	NA	8.8338993636475	49.1589231786163
20	8	1690	NA	6.14713430981194	49.2103458971908
20	10	1611	NA	11.5664013418279	48.1566526297933
20	8	NA	"Germany"	10.549643978195	51.1396483108523
20	9	1639	NA	7.58697375793253	50.2398101399844
20	8	1680	NA	7.0541855719397	49.9808489297365
20	10	1628	NA	7.12482381501053	50.0651798902118
20	10	1641	NA	7.56701589652489	50.2509491614454
16	5	1822	NA	6.94421890531124	53.1376272400504
16	7	1770	"Poland"	19.1635672014129	51.916011914155
16	6	1785	NA	6.80440572216609	53.1217125898584
16	4	1864	NA	6.80433086275521	53.1752801952489
16	5	1859	NA	6.7850085358173	53.1202673638558
16	7	1745	NA	6.80829557856349	53.240695257183
16	10	1596	NA	8.95424259693508	49.7549115541823
16	4	1834	NA	6.66305420092232	53.1706697131312
16	3	1908	NA	6.93118684171849	53.1277753234426
16	6	1789	NA	6.85460926907013	53.243459204485
16	5	1782	NA	6.83305340942979	53.1013771515019
16	6	1802	NA	6.79908892578809	53.0929073958653
16	7	1769	"Groningen, Netherlands"	6.48405680457341	53.1385975537251
16	6	1819	NA	5.74637544795526	52.9446933670215
16	9	1673	NA	8.77249064007628	49.7499556324184
16	6	1785	NA	6.70872120000266	53.177814161595
16	6	1798	NA	6.91802481669849	53.1817137511534
16	10	1598	NA	8.91655099732251	49.6437485545039
16	7	1756	"Groningen, Netherlands"	6.65018057884817	53.2601373525455
16	5	1800	NA	6.80467782082876	53.0565936153585
16	8	1669	NA	8.89610995767223	49.7148082425007
16	7	1699	"Germany"	10.3743726262485	51.2512626554608
16	7	1706	NA	8.98741443375087	49.6371234354405
16	5	1803	"Groningen, Netherlands"	6.58714937704753	53.1863212141837
16	7	1717	NA	8.72764205381069	49.622827819836
16	8	1709	NA	8.91531081331176	49.6950877993614
16	7	1768	"Groningen, Netherlands"	6.6468464592441	53.1868236308031
16	4	1837	NA	6.99909285165799	53.1653519928018
16	5	1828	NA	5.79091619170668	53.003624636633
16	5	1811	NA	6.70633224719631	53.1677028290647
16	9	1654	NA	8.97574525151049	49.674144638153
16	3	1897	NA	6.80893394015456	53.1518509319796
16	4	1838	NA	6.9247636574126	53.0978602388104
16	6	1775	NA	5.99909174058553	52.6108410449747
16	2	1896	NA	6.80734360260488	53.1391468114401
16	5	1777	NA	6.73324042829329	53.0745826611592
2638	5	1761	NA	10.2378588634919	48.4285745641588
2638	7	1728	NA	10.2333563979008	48.3990788240418
2638	3	1852	NA	10.3593962614314	48.4241337850663
2638	6	1741	NA	10.414749592435	48.3081654980385
2638	3	1859	NA	10.2211458611896	48.426683714504
2638	4	1829	NA	10.2700909796915	48.3702876015763
2638	8	1676	NA	10.4083045775806	48.2861199078069
2653	3	NA	NA	23.9574182255293	53.0871676733161
2653	3	NA	NA	23.7078151593294	52.9251705570427
2653	2	1850	NA	23.1322577690498	53.1630424193736
2653	4	NA	NA	23.6925115418485	53.0833295514896
2652	5	1778	NA	17.6595186529803	49.5759113181482
2652	3	1864	NA	21.410438058925	47.8984200750337
2652	5	1819	NA	21.2823348045538	48.2559017580449
2652	4	NA	"Austria"	14.5483783005625	47.5047590477063
2652	3	1846	NA	21.9518934175702	47.8121757527703
2652	4	1846	NA	21.3478011914119	47.8086095571525
2652	3	1909	NA	21.1968093386887	48.1852485901501
2652	5	1790	NA	21.2206895592441	48.2734094562842
2652	6	1765	NA	17.6238630681421	49.6262189180509
2652	4	1870	NA	21.3834990010778	48.3522152483892
2652	2	1937	NA	21.7735155213763	47.6964365608181
2652	5	1815	NA	21.1879065706591	48.1301672398041
2652	4	NA	"Austria"	14.4527584507723	47.483938282752
2652	4	1839	NA	21.3756917311905	48.0932729431057
2652	4	1832	NA	22.0397021640922	48.6928145894349
2652	5	1856	NA	21.3097461843803	47.8238210207562
133	10	1601	NA	4.57362865824442	52.0733562137651
227	5	1811	NA	6.23862178502087	51.3591101990214
227	4	1836	NA	6.23177392664479	51.3686292134375
227	3	1854	NA	6.31456059342118	51.3920010659772
227	6	1790	NA	4.60452863460055	50.7598137348789
227	3	1842	NA	5.71650169842741	51.7730447183107
227	3	1852	NA	4.7989346031919	50.7923669487963
227	4	1817	NA	4.62086033956229	50.682305029344
227	4	1825	NA	6.38292325267753	51.2863469034704
227	5	1825	NA	4.60402299681788	50.6617404388874
227	5	1780	NA	6.38348813252449	51.4276061331944
2663	4	1791	NA	12.6229924757984	50.6208022674917
2663	3	1835	NA	12.5692400412056	50.6704954711708
2663	2	1860	NA	12.515648978069	50.7286787534568
2663	1	1908	NA	12.6661943838513	50.766168192669
2663	4	1827	NA	12.6235273658709	50.6130764964906
2663	4	1803	NA	11.9344659634989	50.6429127198974
2663	4	1830	NA	12.6836468903946	50.6909962175202
2663	3	1863	NA	12.6311026759356	50.6215512533963
2663	3	1866	NA	12.5887785702121	50.6002627586393
2663	4	1833	NA	12.5944594544517	50.6363747790747
2663	4	1809	NA	12.5796974870824	50.7216342740923
2663	2	1877	NA	12.4919168084288	50.6865066182625
2663	3	1862	NA	12.4384342606132	50.7276844021467
2663	4	1778	NA	12.5922674130114	50.6244373536744
2663	1	1910	"Germany"	10.3755255189221	51.1372030439693
2100	10	1651	NA	8.79959397691609	50.5329906535814
2100	10	1627	NA	7.7588139878901	51.4090976336017
386	10	1638	NA	13.1679580414331	51.1377815127269
386	7	1711	"Denmark"	9.5589128114958	56.253374300382
386	7	1704	NA	10.588602786737	57.5234903703824
147	10	1608	NA	19.0134567837782	47.3326790858862
316	1	1914	NA	21.0563355712547	52.2026114829019
316	3	NA	"Poland"	19.0972979126924	51.8853298575882
316	2	NA	NA	20.9986038356286	52.2428058322081
754	7	1740	NA	13.7807695187552	53.501290232766
754	7	1708	"Germany"	10.3349072453428	51.1036877401365
754	6	1749	NA	13.7798851064571	52.5248134496527
156	9	1754	"Germany"	10.3548144849358	51.2490761860237
156	4	1886	"Germany"	10.3811302775231	51.1765764598962
156	9	NA	NA	7.46622865629861	48.3782207094019
156	10	NA	"Germany"	10.5328634061205	51.2023027349979
156	4	1830	"Germany"	10.3578216308835	51.1064004075594
156	5	NA	"Germany"	10.5569226921599	51.1998984607216
156	9	1719	"Germany"	10.4876705190519	51.1802029136212
156	9	1740	NA	8.39809386075297	49.4713566037735
156	10	1689	NA	8.08228066679327	49.442425947098
210	9	1599	"Zürich, Switzerland"	8.53539630206407	47.3773211861327
210	9	1675	NA	5.02883494102449	51.3768783483283
210	7	1701	NA	6.08387708066965	48.8709869904592
210	6	1760	NA	7.50775670736571	48.2860744553561
210	8	NA	NA	7.5872091203441	47.8685301001026
210	7	1733	NA	7.43685745857282	48.2268094410608
210	10	1605	NA	6.530653916113	51.7178830865136
210	10	1569	NA	8.71833509943137	47.1889486643885
210	7	1715	NA	8.75538163814487	47.5543410944358
210	10	1628	NA	5.14616115934008	51.4640853611778
210	8	1647	NA	8.92526684450193	48.094169517713
210	7	1684	NA	9.24955708135507	48.7954871171726
210	6	1736	NA	8.7818451707162	47.4138510379547
210	7	1722	"Zürich, Switzerland"	8.64267656066705	47.3993717338497
210	10	1612	NA	8.36770400529942	47.1534550605786
210	9	1665	NA	6.78946720872749	51.8502851270533
210	9	1615	NA	7.99628372107107	47.3329124955561
210	5	1755	NA	7.46502365720593	48.6666255619459
210	6	1713	NA	7.63377599030045	48.6317133543565
170	8	1659	NA	9.0124950671229	49.1428098110247
170	8	1686	NA	9.13714915514321	49.1810002256873
170	7	1692	NA	7.15382058810251	48.965584270142
189	7	1743	NA	7.87997054109108	49.3944993243377
189	8	1741	NA	7.69612027160739	46.9233340379719
189	9	1695	NA	7.70667977455787	46.8657023960874
189	8	1657	NA	7.95050344102926	49.5183014930633
189	9	1675	"Bern, Switzerland"	7.39033689426143	46.9652584237669
189	7	1731	NA	8.44616758291154	49.4702848634133
189	8	1724	NA	7.85480685003902	46.9804910564241
189	8	1660	NA	7.80405284845527	49.4437419848521
189	8	1737	"Bern, Switzerland"	7.40347964509486	46.9681768463574
172	5	1820	NA	9.71340510831887	52.4214916827092
172	4	1843	NA	7.4538349461309	48.254730277525
172	8	1691	NA	11.4149700606502	48.8386504661297
172	7	1759	"Germany"	10.3620025960794	51.2298977553627
172	8	1719	NA	7.35131320955416	50.0890913903179
2112	7	1737	"Germany"	10.4735731455011	51.1195098791421
2112	7	NA	NA	9.25418281802138	48.8590046715181
2112	8	1676	"Switzerland"	8.22452994292404	46.8949498934974
2112	7	1691	"Switzerland"	8.1863387910656	46.7871556429798
2112	7	NA	"Germany"	10.3110885907702	51.0948649889655
2112	8	1683	"Germany"	10.5827720391347	51.2360222306787
2112	5	1774	"Baden-Württemberg, Germany"	9.39033663815663	48.6150392743275
2112	7	1736	NA	9.29885837052161	48.7606096491505
2112	8	1739	NA	8.68601475566358	47.4142256098778
2112	7	1731	"Zürich, Switzerland"	8.63378677517224	47.4514634722023
2112	7	1720	NA	9.4647139290337	47.5149090564939
2112	7	1692	NA	7.93253701101803	46.6536281862823
2112	7	1731	NA	8.33776475567895	46.7095884945521
248	2	1811	NA	6.84860377263571	53.2413963901327
248	2	1851	NA	16.3339949516247	53.2652313464979
207	5	1818	NA	13.9683366415911	48.6751082368435
207	3	1855	NA	13.0744657780415	48.2365520813758
207	4	1872	NA	14.3545284552792	48.7428326026804
207	3	1887	NA	14.2179020660925	48.6544159280224
286	6	1799	NA	11.4526711756808	48.7726035446886
286	6	1763	"France"	2.24478233180742	46.2282190254289
286	6	1791	NA	11.6089487921329	48.7496637497947
286	7	1776	NA	8.6059219913613	50.4519525866784
286	5	1798	NA	11.4816870668646	48.8392522016892
200	2	1881	NA	6.13143036385471	51.5994062726903
200	2	1851	NA	6.19052140591073	51.4745374434818
201	2	1869	NA	12.6838041372986	55.741733751191
201	4	1797	"Baden-Württemberg, Germany"	9.27695694129022	48.7304959710989
201	3	1825	"Baden-Württemberg, Germany"	9.26283162731056	48.6588810948219
201	4	1825	"Brandenburg, Germany"	13.088389545642	52.1553837217267
201	3	1829	NA	9.63021341912837	54.4959077427533
201	3	1835	"Denmark"	9.63744057704961	56.2656848598887
201	3	1848	"Mecklenburg-Vorpommern, Germany"	12.4430190304467	53.6413982501857
201	5	NA	"Germany"	10.3507311581677	51.0996195058823
201	4	1803	"Germany"	10.469016239126	51.2308849861641
202	8	1733	NA	7.97491661478641	47.6882808216564
202	8	1702	NA	8.02874349840281	47.7416558816424
202	6	1764	NA	7.53562529741166	49.3308221651795
202	8	1716	NA	9.99266796294219	50.1358617299945
202	8	1693	NA	7.21800812445574	49.6019309097448
202	8	1723	NA	9.90923240182556	50.1086760341569
202	7	1715	NA	7.69886086103512	49.386107868829
202	8	1708	NA	7.68359450385705	49.3440182292002
202	7	1724	NA	7.49045787291758	48.2917234321705
202	7	1732	NA	7.51489071488713	49.3237372181499
202	7	1686	NA	7.04727577022503	49.5509252269978
202	7	1717	"Germany"	10.334679974442	51.1351270920889
202	8	1714	NA	7.27770295998988	49.5266677967761
202	8	1692	NA	7.45547518579706	49.2258424094346
221	5	1767	"Germany"	10.3849227996832	51.1896007061288
221	5	NA	NA	10.181097557987	50.9962845574151
221	4	NA	NA	9.08996378072134	48.5717531473777
221	9	1688	"Germany"	10.4473009254579	51.1781939595523
221	6	1776	"Germany"	10.4906498579901	51.2345274177924
221	9	NA	NA	11.6553180281528	47.8837395783909
221	9	1707	NA	9.69308763295044	49.0045960445241
221	10	1649	NA	8.89561204122359	49.0114771209994
221	5	1829	"Germany"	10.5482850711783	51.227356338474
221	6	NA	NA	9.75309396725981	49.2976925872854
221	6	1761	NA	10.6781646444042	49.1583271067724
221	10	1635	NA	5.23665197307164	51.4207585461829
221	9	NA	NA	3.91586161611344	49.3460644368694
221	4	1843	NA	10.0104839694563	50.929835063818
221	4	1856	NA	10.1270728717174	50.9730975375735
221	5	1823	NA	10.2164299889033	50.8511584217822
221	8	1715	"Germany"	10.5458232556452	51.1649480299395
221	9	1682	NA	9.31017212494574	48.4908256085324
221	8	1729	NA	8.80699267851118	48.8710029060484
221	4	1832	"Germany"	10.4976772816249	51.2182435309762
221	10	1611	"Netherlands"	5.36261772630864	52.1781382167876
221	5	NA	NA	9.77380067944482	49.2296339442637
221	4	1838	NA	9.77473435694375	49.3090818073848
221	4	1798	NA	10.0231601409257	53.8583926836234
221	9	1680	NA	8.46285092592588	49.9448193581496
221	4	1848	NA	11.583778678928	48.7103797282936
221	6	NA	NA	10.7850095701658	49.2159638353602
221	10	1657	NA	9.32570957089231	48.4554972428435
221	6	NA	NA	8.82285171507734	48.4443089992376
221	6	NA	NA	-2.57736703577881	49.4516201653508
221	8	1696	NA	7.91700944650745	50.9278804340884
221	8	1732	NA	8.00004082498044	50.949966492793
221	7	NA	NA	10.7120873255497	49.3813375789578
221	9	1650	"Germany"	10.4358529732172	51.0862554018069
221	9	1661	NA	4.87664129179255	52.3855502169502
221	5	NA	NA	9.63599624612518	49.2116156526886
221	9	1668	NA	7.46111073003718	51.0142503246376
221	3	1865	NA	10.1129141428087	50.8893616232859
221	7	1718	NA	9.56146519267626	49.3445001314827
221	8	1748	"Germany"	10.52500565028	51.217777210322
221	5	NA	"Germany"	10.5474903081076	51.0868982006918
221	5	NA	NA	9.95798463783493	49.1823518991776
197	4	1816	NA	6.98512167821772	52.6120062467234
197	7	1754	"Switzerland"	8.32443234838902	46.8718379831152
212	10	1643	NA	1.09301532455031	49.4164268725014
212	10	1613	NA	0.70029480729532	48.5837224701305
212	9	1671	NA	0.61920233030413	48.6611072398256
212	10	1597	NA	0.828169387825665	48.6529897471504
212	10	1640	NA	2.25282890833867	48.8796947765891
273	4	1792	NA	13.3610141679209	53.377616078964
273	9	NA	NA	8.87295549472566	49.2576674731554
273	6	1715	"Germany"	10.4578403103019	51.1719203827601
273	10	1651	"Switzerland"	8.34709427462503	46.8691839745552
273	10	1619	NA	8.30443508370117	47.4959464617107
273	10	1676	NA	7.69486896305834	46.7991819251714
273	10	1664	NA	8.40526600782079	47.5051403660343
273	3	1821	"Mecklenburg-Vorpommern, Germany"	12.4352338796425	53.5884068916033
273	9	1658	"Zürich, Switzerland"	8.43967945171408	47.4148516332658
273	4	1814	NA	13.4655420207166	53.3917909493094
3420	4	1870	NA	7.81811924685825	52.5611201823538
3420	6	1789	NA	8.19418275886496	51.9172138518096
3420	5	1821	NA	7.87940335971447	52.4280193695492
258	1	1943	"Germany"	10.3933845301124	51.1280089760203
245	4	1849	NA	10.2090834437005	56.1647052980039
245	3	1868	NA	10.2380790881647	56.0749816534034
254	4	1874	"Germany"	10.3583634178055	51.0986849614221
254	4	1837	"Germany"	10.423874611297	51.2326249409214
240	9	1681	NA	7.73924773761649	52.1852656167321
240	5	1845	NA	7.62057995813757	52.2281419186892
240	6	1812	NA	7.7528204379921	52.1464561110227
240	10	1693	"Germany"	10.5751424537222	51.2353568061882
240	9	1657	NA	7.81509465152541	52.2272073539845
240	7	1791	NA	7.83198496143532	52.0801511158084
240	5	1791	NA	7.83497034963553	52.1400212501199
240	9	1700	NA	10.9934485390041	49.3977162885556
240	6	1737	NA	7.80679614719568	52.0624214683715
240	8	1695	NA	7.61794860059532	52.2029837180152
240	6	1777	NA	7.80450911376926	52.1504578189013
240	10	1718	"Germany"	10.5570943956965	51.1078974480737
240	4	1854	NA	7.77045954587886	52.2209060568749
240	9	1670	NA	7.83291098278129	52.1837376299984
240	5	1812	"Switzerland"	8.192026764689	46.8688122257276
240	6	1792	NA	7.74907607945028	52.1008582463919
240	7	1752	NA	7.72896344701762	52.1883870201308
240	6	1767	NA	7.65837735911017	52.1895583028246
240	5	1806	NA	7.75677778408902	47.2339671225999
240	5	1827	NA	7.77699040820164	52.2209470750226
240	4	1837	NA	7.65748285556737	52.0532511484713
240	9	1669	NA	7.81414236351606	52.2017807953484
240	8	NA	NA	7.63617330853008	52.1781236971095
240	8	1707	NA	7.73377149269584	52.2097959083682
240	7	1744	NA	7.76579245029795	52.096968433015
240	8	1751	NA	7.85761174692447	52.0808947749236
240	7	1732	NA	7.87552303927843	52.1336843500567
240	8	1680	"Germany"	10.3355632089323	51.2141110166928
240	5	1791	NA	7.66729348210337	52.1995539558842
240	7	1749	NA	7.82136514282127	52.0788849230672
240	6	1813	NA	7.67000175243286	47.2545593226047
240	7	1742	NA	7.58052985322739	47.3104228991186
240	7	1756	NA	7.63357792903577	52.0740219812819
240	6	1794	NA	7.8522105720672	52.2217824103813
240	7	1722	NA	7.85815964104976	52.1136890732359
240	5	1811	NA	7.666457640021	52.1663857265176
240	5	1836	NA	7.72658224182652	52.1102781611158
240	6	1761	NA	7.64939566057306	52.1699070891731
240	7	1772	NA	7.76474085561919	52.1646806615719
240	7	1726	NA	7.75665662313447	52.0691826677066
240	6	1763	"Germany"	10.3536739080368	51.1172254078855
240	5	1835	NA	7.86324372618103	52.088071632466
240	5	1782	NA	7.7210303886316	52.0860307716032
240	5	1828	NA	7.70020551196841	52.1655916993489
240	7	1772	NA	7.82459751036716	52.1369654011658
240	7	1764	NA	7.6266659661634	52.1775228045138
240	6	1783	NA	7.76449911303599	52.2081173582908
240	8	1744	NA	7.74130802464312	52.1914659334691
240	6	1774	NA	7.82313248486881	52.0902955932791
240	4	1866	NA	7.70888994777521	52.1313503704555
240	8	NA	NA	7.7907051980138	52.2152018056125
240	6	NA	NA	7.69331187739162	52.1509600500868
240	7	1734	"Germany"	10.4684193786427	51.2259292656271
240	6	1750	NA	7.8206789754629	52.1438675496495
240	8	1733	NA	7.78870510276982	52.1066695130789
240	6	1772	NA	7.74481793360539	52.0521178317048
240	6	1811	NA	7.67661089697893	52.0978263707927
240	5	1840	NA	7.79656473783573	52.0720162066722
240	5	1787	NA	7.97261014138255	52.4606306492195
240	6	1751	NA	7.82287830361607	52.0589135817759
240	7	1718	"Germany"	10.3296358293118	51.2105824493426
240	5	1770	NA	7.73022109837419	52.0825601993806
240	8	1702	"Germany"	10.4094107290127	51.1165377204812
240	6	1756	NA	7.81468413250755	52.1124697426733
240	8	1684	NA	7.79053994051741	52.1250792096806
240	6	1797	NA	7.69531822766677	52.1987839906072
240	7	1741	NA	7.78435193211335	52.175372514745
240	9	1663	NA	7.75764217938536	52.179866975978
270	10	NA	NA	4.42032148952702	52.1068766399906
2121	10	1658	NA	-1.19341390665029	48.0372267956166
2121	8	1674	NA	8.07369120776891	49.1150985487341
2121	7	1688	NA	8.17578522271707	46.6997411525427
2121	4	1806	NA	7.49439278212063	50.3890349411703
2121	10	NA	NA	9.64133961386332	51.150673284908
2121	6	1734	"Germany"	10.3914283209937	51.1063811436298
2121	5	1784	NA	8.22699757477054	50.1749432106189
2121	6	1728	NA	7.99789897972628	49.5127712713544
2121	7	1717	NA	8.26396940904334	49.0146983804334
2121	5	1752	NA	8.10477444285305	52.2813747936905
2121	8	1669	NA	8.130645477604	50.0970810584279
2121	7	1686	NA	8.15662936544203	50.0960990722281
2121	8	1680	NA	8.11301239825481	49.9931630212025
2121	6	1715	NA	8.24880069495267	50.2873100985346
2121	6	1704	"Grand Est, France"	6.26061134451039	48.6190633497181
2121	6	1761	NA	12.7522159732278	48.8221869109704
2121	6	1768	NA	7.88326169127777	49.5406893581913
2121	10	1581	NA	8.90890799095016	50.1930746233393
2121	8	1694	NA	8.30810001995617	49.1142849575293
2121	6	NA	NA	8.08242858477693	52.2526056001569
2121	8	1655	NA	8.14065291939718	50.0309667874487
2121	4	1817	NA	8.5386133201658	50.4070824044382
2121	6	1700	NA	7.42106395520234	46.8874063542407
2121	8	1675	NA	8.26887313830032	50.1029782220729
2121	8	1666	NA	12.7947035173743	48.9843060900055
2121	7	1701	NA	9.19874653109114	50.6911497704595
2121	9	1690	NA	-1.13484756818581	48.1700849116023
2121	10	1482	NA	0.292553436044398	48.7966515362651
2121	7	1720	NA	12.9135565680798	48.9642760802763
2121	7	1679	NA	6.08348289673211	46.3232696224452
2121	7	1683	NA	8.30231934288208	50.149237778813
2121	7	1686	NA	10.9744568572219	48.2929287226511
2121	10	1668	NA	-1.34171185473785	48.1230213887293
2121	8	1679	NA	8.83966018309679	49.4012765809162
2121	8	1684	NA	8.76276570154907	49.4458426439258
2121	6	1729	NA	8.22217845266846	50.0155197230444
2121	6	1753	NA	-0.592188745498461	44.7660163587609
2121	7	1704	"France"	2.17060549656735	46.2223485607566
2121	7	1728	NA	12.8591374543167	48.8715280195911
2121	7	1719	NA	8.77952922975689	49.3816232361909
2121	7	1710	NA	8.7410314824008	49.3452671164533
2121	8	1628	NA	8.07882526466455	46.5986015184766
2121	8	1667	NA	8.16920415284506	49.0802761062024
2121	8	1651	NA	8.02389319220909	46.6157771309971
2121	5	1783	NA	10.7231948757232	49.2817427517008
2121	9	1631	NA	10.7754322665544	48.9447968803588
2121	7	1687	NA	4.38167537994934	51.9022014667585
2121	8	1678	NA	9.73853595258506	51.4362684031775
2121	8	1716	"Switzerland"	8.18723887951313	46.7872046524208
242	7	1692	NA	8.6235078700374	49.4456483309638
242	7	1689	NA	10.1758170604504	49.3626406356784
366	4	1833	NA	10.0010508407965	55.4188497521442
366	1	1910	NA	10.1759173604622	56.1953569602474
366	6	1788	NA	10.2423952201038	55.587513677256
366	5	1822	NA	10.2271108188219	55.4879078966943
366	2	1935	NA	10.5470883544458	55.1365359254023
366	3	1873	NA	10.2278127016877	57.5482382086832
366	9	1693	NA	10.3855358428515	55.5174407675712
366	9	1690	NA	10.2780905176757	55.6377308901476
366	6	1794	NA	12.0452188092699	55.9895628141806
366	8	1715	NA	10.4960579918433	55.604355433204
366	4	1818	NA	10.3085810581268	55.4867593524596
366	4	1824	NA	9.34152016448043	55.6299280431881
366	3	1906	NA	10.4263569889634	55.4821967329817
366	5	1822	"Denmark"	9.50562059279745	56.211923305092
366	5	1825	NA	10.38000639009	55.5065487187243
366	4	1835	NA	10.4001116344064	55.627329682623
366	5	1820	NA	9.16343686566834	55.7274521300622
366	6	1756	NA	10.453014398489	55.5394175184099
366	6	1788	NA	10.5067715570335	55.2188056772591
366	7	1724	NA	10.2003338925975	55.5775816918887
366	5	1842	NA	9.40958553973617	55.7977876582488
366	8	1690	NA	10.4414399626622	55.4550545775376
366	5	1794	NA	10.044512054382	55.5109665099495
366	7	1718	NA	10.2762699884005	55.4925458932263
366	3	1873	NA	9.17261137477194	56.3331614494936
366	5	1847	NA	10.4328631641328	55.5181836827186
366	5	1845	NA	10.4614821007664	55.4372815775753
366	2	1882	NA	10.0538549107503	56.5420687299031
366	5	1814	NA	10.3674967021876	55.4925712266074
366	3	1891	NA	10.3653365564593	55.6551852819622
366	5	1827	NA	10.1552247349603	55.4501832745514
366	4	1862	NA	10.0695216850156	56.5967109943782
366	4	1833	"Denmark"	9.3422063588799	56.1917344799048
271	10	1697	NA	8.24340895427781	49.1903426842371
271	10	1710	NA	7.73642032844719	49.4950564898301
271	9	1742	NA	8.14844901740488	49.2207472546014
319	3	1820	"Poland"	19.0177068792846	51.9322854246899
319	4	NA	"Poland"	19.2310922871414	51.9669365570515
319	4	NA	"Poland"	18.9996383390076	51.8443002027787
303	3	1824	NA	11.605900185736	53.5984717959012
303	4	1843	NA	11.5321673948416	53.5110777591513
303	4	1816	"Mecklenburg-Vorpommern, Germany"	12.3958568497385	53.70434515556
303	4	1818	"Mecklenburg-Vorpommern, Germany"	12.5478391857807	53.6539424550972
303	4	1818	NA	17.4227404176988	52.5965971398813
303	3	1823	NA	11.5172056513197	53.5417840603161
303	4	1815	NA	17.0743369237997	52.747719208504
303	5	1785	NA	11.497772189497	53.5667016845884
333	10	1605	NA	8.8992632090946	54.2684841482101
333	10	1573	NA	9.65286318230707	54.4723835240309
333	10	1615	NA	5.50303677501345	50.6651905513904
333	9	1618	NA	9.01171435527305	54.2975482706897
312	3	1908	NA	7.64786266602327	48.114630616853
376	5	1795	NA	10.9382270424623	48.0338362507267
376	4	1818	NA	8.3703801316028	51.0402927169563
376	6	1779	NA	10.8865523063824	48.0881118419362
376	5	1855	"Brandenburg, Germany"	12.4269694382059	52.386985903316
376	4	1891	NA	10.7645025378936	48.0807189696606
376	4	1944	"Guernsey"	-2.65132340755565	49.5198076616645
463	5	1831	NA	8.07357885081839	48.4561055873291
463	10	1674	NA	8.16185940999622	49.0779639030922
463	5	1809	"Baden-Württemberg, Germany"	9.48410058119281	48.7174980449208
463	7	1757	"Germany"	10.4331865751469	51.1036474269227
463	10	1668	NA	12.6088529074806	51.1712417256548
463	6	1812	NA	7.9803375883324	48.609594744466
463	7	1764	"Germany"	10.3754997579891	51.2499533307556
463	7	1759	NA	9.99390185713241	47.4157968399506
463	6	NA	NA	8.20264225611185	48.8148001867017
463	7	1750	NA	8.10713706652519	48.7116091436817
463	6	1814	NA	7.9955043346804	48.6045818118805
350	4	1844	NA	11.5328668790932	55.8907375086935
350	4	1814	NA	9.50183944470429	55.7598280863232
350	4	1860	NA	11.7328581488282	55.8485779179461
350	3	1862	NA	11.5114983249445	55.8433096424812
350	4	1851	NA	10.1008643674688	57.5106615586083
392	2	1877	"Austria"	14.4460023828827	47.5102369075875
392	3	NA	"Austria"	14.5564636163719	47.5722504466578
392	3	NA	"Austria"	14.6671844842631	47.576452553899
759	4	1831	NA	9.16424217923341	56.5238335834631
375	5	1777	NA	14.853282569829	50.8514233953995
375	5	1789	NA	14.7507403197383	50.8598813567465
387	9	1663	"France"	2.10092884353216	46.2053961887757
382	7	1748	NA	8.79695652430773	50.0965470842243
382	7	1742	NA	8.89486610039398	50.0116397904602
382	10	NA	NA	9.19254260358932	50.5017783451363
382	7	1793	NA	8.14024801880243	48.9187094167646
382	6	1788	NA	8.11993349686434	48.9826568227282
382	5	1814	NA	7.37283099647453	48.3854669509562
382	6	1813	NA	8.08021996989027	49.0242314229534
382	6	1809	NA	8.09033255695578	48.8863742043791
382	7	1787	NA	8.07050133034457	49.0039401523059
382	5	1826	NA	7.41505084732289	48.2648011096963
382	9	1730	NA	6.92184167277391	49.196510934638
382	10	NA	NA	9.00799074244136	50.3582283658977
382	5	1835	NA	8.0795142482319	48.8609549027859
382	10	NA	NA	9.01604653706547	50.4493018024201
382	8	1754	"Germany"	10.4593408258796	51.1305948444519
382	8	NA	NA	9.13978803464124	50.4823273124127
382	4	1831	NA	8.0801523121216	48.9476735449356
382	9	NA	NA	8.9894394848352	50.4724768592101
382	9	1698	NA	9.0275880599801	49.7330590791645
382	8	1694	NA	8.21184476204037	48.9426530744344
382	4	1843	"Germany"	10.3458908623469	51.0802605035876
382	9	NA	NA	8.98407609321314	50.4220384641018
382	10	NA	NA	9.20908261556183	50.3756355760923
382	10	1651	NA	9.08914595867706	49.73977611363
382	5	1814	NA	8.21187150985084	48.8980036713093
59	3	1824	NA	9.78109205632222	54.4047954753458
59	3	1858	NA	9.09523618017472	54.1320587480398
417	4	NA	NA	13.4731113681565	52.4834736596203
417	3	1858	"Germany"	10.5492581806574	51.067443225181
417	2	1868	"Germany"	10.4986053759898	51.2492841395229
417	4	NA	"Germany"	10.3719382229374	51.1378778659964
417	6	1770	"Germany"	10.5498340224723	51.0791007746452
417	5	NA	"Germany"	10.3269340191221	51.17704080841
417	6	1765	"Germany"	10.4989861758119	51.206871430504
417	3	1843	"Germany"	10.3363715931287	51.158157722413
417	4	NA	"Germany"	10.323767924466	51.1742860323125
587	1	1917	"Germany"	10.4626973802457	51.0812753109776
587	2	1908	"Germany"	10.35391226183	51.0907393289901
587	3	1885	NA	8.6115672684196	50.1503906814451
587	2	NA	"Germany"	10.3521591541195	51.1105413423811
479	4	1850	NA	9.65523600472669	52.4474039448219
459	4	1849	NA	13.1200534121362	51.1584981074191
459	4	1840	"Germany"	10.4827973724923	51.1228177287119
459	5	1822	NA	8.08033124242736	50.9689740495829
459	5	NA	NA	11.5827462294131	48.8211811387003
459	4	1849	"Germany"	10.4524847243015	51.0934231415909
459	5	1781	"Germany"	10.4835316756669	51.2028384018994
459	5	1793	NA	17.4169264382515	50.4086185875088
459	6	1774	NA	8.03264416456498	50.9550853066899
459	7	1769	NA	8.07202259310963	50.9596485200791
459	5	NA	"Germany"	10.4666024686949	51.2465117479783
459	4	1842	"Germany"	10.4513101601736	51.2101780675177
459	5	NA	NA	11.3838722091016	48.7724644799617
459	4	1842	NA	7.5709952371555	49.8752432776463
459	4	1840	NA	7.90803684344698	51.0117785094764
459	4	1836	NA	8.3514371579328	49.1723493971821
459	3	1886	NA	10.1231308706081	49.8884259233413
459	5	1792	NA	7.40439424422189	49.9026865922949
459	6	1793	NA	8.01627289158127	50.9459819372848
459	3	1843	NA	8.08109180587057	51.1122324031073
459	5	1784	NA	7.86446531956275	51.0986198656604
459	4	1859	NA	13.0598124797539	51.0315352894123
468	5	1764	NA	4.86085876552907	52.3541580992735
468	5	NA	NA	4.96162118204413	52.3381527324947
2164	7	1676	"France"	2.11061834890858	46.2394813195065
2164	7	1747	NA	7.77008442582799	52.2789619348356
2164	9	1645	NA	4.84358975363788	51.4703478690108
444	2	1928	NA	12.9109631850989	50.6712251009473
444	1	1964	NA	9.22002442937002	49.1957062246377
32	3	NA	NA	22.1168065482811	48.1377042574426
32	1	1930	NA	18.1916392841315	47.3103090542659
32	4	1827	NA	18.3512176406396	47.4094998522191
32	1	1914	NA	21.7256361856781	47.4258871099849
32	4	1804	NA	18.6884471939667	47.335155641934
32	4	1830	NA	17.9295935838723	47.3668210256843
32	4	1858	NA	21.8948649864687	47.896055250528
32	3	1865	NA	18.4885713439543	47.1097240836972
32	2	1925	NA	21.990346674437	48.0277343713505
32	4	1837	NA	18.594676457894	47.3144897781034
32	5	1843	NA	21.7797133505907	47.8294999880622
32	5	1804	NA	22.0909859727158	48.0831141857423
32	4	1828	NA	21.9634236389098	47.8701706784705
32	5	1790	NA	22.3083617427427	48.1228273946646
32	2	1911	NA	18.5424137779341	47.2346942966446
32	3	1889	NA	18.3224081461669	47.3682626129012
32	4	1824	NA	18.2778655497839	47.4402221277009
32	3	1885	NA	21.8911440648789	48.1461008502844
32	3	1849	NA	18.5155937694555	47.2406262399828
32	2	1914	NA	22.185686157565	48.3415560360394
32	2	1872	NA	18.2802010262019	47.4196382213623
32	3	1876	NA	18.5257515528332	47.1495038186955
518	5	1761	NA	5.390501880197	49.223742907986
518	6	NA	"France"	2.1901045817984	46.1995442602602
518	6	NA	"France"	2.2320951124244	46.1952071695903
471	4	1838	"Denmark"	9.50683646409706	56.3319576117293
471	4	1827	NA	11.8417611183283	54.662799893788
471	6	1754	"Denmark"	9.6085914347453	56.3327993776379
471	5	1809	NA	11.4025466617352	54.6608550906681
471	5	NA	"Denmark"	9.37987594814784	56.2964257449428
471	3	1863	"Denmark"	9.53111840952954	56.2856904665894
471	4	1822	"Denmark"	9.50448413877223	56.2753139806876
471	4	1828	"Denmark"	9.47520294264089	56.3118070403203
471	5	1818	"Denmark"	9.44009861841312	56.336046653081
471	6	1780	"Denmark"	9.41382735456024	56.3518004199293
471	5	1803	"Denmark"	9.54961735333948	56.2860276094357
471	5	NA	"Denmark"	9.41686344843279	56.318193718438
2478	5	1736	NA	22.8432346848527	52.421792766996
2478	4	1794	NA	22.7785994599089	52.5176724889269
2478	3	1857	NA	22.8356842043426	52.3879061208713
2478	5	1718	NA	21.0310548168608	52.2287917003605
487	8	1653	"Germany"	10.5574201415339	51.1749587113323
487	10	1616	"Netherlands"	5.2787702238876	52.0739657040223
487	9	NA	NA	11.4093028462852	50.111049018762
487	5	1790	NA	10.261157457862	56.0211472686229
487	6	1770	NA	10.0555312775896	56.1988023269341
885	4	1848	NA	10.3690528175622	55.3468042365413
885	4	1844	NA	10.0016581933333	56.1765625029557
885	4	1850	NA	10.1002555252293	56.2182571970088
885	4	1851	NA	9.90374846943303	57.4837122104666
885	3	1891	NA	10.052785739331	56.1944134830218
885	2	1893	NA	10.0650830126733	56.1143526499294
885	4	1824	NA	10.4138068095489	55.3349356732791
885	3	1884	NA	9.91267783617127	56.2589785291092
885	4	1864	NA	9.95882298069504	56.2912883319169
501	10	1624	"France"	2.27215853373707	46.2386780333678
488	10	1654	NA	9.5398169395852	49.0436134479694
488	10	1664	NA	7.25282800582092	48.95589396463
488	9	NA	NA	9.70351056423925	49.0998439377922
488	10	1657	NA	11.60707273011	48.8421085275381
488	9	1669	NA	7.33372607732887	48.9895145957296
488	10	1689	NA	8.78211459757649	49.3713411313392
488	10	1652	"Baden-Württemberg, Germany"	9.32728731118407	48.6495221038794
488	9	NA	NA	8.84145994603209	50.1378750155154
488	10	1686	NA	7.13487999495768	48.9661756824283
488	9	1672	NA	7.18624606655821	48.8621608298695
488	10	1673	NA	9.93201342491612	49.2186103934907
488	4	1845	"Germany"	10.4442791604185	51.2326081639959
488	9	1705	NA	9.77109181200192	49.0012963496098
488	9	NA	"Germany"	10.3835623352474	51.1014551871279
488	10	1645	NA	7.13299830232857	49.0016858443808
488	8	1709	NA	9.55621128720863	49.1633547323566
488	8	NA	NA	7.68425886866263	48.8975781266953
488	10	1698	NA	7.30207868143702	48.4528917936958
488	8	1749	NA	9.15541145105191	50.7018500582449
488	10	1696	NA	11.3975913737306	48.7706285031566
490	5	1832	NA	8.11826099392581	47.5992108322651
490	6	1821	NA	8.25232102322936	47.7487837916023
490	9	1700	NA	10.2969761225712	48.6733659096917
490	8	1700	NA	8.29589131598448	47.6284003764111
490	7	1743	NA	8.25027386792592	47.733831225441
490	8	1714	NA	8.12989795892921	47.6631848777152
490	5	NA	NA	9.3596305769237	51.4137861251542
490	9	1670	NA	8.16216836680371	47.7348052963174
490	9	1674	NA	8.35640618388029	47.621609971159
490	10	1577	"Germany"	10.3219271961297	51.2227757433762
490	4	NA	"Germany"	10.4452069940789	51.2329956956015
490	7	1714	NA	8.20384007666926	47.6984443996054
490	9	1683	NA	10.1149528060463	48.6634149586397
490	10	1645	NA	10.1470606018363	48.6888025915959
490	9	1665	NA	8.15259247986515	47.6984837188762
490	7	1788	NA	9.5500981257966	48.5964483456292
490	10	1589	"Germany"	10.3621628705666	51.1749100498924
490	9	1637	NA	8.30767079649044	47.5856779827561
490	8	1737	NA	8.24976049736205	47.6462408199457
490	9	NA	NA	7.6842192061491	48.562981951011
490	10	1636	NA	10.2677460848408	48.6567743548958
490	6	1793	NA	8.33389498979721	47.6248776404374
490	7	1725	NA	8.15287266787195	47.6378814866617
490	4	1857	"Baden-Württemberg, Germany"	9.40288575327262	48.7277416355789
490	8	1744	NA	8.27146355600231	47.6849210635664
490	3	1892	"Baden-Württemberg, Germany"	9.25815679597573	48.6838630872612
490	6	1773	NA	8.34400899130464	47.720927555513
490	8	1690	NA	10.0537387171228	48.5823443869133
490	5	NA	"Germany"	10.3185622074039	51.1961514679386
490	8	1664	NA	8.30680214309512	47.7224619705961
490	7	1752	NA	8.15215348444747	47.6933262710633
490	8	1699	NA	8.26758939048537	47.7400900997255
490	8	1747	NA	9.77169738384481	48.4170132939649
490	8	1672	NA	8.35493874436793	47.6526885208952
490	5	1829	NA	9.56145134525674	51.3821257766439
490	7	1738	NA	10.2721786280655	48.6710042558085
490	10	1704	"Germany"	10.5608807530001	51.095512257387
490	9	1691	NA	8.24240026908359	47.5895099314271
490	9	1663	NA	9.98691053356373	48.6859254012474
490	9	1652	NA	8.29656107658345	47.5675356579847
490	8	1738	NA	8.26439970000497	47.6431504037721
490	8	1730	NA	10.0379945657026	48.5773606501348
490	9	1649	NA	8.19205252170845	47.6384956627118
490	9	1671	NA	8.31221303682516	47.6817863405834
490	9	1656	NA	8.25678637507579	47.7136242657435
490	9	1693	NA	8.32606859748694	47.7322950450815
490	9	1632	NA	8.33185265835275	47.6024299245157
490	9	1692	NA	8.30606859517368	47.7423652112529
490	8	1728	NA	8.20131164469715	47.677565618596
490	7	1723	NA	8.16966085666436	47.6206002882268
490	7	1731	NA	8.12578794686663	47.5864867066969
490	5	1793	NA	8.15322415500697	47.5816589155157
490	9	NA	NA	9.69854401706163	48.5022650911572
490	10	1651	NA	10.3465927020729	48.6572919250934
490	6	1754	NA	8.27155589605531	47.6801359187115
490	9	1670	NA	8.17363819965181	47.7180028724226
490	5	NA	"Germany"	10.5320121294158	51.1271882256536
490	8	1674	NA	8.22186179582535	47.5803888256204
926	3	1868	NA	4.58150548906729	46.0644214797637
772	5	NA	NA	10.3926878082705	55.3176776005743
772	4	NA	NA	12.0973588211169	56.1102190070894
772	8	1760	"Germany"	10.4799717020698	51.1465013238568
772	10	NA	NA	13.1366118523764	54.3550716518723
772	7	1793	NA	13.6622523975679	54.5322548635904
772	3	1836	NA	10.2815068053793	55.3855580178796
772	10	1627	NA	12.4074661123217	50.6363001421672
772	4	1829	NA	10.3900056305906	55.2240576551984
772	6	1820	NA	12.4642936088264	55.7923019220195
522	2	1870	"Germany"	10.5187813253179	51.0835268286354
522	3	NA	NA	15.335113557192	53.1103107723635
522	2	1877	NA	8.41221447206974	52.4223977561109
522	3	NA	NA	15.3214217278524	53.2614298075855
522	5	1778	NA	10.4465378953113	51.3560068045218
522	4	NA	NA	9.77271871839142	52.4765523483354
522	3	NA	NA	9.81847043577102	52.5145029140432
522	5	NA	NA	13.0571763702038	51.0617228862405
522	4	1797	NA	10.9089814947836	51.0255158878193
522	6	1698	"Germany"	10.5811850114582	51.1442251578174
637	6	1755	NA	9.18541025595595	54.8275853102931
637	4	1842	NA	4.93519732849022	50.9368845171742
1056	6	1767	NA	15.4718851430023	53.3229220196869
1056	6	1734	NA	16.3678251347968	53.2802452298552
1056	6	1782	NA	16.499786717478	53.2461636040671
1056	5	1777	NA	18.9726714889674	53.6735760003058
1056	3	1836	NA	16.9695352130202	53.3678064354743
1056	5	1769	NA	14.0382656695393	52.8570922817794
1056	7	NA	NA	16.4290678308663	53.3214137704185
1056	10	1593	NA	12.008761369846	53.7440827478262
1056	10	1595	NA	12.0956545690188	54.0924426004527
1056	3	1864	NA	17.4303595554259	53.5748934900993
1056	5	1789	NA	15.5223269487093	53.3169000248341
1056	8	1650	NA	11.9427325089062	53.5928154516306
1056	4	1804	NA	13.5311534045002	52.7536449657552
1056	5	1798	NA	17.1887887570202	53.3401633993758
1056	9	NA	"Poland"	19.0460038066912	51.9415293363764
1056	5	1781	NA	13.5501821065782	52.8965941011822
1056	8	NA	NA	16.4332355919089	53.2891605867591
1056	9	NA	NA	12.078320452866	53.6629483035883
1056	8	NA	NA	16.6200942220092	51.8343396297263
1056	8	1697	"Poland"	19.0020107532873	51.8866296079606
1056	7	NA	NA	17.1000182778898	53.2379582596614
1056	6	1736	NA	15.4029100195732	53.2568122793546
1056	6	1749	NA	15.5130309236039	53.2998286352701
1056	4	1837	NA	17.4753031725301	53.7204092768423
1056	10	NA	"Poland"	19.1487109747514	51.8506523489323
1056	4	1804	NA	16.4364294216938	53.1945212319665
1056	8	1704	NA	16.4104685481082	53.3449229106888
1056	7	NA	NA	16.6144734723484	53.3183970029032
1056	9	1673	NA	12.1742661874433	53.4762374604785
1056	4	1813	NA	17.0452613224255	53.3837912776371
1056	5	1802	NA	17.0946301631403	53.2697759301174
1056	9	1664	NA	18.5291357857855	53.4456970911364
1056	7	1702	NA	15.3036757123756	53.3275634656229
1056	2	1925	NA	10.1753884673637	53.4081206786187
1056	10	NA	"Poland"	19.2245768776455	51.9203535350439
693	4	1862	"Belgium"	4.60520162926676	50.5481165126242
693	7	1772	NA	4.95513569130581	50.4405931784534
693	6	1779	NA	4.68875740137287	50.8192592425972
693	6	1793	NA	4.74247814940504	50.5052027687255
693	10	NA	NA	5.13989007401938	51.9519381342883
693	5	1827	NA	6.29422998307387	51.5090115602374
693	6	NA	"Belgium"	4.38607578660799	50.4431007437866
693	6	1801	NA	4.91948706278674	50.5263361652302
693	5	1835	NA	4.72092237068214	50.7294401178232
693	5	1819	NA	6.46203044166395	51.2613031652009
693	5	1847	NA	4.79936683503308	50.45842401649
693	5	1829	NA	4.59904208299118	50.7919699825435
693	7	1758	NA	4.92301131446678	50.458047537761
693	6	1789	NA	6.32066950598978	51.5217572916608
693	6	1790	NA	4.87289980061492	50.5594609682781
693	8	1730	NA	4.82816380190191	50.5242317250515
693	8	1697	NA	5.00477016361352	50.5151227319331
693	10	1613	NA	9.11461846550251	54.4008463368164
693	6	1790	NA	4.80189289287056	50.5154181793355
693	4	1862	NA	4.16354675858035	50.8634621463534
693	5	1817	NA	4.75545729740878	50.4694005720825
693	4	1876	NA	6.15935943055868	51.3848240113609
693	5	1831	NA	4.01181844588415	50.8911687800132
693	6	1785	NA	6.15520264715004	51.5188333322407
693	4	1859	NA	6.13045778818544	51.5141371031015
693	4	1859	"Belgium"	4.56096892452978	50.5566256080304
693	5	1818	NA	4.21698597376489	50.9976141139408
693	6	1823	NA	4.22034893523119	50.8685776141848
693	10	1634	"Netherlands"	5.26176433990213	52.1568218845533
693	5	1821	NA	4.72167891712433	50.8027001822908
693	5	1844	NA	4.50040213167637	50.8013873503277
693	4	1885	NA	4.87463250642447	50.4368582679438
541	8	1711	NA	7.68005927806526	48.395063680352
541	8	1727	"Germany"	10.4995392462433	51.2019309105517
541	9	1723	NA	10.9715788232857	53.4496803674481
541	6	1811	"Germany"	10.5685547520384	51.0992341861029
541	9	1701	"Germany"	10.5795787145485	51.1087426239529
541	7	1787	"Germany"	10.5079799703984	51.1628972364833
541	6	1842	"Germany"	10.4309146478401	51.181897167808
546	3	1833	NA	9.77438592303285	52.3844422083254
546	4	1846	NA	9.71058855082275	52.4551716297458
546	4	1793	NA	9.76569758288443	52.3481306650496
546	5	1781	NA	9.61725689822904	52.3143129306802
551	3	NA	NA	7.50931832126573	47.8510884290762
551	3	NA	NA	7.6512713593113	47.7377174690828
575	8	1668	NA	0.246427334201051	48.9173672839209
575	9	1711	NA	0.0651972403951356	48.8390367392465
575	9	1662	NA	0.278789368039265	48.8382728455055
585	4	1847	"Germany"	10.3494446726663	51.1618742494764
1476	6	1785	"Germany"	10.3071845518178	51.1184919526917
1476	10	1682	NA	7.67419594075907	49.7965273273986
1476	10	1679	NA	7.90014031135172	49.4665931878399
1476	8	1767	"Germany"	10.4265957352155	51.192761807093
1476	10	1661	NA	7.980925172398	49.920579457863
1476	10	1658	"Germany"	10.5346835544281	51.2346218865579
1476	10	1708	NA	7.85416909541232	49.5228024649599
1476	9	1680	NA	7.65449324112987	46.6189993253561
1476	10	1753	NA	8.65175992658763	49.8022283147389
1476	9	1724	"Germany"	10.5208347930626	51.068149180829
1476	10	1672	NA	7.46944083947466	46.4690331156052
1476	9	1689	NA	5.15795225705455	51.3985899120413
1476	10	1703	NA	7.94551773534752	49.4361572032087
1476	10	NA	NA	8.10978770771247	49.3561599898349
1476	9	1728	NA	7.72551000605974	49.5012539467512
1476	8	1694	NA	7.38602939961049	46.8904699149507
574	6	1820	"Germany"	10.4486651870948	51.0855348924153
574	5	1828	"Germany"	10.5146573994212	51.1634620691026
574	5	1815	"Germany"	10.5806269971899	51.2499348861176
574	6	1801	"Hessen, Germany"	9.18198200300157	50.5980538184234
574	6	1841	"Germany"	10.3487866735418	51.1547128703804
635	6	1747	"Poland"	19.0499984507054	51.9369130788861
635	10	1659	NA	4.78315089760519	52.3390835453314
635	9	1696	"Hamburg, Germany"	9.99869150495861	53.5583823565888
635	7	1733	NA	5.31536213139919	52.2182542838148
635	10	NA	NA	9.60306171362592	51.2927649119105
635	8	1709	NA	4.97522810017943	52.2886946507954
635	9	1680	NA	5.00332742892123	52.3990741135364
635	7	1743	NA	4.89435756221134	52.3271933332412
635	8	1719	NA	4.95190162760554	52.281493644638
722	8	1689	"Mecklenburg-Vorpommern, Germany"	12.4512594922247	53.5741422327356
722	3	1858	NA	6.79137987981635	51.2566079693457
722	7	1706	NA	13.4518668790281	54.0980702391643
722	6	1792	"Germany"	10.5547126663329	51.0810135945444
722	9	1726	NA	9.30094673923715	49.338245593642
722	7	1804	"Germany"	10.4815666031245	51.2252535266009
722	7	1784	"Germany"	10.5148459940924	51.1164598677656
722	8	1722	NA	6.71705850975085	49.2377269259275
722	8	1758	NA	7.47703156356598	49.2642549100509
654	6	1799	NA	10.0219942242609	56.1400924260056
654	7	1742	NA	10.2761479467029	56.1687126631476
611	8	1748	NA	7.04651608936881	49.0195535585392
611	8	1724	"Baden-Württemberg, Germany"	9.38886780583796	48.5767253992964
617	4	1827	NA	8.45094793414403	52.3450654774597
617	5	NA	NA	9.67142227414076	52.3080402344433
617	4	1828	NA	8.46012042819458	52.4050018622763
617	3	1865	NA	14.5255084356257	53.3798992873756
617	3	1835	NA	8.27953703176625	52.410032797163
621	10	1647	NA	7.02414254749543	49.3002989359608
621	6	1757	NA	7.04743484861394	52.4342075770211
621	3	1858	"Germany"	10.3817711312705	51.0943698286572
621	6	NA	NA	7.68369582874814	52.0614018192487
621	5	1807	NA	8.82501892197144	50.3527093010521
621	9	1710	NA	8.55934432906027	49.8364014603202
621	9	1665	NA	7.11731342959915	49.63311237077
621	6	1796	NA	8.98712951346455	48.7655038314129
621	5	1819	"Germany"	10.4890920445726	51.0709414669603
621	2	1889	"Germany"	10.3344967755919	51.2300531699634
621	5	1778	NA	7.85854691758441	52.1768828044711
621	5	NA	NA	9.7010835989106	52.3760552678078
621	5	1822	NA	7.74931730978375	52.3175560309163
621	8	NA	NA	10.9368407545598	52.6323661164403
621	3	NA	"Germany"	10.3718630945881	51.1684781377695
621	9	1681	"Germany"	10.3306327003252	51.1719437072301
621	8	1731	NA	7.57757785925627	49.6438939115273
621	4	1812	"Germany"	10.3406627267735	51.1190422726979
621	9	1689	NA	7.5791906251164	49.519995044931
621	5	1816	NA	9.59379971638789	52.2995585721331
621	7	1745	NA	10.9564191971743	52.6580782824891
621	4	1810	NA	7.03744951725553	52.4380699444488
621	10	NA	NA	7.25171586181321	49.8238369644156
621	4	NA	"France"	2.12330136700874	46.1429398229038
621	10	1656	NA	8.59129178312122	49.8744577730425
621	10	1640	NA	-1.03512656816942	46.0788859011224
621	4	1857	NA	6.45119028797701	51.3714448435894
621	4	1857	NA	7.73287953358515	52.1316970140445
621	6	NA	NA	8.0459939705558	52.2169824474614
621	9	1717	NA	7.71359401225301	49.6546073572366
621	6	1719	"Germany"	10.3026352065365	51.0985719594285
621	8	1734	NA	10.8257717795464	52.5237470119115
621	9	1721	NA	7.36263847303409	50.1275174110626
621	10	1655	NA	8.65689973348189	49.8471294366396
621	10	NA	NA	7.63816168794272	49.6795572755189
621	10	1655	NA	7.45794239036926	49.6077647979636
621	7	1735	NA	7.11886824550339	52.491278220694
629	0	1962	"Poland"	19.0501820557635	51.9839260151174
629	1	1953	"Poland"	19.2201283412387	51.8957066026463
629	2	1903	"Poland"	19.1220448160619	52.0035978162631
629	1	1921	NA	12.5527928066977	55.7321554158084
619	6	1756	"Germany"	10.3859812216889	51.0930675615402
619	8	1721	NA	7.90507531949375	49.1370730216119
619	6	1831	NA	7.66562839503325	48.1621391777246
619	7	1747	NA	7.39571780172199	50.0745168863976
619	5	1865	NA	7.48978759074862	48.0051189811592
1047	5	1763	NA	10.2589084756676	56.1949589031262
1047	10	1594	"Netherlands"	5.16154575251656	52.2031576773896
1047	6	1787	NA	10.1688464766081	56.1286894601112
1047	8	1628	"Germany"	10.4213484830747	51.1452024033086
669	6	1801	NA	7.8936533063291	48.5790701892752
669	10	1672	NA	16.2670631078083	48.0876234715555
669	7	1736	NA	7.95153507785327	48.608001467545
669	3	1848	NA	9.86728590691699	49.3175911268202
669	4	1803	NA	8.67522338232914	49.9398536291652
669	8	1728	NA	16.1178200553396	48.0358697436646
669	8	1742	NA	16.3374295883825	48.0247776558427
669	10	1662	"Germany"	10.4801894259998	51.1978999869552
669	6	1780	NA	16.2702089145712	48.0349673323332
669	8	NA	NA	7.78884556578884	48.683593796553
669	11	1668	NA	16.1191590557763	47.9724922765048
669	8	1689	NA	7.99735606367115	48.5163823402538
669	9	1698	NA	7.85456977284353	48.5742645953262
669	8	1714	NA	16.2686117851483	47.9169467088079
669	9	1685	NA	16.2456101575352	48.0440546179005
669	5	NA	NA	9.89052463825218	49.2366083758644
669	8	1723	NA	7.97903572825105	48.647596869018
669	9	1729	NA	7.82876904230994	48.526914206675
669	8	1745	NA	16.366160974596	48.0299691074236
669	8	1699	NA	7.85524789848277	48.5511161692577
669	8	1731	NA	7.96438780618519	48.615957754497
669	10	1705	NA	16.112764290969	48.0384031545864
669	9	1738	NA	7.88991798975447	48.6299279139509
669	10	1623	"Switzerland"	8.11860046198938	46.8214286870459
669	9	1673	NA	8.12176222745682	48.8621374746791
669	9	1703	NA	7.95569902084178	48.6198497431033
669	8	1701	NA	8.0260328120346	48.5958623920079
669	9	1690	"Germany"	10.5439660963819	51.1573366103088
669	9	1693	NA	16.149860763813	48.0188531518408
669	9	1708	NA	16.2388612977959	48.0084551111615
669	5	1779	"Germany"	10.5438489180342	51.1041406844021
669	9	1715	NA	7.96911764763462	48.5826711385124
669	9	1673	NA	16.2655183047958	47.9611162642491
669	6	1797	NA	7.81545862744038	48.5179637969061
669	10	1689	NA	7.99064210328783	48.5919418244427
669	10	1651	NA	7.98873533104462	48.5354554117284
669	10	1601	NA	7.98274257381643	48.5626828633835
669	9	1667	NA	7.99987398550273	48.5670874705556
669	9	1699	NA	8.87451869154948	50.2822457829867
669	10	1646	NA	7.96080996969467	48.5375811046538
669	8	1749	NA	16.1883005572391	48.0669205238196
669	5	1787	NA	7.93754005590147	48.609306012586
669	10	1675	"Germany"	10.3785090086703	51.2444420083469
669	9	1709	NA	7.91786405961317	48.0036774413286
669	7	1763	NA	7.99301188517501	48.5033053642828
669	5	1795	NA	7.99029823739659	48.6003107467639
669	10	NA	NA	7.90581188896315	48.4989172304476
669	11	1647	NA	8.1210080718196	48.7642988469354
669	6	1794	NA	16.261547756237	47.9791469097872
669	10	1661	NA	10.2305915783387	54.2312904765609
669	10	1667	NA	8.04139689388312	48.5239871878647
669	10	1658	"Solothurn, Switzerland"	7.72001496243573	47.3602882528992
669	10	1670	NA	16.2887202587917	48.0538252564807
669	10	1665	NA	7.91354512881493	48.4913592311438
669	8	1715	NA	7.89913530970699	48.5232587668334
669	10	1652	NA	16.1174270217374	47.9231214302065
669	7	1763	NA	16.2731322452336	48.0558229175554
669	9	1658	NA	7.99322457428661	48.5515935926338
669	4	1843	NA	7.9802955109458	48.572151305989
669	10	1657	NA	7.94024882920764	48.6367641149748
669	10	1658	NA	7.80209133119073	48.5235398080963
669	10	1679	NA	7.86603832163361	48.5293904687733
669	4	1829	NA	9.73944672628923	49.1974511241828
669	5	1766	"Germany"	10.477869213446	51.1906737828474
669	10	1663	NA	7.86658933258459	48.5893946191051
669	10	1619	NA	16.3606758690947	48.0391309485178
669	8	1716	NA	16.2873239255057	47.990797737627
669	9	1678	NA	16.3278578310414	47.9702558099593
669	8	1686	NA	7.82721286982112	48.6000741570902
669	8	1719	NA	16.2568103213472	47.9992747615433
669	10	1642	NA	16.3383053588211	47.9425493488597
669	4	1818	NA	9.78158032889532	49.3022873586242
669	7	1747	NA	16.1530439922833	48.0525079925983
669	10	1641	"Lucerne, Switzerland"	8.12299961282983	47.1350621856827
669	11	1625	NA	7.35007582098359	48.3725820262044
669	8	1700	NA	16.1676700893519	47.9337019721334
669	9	1678	NA	7.78081712388288	48.5339826969007
643	10	1640	NA	9.16758869374877	48.5157093052074
643	9	1707	NA	11.873680121297	50.8746436167001
643	10	1659	"Germany"	10.3251987500236	51.1404237562251
643	10	1646	"Germany"	10.3476000304277	51.184769440965
643	10	1655	NA	14.9253628987272	51.1945602298445
643	8	1716	NA	14.877972948909	51.1446761640448
643	9	1692	NA	12.0535750203193	50.7900780215307
643	10	1655	"Schleswig-Holstein, Germany"	9.81762789444202	54.257388416316
643	9	1691	NA	12.8510915325814	50.7492365640962
643	8	1728	NA	12.0952339644759	50.956722927696
643	8	1729	NA	11.9117671317449	50.9689724650322
643	9	1667	NA	9.1896670046558	48.6364732775202
643	10	1678	NA	9.18774692665437	48.645694473866
643	8	1742	NA	11.9670298605974	50.8037930356211
650	5	NA	"Germany"	10.554572911595	51.1178374468001
650	4	1827	"Germany"	10.4097015188934	51.1343257191586
650	5	NA	"Germany"	10.4198527607233	51.191540871805
650	4	1831	NA	8.23236109579243	49.5554767871753
650	4	1855	"Germany"	10.5518460910019	51.2172292513948
650	3	1846	NA	9.21329907061578	53.2399105010892
684	8	1738	NA	9.09769338216718	48.5754495851718
684	10	1654	NA	4.67760368743188	51.5890790938687
684	8	NA	NA	9.26189264100114	48.6682758827976
684	8	1655	NA	9.11174113346941	48.7012329161665
684	7	NA	NA	9.31647011233879	48.5208986830748
684	10	1633	NA	4.7567428626237	52.3437492537635
684	6	NA	NA	11.3953467540815	48.7979145279249
684	10	NA	NA	5.007230280434	52.073793058625
684	7	NA	NA	11.4156657783351	48.840176193227
684	6	1739	NA	11.540688581211	48.7113746429889
684	10	NA	NA	5.12505851150424	51.97433424131
684	9	NA	NA	5.13846015587141	51.9614236380173
701	4	1830	NA	11.7186255026871	54.7469293573687
701	4	1827	NA	8.25817719614952	56.3575005913353
647	7	1713	NA	8.29143517913785	48.9284249068641
647	7	1704	NA	8.68295371005459	48.9809229507347
647	8	1668	NA	7.67185034961718	47.7726267356696
647	8	1685	NA	8.97228481505912	49.1326698377872
647	9	1627	NA	7.52345480951727	47.7415575380315
647	8	1681	NA	8.11425820389054	48.7773797767978
647	9	1603	NA	7.67608416341256	47.8551024797935
659	5	1796	"Poland"	19.1310274381441	51.8382352828396
659	4	1821	NA	21.2762481542704	50.0880806617099
659	3	1857	NA	21.2458235168954	50.1066783308903
659	3	1864	NA	6.83080360927391	50.9270953051638
659	3	1851	NA	16.829633171589	53.629522475163
659	5	1796	NA	21.1082986196285	49.9908751886111
659	5	1834	"Poland"	19.1490099102314	51.9468052687862
659	4	1833	NA	21.0001026726219	49.9505214195569
659	3	1856	NA	21.1725821910578	50.0188020545229
659	4	1833	NA	16.7997484116959	53.4762392155
659	2	1856	NA	21.0674541558251	50.0975798679121
659	4	1834	NA	21.1669236477572	50.0035676106424
659	5	1795	"Germany"	10.3414834573497	51.1116677329456
659	5	1828	NA	21.1965522797901	49.9661777375302
659	5	1766	NA	7.91299446005056	53.1891918269026
659	5	1795	NA	7.85226556419269	53.2299668317551
659	4	1791	NA	8.19963819317594	53.0627927337063
659	6	1773	"Poland"	19.0137385400981	51.8912638044638
659	3	1826	NA	8.36536729551966	52.8580215752318
659	3	1821	NA	8.15822173281854	53.1546948002729
659	5	1798	"Poland"	19.1508176960128	51.967962793698
659	5	1803	NA	20.9817421307542	49.9333076121807
659	4	1792	NA	8.20411637842006	53.2183606309422
659	4	1865	"Poland"	19.2891849278914	51.9904968041199
659	4	1801	"Poland"	19.2303043308035	51.907146682035
659	5	1761	NA	8.09107192107079	53.1051913631989
659	4	1822	NA	21.2601768320411	50.093581323048
659	4	1841	NA	21.1097970509843	49.878994527085
659	5	1808	NA	16.8499549730759	53.8660210146449
659	4	1862	NA	21.1702541507671	49.9848130250477
659	3	1824	NA	21.1238717623962	50.045142085484
659	5	1778	NA	9.40859670163575	53.8272685216063
659	3	1879	NA	21.1747888032203	50.083155190537
659	5	1773	NA	21.063290891703	49.9617835697745
659	4	1816	NA	16.9533731313794	53.5658770145939
660	7	1692	NA	7.14720086528173	49.355512002673
660	4	NA	"Germany"	10.3580596721866	51.2398441852849
660	7	1717	NA	9.23677834651217	48.8366902949752
660	8	1696	NA	8.27883957635749	49.3736462536656
660	7	1744	NA	9.15967506950089	48.7905828072449
660	4	NA	"Germany"	10.4903644996879	51.1680417060457
660	8	1727	NA	9.28448414655003	49.4651687729294
660	8	1699	NA	7.99122616521947	49.5304526818113
660	3	1836	"Germany"	10.446296574616	51.1210267841361
679	10	1688	NA	7.56350771295309	46.8329056201995
679	8	1749	NA	9.82921841350966	52.4321303610917
679	9	1728	NA	7.87124357478538	46.6973877286637
679	3	1827	NA	8.99341063737066	53.0260057397497
679	10	1666	NA	7.40341393337562	46.7469756114599
1089	6	1744	NA	17.1184030567732	51.0145381012792
720	4	1830	NA	9.03771569306354	54.2049898600167
720	4	1845	"Germany"	10.5041323606045	51.1490892378133
720	4	NA	"Germany"	10.310655691292	51.0832478758288
720	9	1756	"Netherlands"	5.21470929781462	52.0942215359527
720	9	NA	"Netherlands"	5.37408219995228	52.1620133210867
720	3	NA	"Poland"	19.2300607779794	51.8616049207482
720	5	NA	"Germany"	10.4156519488633	51.157092590868
720	3	1876	"Poland"	19.0152620657224	51.9113161271552
720	4	1845	NA	11.2898635290791	53.4513905958311
725	5	NA	"Germany"	10.4218489052418	51.2486147458386
725	5	NA	"Germany"	10.5338772754933	51.0774440033039
725	4	NA	"Germany"	10.5190876783369	51.2531765689141
725	4	NA	"Germany"	10.3727628757639	51.2253210019535
762	9	1652	NA	8.30557631660441	48.7526792917253
762	9	1648	NA	7.46812452350915	47.8572946706127
762	8	1693	NA	8.27276960044839	48.9360933895514
762	4	1834	"Germany"	10.4290817690129	51.1341735533344
762	9	1654	NA	8.77097478789331	49.0693173477245
762	10	1625	NA	7.58724027760221	47.8660583981238
762	3	1853	"Germany"	10.507827509142	51.1706484209103
762	4	1846	"Germany"	10.3836065452308	51.158576922062
762	8	1689	NA	8.73620520867893	48.9377871044942
762	10	1611	NA	7.60302739436935	47.7289682480322
1108	4	1770	"Germany"	10.4727136139202	51.2518891745568
1108	5	NA	"Germany"	10.4892862847609	51.1194518344736
1108	5	NA	NA	10.4606538718167	47.7916657236959
1108	4	1809	NA	10.345694127571	47.8679757862388
1108	3	1813	NA	10.1182560812521	49.0718959018926
1108	3	1819	NA	10.1330895224069	49.2027620724864
1108	5	1732	"Germany"	10.5419755393661	51.210117625536
1279	3	1811	NA	10.0606460184901	49.0478054409647
1279	3	1815	NA	9.9510463403075	49.2180751371304
766	6	1800	NA	7.67408152097011	46.8058981475626
766	4	1830	NA	7.65685880049782	46.8545901358238
766	3	1872	NA	7.68379693556179	46.8694543044839
766	3	1844	NA	7.84642710083463	47.1489215879778
766	5	1814	NA	7.83703534745731	46.8376431862226
766	3	1835	NA	7.34787813183502	47.1182052430926
766	6	1784	NA	7.82402697372536	46.8696766895498
766	3	1865	NA	7.71003630905318	47.1035521691061
766	4	1821	NA	7.86063014809287	46.8303788535345
766	5	1797	NA	7.59963644293765	46.8496089024714
766	4	1810	NA	7.84278086683318	47.0888818768908
766	4	1860	NA	7.3372116448664	47.0283736840648
766	5	1795	NA	7.95495930993852	46.908211436426
766	4	1854	NA	7.95342541325623	47.01373949015
763	9	1637	"France"	2.27274837858396	46.2840237958563
763	10	NA	NA	4.41807872641922	47.0938012239924
763	10	1609	NA	-1.09952310300522	46.15418944626
763	10	NA	NA	0.737247963053269	48.5394018178212
763	7	1723	NA	4.64037812147002	45.4611791824724
763	10	1589	"Fribourg, Switzerland"	7.28681166115086	46.8511142049749
763	10	NA	NA	0.725459101811134	45.2045761683666
763	10	1601	NA	-0.00752360999636743	46.8778965148682
763	11	1596	"France"	2.14103940777014	46.2614705535965
763	10	1594	NA	-1.24162953017011	46.0843601247396
763	10	1650	NA	4.75556146817298	47.0578225091598
763	11	NA	"France"	2.21909703340582	46.1650477817667
763	10	NA	NA	0.663035957950916	48.5729952337928
763	10	1653	NA	2.21255578335801	48.8541583469891
763	10	1590	NA	0.33482073317804	49.6975942359321
763	9	1622	NA	-0.749467259037642	45.6987228270189
763	10	NA	NA	4.36074928585848	47.1301705738168
763	9	NA	"France"	2.29149471942811	46.1419869954881
763	10	1640	NA	0.294334847004536	47.3717212758643
763	10	1597	"France"	2.19646460283102	46.1991546244104
763	9	1656	NA	-1.67489698015856	48.1482066850166
763	11	NA	"France"	2.32520862832854	46.2560403323291
763	8	NA	"France"	2.33276359048221	46.1574442921965
763	10	NA	"France"	2.27181727330941	46.1741504927588
763	10	1595	NA	-0.280123903194499	45.9156722729462
763	9	1623	NA	0.640647900250564	48.6319073075367
763	10	NA	NA	0.205632840251935	46.9383151638018
763	10	NA	NA	1.13651647077886	49.4400972549623
763	10	1600	NA	-0.240715200141081	49.2734410705696
763	10	1622	NA	-0.256153385909004	45.9511734995612
763	9	NA	"France"	2.20280081168733	46.2879033170406
763	10	1586	"France"	2.23419939453918	46.2191422012315
763	9	NA	"France"	2.26763065703419	46.2724847358069
763	11	1638	"France"	2.26449183704898	46.2661220486122
763	10	1632	"France"	2.16439839494539	46.3065583262953
763	9	NA	"France"	2.13275123652649	46.1723912550536
788	5	1852	"Baden-Württemberg, Germany"	9.37132407923848	48.6828781995043
788	4	1870	"Germany"	10.5292429168666	51.0845470605678
788	4	1861	NA	11.5996614272972	48.8148609722986
788	5	1849	"Germany"	10.528295343061	51.2018658067584
788	5	1819	NA	9.63098282277899	52.3662005007395
788	5	1856	NA	8.76473064252548	49.8287391635712
781	8	1702	NA	7.24998569371311	50.1215086729689
781	8	1718	NA	8.25422419778262	49.3372098527092
781	7	1714	"Germany"	10.3323268751909	51.1293009636232
781	3	NA	NA	14.0834417756923	53.379283821547
781	8	1698	NA	7.13682758867461	49.5622851324028
781	8	1708	NA	9.00435984117615	49.0459501460411
781	8	1707	NA	8.13923259578422	49.5410243029396
781	8	1709	NA	8.94960538973259	49.2145247338291
781	3	1818	NA	14.0191609082475	53.4729099372705
67	8	1677	"Zürich, Switzerland"	8.64496796566489	47.386795364877
67	8	1668	"Switzerland"	8.29253271215411	46.7815268783726
67	8	1706	NA	7.24204440465831	49.9414933616911
67	7	1721	"Germany"	10.5776417280906	51.233381267923
67	7	1737	"Germany"	10.5144060573621	51.2173584550641
67	8	1709	NA	8.7774491946905	47.377618949268
67	7	1672	NA	8.26178297011308	49.3691875987568
67	8	1696	"Zürich, Switzerland"	8.47960757585718	47.34267449107
67	7	1707	"Bern, Switzerland"	7.4437669196486	46.996040828207
67	7	1726	"Germany"	10.3737278433515	51.1796451864901
67	10	1570	NA	8.76369261510207	47.4645937209447
67	9	1647	NA	9.07984288927615	49.2978705184593
67	8	1703	NA	8.86430490222939	47.2537694827417
67	8	1650	NA	8.77617594884571	47.3850867458083
67	10	1659	NA	7.68453343917911	46.8453022709669
67	10	1593	"Zürich, Switzerland"	8.46152211765932	47.3091047450784
67	10	1641	NA	7.59707069436804	46.8403304971065
67	9	1685	NA	7.69225162959854	46.9271247383706
67	9	1647	"Zürich, Switzerland"	8.58286690397127	47.3439793392452
67	10	1607	"Zürich, Switzerland"	8.52048734632091	47.4055400938243
67	7	1738	NA	7.15118229924568	50.8952040862278
67	7	1696	NA	8.8482103063183	49.2544797233659
67	9	1695	NA	7.74913428569527	46.9836588639995
67	9	1694	"Bern, Switzerland"	7.40898439305564	46.9270869971832
67	9	1661	"Bern, Switzerland"	7.32810792470107	46.8678055061017
67	7	1749	"Germany"	10.4972206276302	51.2161920345591
67	8	1686	NA	7.71379154856459	46.8254728174673
67	7	1755	NA	9.73650054502143	52.3801761628816
67	10	1614	NA	8.6656061225356	47.287765109465
67	8	1666	NA	8.87980556015353	47.2910156361677
67	10	1644	NA	7.56205898537478	46.9751125803936
67	9	1645	NA	8.37871045188458	47.3482263584177
67	8	1641	NA	7.71265998317374	46.8330034451605
67	7	1673	NA	8.05269736649138	49.1752155773757
67	7	1809	"Germany"	10.4955786165456	51.210742847842
67	9	1641	NA	7.82574975892537	46.8630589667839
67	8	1668	NA	8.85305518714789	49.1904121689949
67	9	1674	NA	7.42082134062962	46.9921780639351
67	9	1645	NA	8.91740065819271	47.2794384447884
67	9	1671	NA	8.93119208762959	47.3651395472305
67	8	1702	"Germany"	10.4932257093456	51.1355313924458
67	9	1651	NA	8.75040116357026	47.4226448364425
67	7	1762	"Switzerland"	8.31213963021022	46.8067821066266
67	10	1622	NA	8.76268942997708	47.4467172995518
67	6	1739	NA	7.62635677651495	49.4062962305202
67	8	1639	NA	8.43999029281844	49.9757532629339
67	8	1718	NA	8.25423118208019	49.4439910976504
67	8	1695	NA	7.59665839847699	46.874682216365
67	10	1715	NA	0.496325856238746	43.0298799660382
67	10	1627	"Germany"	10.3953180829852	51.2285037893104
67	8	1701	"Germany"	10.3985076765037	51.1216037650585
67	9	1652	NA	7.8046363366523	46.7910701499031
67	9	1636	NA	7.60207335281914	46.9770957829205
67	10	NA	NA	8.5125476816819	47.1777688410129
67	9	1636	NA	8.58718470525214	47.3271184177657
67	9	1669	NA	7.48903871490378	46.7975902037128
67	9	1616	NA	8.88784902566708	47.419491996891
67	10	1626	NA	8.65842309978242	47.37205866432
67	9	1683	NA	7.72046361331991	46.8067184500375
67	10	1585	"Bern, Switzerland"	7.51527839685248	46.8880662746765
67	7	1737	"Hessen, Germany"	9.11244637339473	50.6149827685463
67	10	1657	NA	7.64323713947664	46.9647327853544
61	2	1905	NA	22.0098846161217	48.2783538317872
61	5	1790	NA	21.3734432043343	49.5787665974682
61	3	NA	"Poland"	19.2110709470534	51.9331054807789
61	3	NA	NA	21.2930881599548	49.5253147991557
61	3	NA	"Hungary"	19.5068864369941	47.1856663734789
61	3	NA	"Poland"	19.1626182189611	51.9165976484084
61	3	1882	NA	21.265270640943	49.5314485579612
61	4	1799	NA	21.3509784695748	49.5828277060563
61	2	1911	"Baranya, Hungary"	18.1959291976134	46.0400484015009
61	2	1891	"Austria"	14.608042707933	47.4903753240811
61	2	NA	NA	20.969234960924	52.1313561897876
61	5	NA	NA	21.4294853955944	49.5278202320872
806	1	1960	NA	6.08380030249018	53.1593147873608
806	1	1943	NA	4.64636409911968	51.9973640807026
813	5	1839	NA	7.97499904980195	48.909766915606
813	9	1653	NA	9.6207957042138	48.7777543540532
813	8	1707	NA	7.8566683033255	48.8872433814178
813	5	1812	NA	7.94733432459665	49.0110850909613
1057	10	1623	NA	4.97058613141253	52.4503286386538
1057	10	1603	NA	4.42471201840338	52.1756821520504
1057	10	NA	NA	7.04271668660573	52.5167609557975
1057	10	1672	"Denmark"	9.52128801317825	56.1940411102131
1057	10	1647	NA	2.87163877617824	50.772181123123
1029	10	NA	NA	12.2139366034982	54.0771795958163
1029	9	1678	NA	14.6022233159394	52.5591289414324
1029	7	1762	NA	13.0252310025201	54.3378475802959
1029	9	1708	NA	12.9991928371764	54.3044151901474
1029	6	1769	"Denmark"	9.40460049787379	56.2917201778897
1029	10	1598	NA	9.33717341431052	55.7136987147015
1022	10	NA	NA	12.1761380733657	54.1115422253358
1022	10	1645	NA	9.17425603928111	55.581152353566
1022	6	1806	"Denmark"	9.5164789946074	56.2673671856948
1022	9	1670	NA	14.4595572595148	52.6384643640146
1022	7	1772	NA	13.0140474579372	54.3312792762092
1022	9	1650	NA	13.1135760962569	54.2194112235281
886	4	1845	NA	7.38920230658483	48.3583550224959
886	7	1719	"Switzerland"	8.11546722997233	46.8586655447215
1644	2	1901	NA	23.577602908558	51.5339023598613
1644	2	1895	NA	23.5410650831998	51.6365802070978
850	1	1965	"Hungary"	19.5652602753157	47.2023798904423
965	9	1618	NA	10.756171916526	53.783109393663
817	5	NA	NA	10.8941319731962	49.8208349861039
1619	2	NA	"Germany"	10.5421624623486	51.1460005635794
898	6	1801	NA	8.64116948311237	53.1461119740508
898	5	NA	"Netherlands"	5.38452815222479	52.1182461801403
898	3	1879	"Germany"	10.5710770768713	51.2203418226658
898	5	1808	NA	7.61766635655128	51.9432750197712
898	10	1642	NA	8.99454849976713	54.4546349615509
898	6	1754	NA	8.71760273494949	53.0536226698332
898	5	1775	NA	10.1202286318101	48.2455586232953
898	10	1642	NA	7.32864897896134	48.8970104431707
898	9	1729	NA	15.5040603748449	46.8449160004122
898	6	1747	NA	10.1701651754528	48.2278919759658
898	10	1708	NA	8.73600638041381	49.0419875289012
898	8	1713	NA	8.83920074222545	49.2028822549266
898	7	NA	NA	9.97875802957126	48.8121970119936
898	4	NA	NA	9.74739807761445	52.4047262545139
898	4	NA	NA	13.4565689947885	52.4303058926368
898	7	1736	NA	10.2788449670141	48.0866691651455
898	6	1793	NA	13.7231721654267	54.3416179823878
898	5	NA	NA	13.5015689857979	52.4696298739367
898	5	1802	NA	8.94213424264519	51.8848422139874
898	4	NA	"Hessen, Germany"	9.10886573170463	50.6262816620575
898	6	1775	NA	8.54117563645569	51.3119236404288
898	5	1787	NA	13.3533563924188	52.4101036856967
898	5	1817	NA	8.84440830674235	53.0657878014461
898	4	1831	NA	8.736208007687	53.011787224317
898	6	NA	"Germany"	10.4177584307637	51.1984934742569
898	5	NA	NA	13.4214343317118	52.4066797259155
898	10	1628	NA	5.07043408023728	51.3176444329938
898	3	1860	"Germany"	10.5626932185606	51.1891608038391
898	5	NA	"Germany"	10.4383610566152	51.2299177725094
898	5	1799	NA	7.61269097179698	50.3004000452534
898	7	1741	NA	8.51238630688048	53.1217418505855
898	4	1826	NA	10.0046792387248	48.3091682740006
898	5	1820	NA	9.70383546467269	52.3399246994171
898	10	1624	NA	7.15103895116611	49.008958865627
898	5	NA	NA	9.37658136599699	51.3418099361309
898	10	1690	"Baden-Württemberg, Germany"	9.26044750464675	48.7589680077303
898	4	NA	"Hessen, Germany"	9.07329056917169	50.7157761380738
898	7	NA	NA	7.57217667917177	50.4026504622753
898	4	1846	NA	7.58026329537468	50.3541835280953
898	4	NA	NA	8.58026738469921	48.6414849338317
898	3	1833	"Germany"	10.4908729700585	51.2065171356426
898	5	NA	NA	13.3711141819932	52.4318566408589
898	5	1830	NA	10.2789479698165	48.3128413387856
898	9	1744	NA	8.79886769268269	49.1130887675451
898	6	1774	NA	11.7246460584399	48.6031935203669
898	4	1861	NA	10.288250457772	48.353814850655
898	5	NA	NA	13.3210494837323	52.4767663665761
898	5	1829	NA	7.50291001901017	50.3432749388288
898	9	1716	NA	8.81763293256449	49.2438359168455
898	8	NA	NA	10.2300710782969	48.051588842506
2546	4	1815	NA	9.58308995072118	50.8963752606768
1007	3	NA	NA	14.7685873046105	51.5779001194919
824	8	1688	"Switzerland"	8.27942094838048	46.8564644944565
824	9	NA	"Switzerland"	8.18024061970947	46.910852975677
824	7	NA	"Germany"	10.4920036264664	51.2224048140222
824	8	NA	"Switzerland"	8.11080959125781	46.8606419310718
824	6	1737	NA	7.7488342692568	51.3550800405228
824	4	NA	"Germany"	10.3561204091419	51.0877359686997
824	6	NA	"Germany"	10.5348451051925	51.1697192003722
824	8	1715	"Switzerland"	8.28491868245616	46.800272873707
1534	4	1828	NA	16.4797190093872	50.6689465800578
1534	3	1887	NA	16.7055987893105	50.6554649444211
1534	4	1852	NA	13.5670232830159	52.4840016888276
1534	5	1800	NA	16.5570806512849	50.6379114025973
1534	5	1817	NA	16.5667091047809	50.7875915801169
896	5	1740	NA	9.09660992092616	54.9141849944341
896	4	1824	NA	8.82255468551394	54.8244865215573
896	2	1863	NA	8.59139964961979	54.8440258484689
896	6	1711	NA	8.56684467339405	54.8830233414355
896	3	1811	NA	9.61200926037691	53.8385838151552
896	5	1737	NA	9.69710206401043	53.8328086585044
896	4	1833	NA	8.79622292827373	54.9158610907339
896	3	1823	NA	8.84167541311065	54.9095560235913
896	6	1730	NA	8.56610504816726	54.8561453358891
896	7	1720	NA	9.74359196566191	53.7907024058058
896	7	1709	NA	8.82314557244063	54.9532443914969
896	4	1802	NA	8.95274667874	55.0651192626567
896	4	1797	NA	8.84597826550194	55.3581928875939
896	6	1711	NA	9.076384330606	54.9507204922651
896	6	1729	NA	9.93337801907962	53.6806759649338
896	6	1746	NA	8.57393590334491	54.8695792714254
896	4	1814	NA	9.81254428359361	53.8026657614745
896	4	1793	NA	8.64090592902921	54.8277631757714
896	2	1841	NA	8.78254937457233	55.0137655882719
896	6	1703	NA	9.80032849363431	53.8314710054075
896	6	1716	NA	8.94988912361362	54.9669200195498
896	3	1858	NA	8.61184070727522	54.9599205279341
896	6	1728	NA	8.74129444746727	54.9471310368061
896	7	1671	NA	7.18626767004495	52.91562234873
896	5	NA	NA	8.86316593596043	54.8182968473585
896	3	1837	NA	8.8255961225125	54.9630940413451
896	7	1700	NA	8.73456538384556	54.925770727797
896	5	1762	NA	8.66027924257986	54.8970560766639
896	6	1715	NA	8.75810365805226	54.8794877579223
896	5	1751	NA	8.73611704997735	54.8184346590277
896	7	1702	NA	9.7118373853713	53.781767804169
896	4	1840	NA	8.9927759124636	54.9593629474436
896	6	1715	NA	8.83101406040369	54.8721713419094
896	4	1808	NA	9.5659517235047	53.7478557460713
1028	7	NA	NA	10.0751924308978	52.6808798320047
902	9	1685	NA	9.57962281022193	51.3087598653738
911	7	1765	NA	7.79757948001934	49.1588527943994
911	7	1772	NA	7.97478366470569	49.1721645052843
911	8	1776	NA	7.86094916919419	49.0167775453951
911	10	1669	NA	7.15537586623055	47.1191783027231
911	8	1735	NA	7.8723697601656	49.265387023417
911	10	1674	NA	7.18327941241765	47.0970238973101
911	8	1769	NA	7.77398665325119	49.4637800363964
911	9	1721	NA	8.26668119690161	48.993035770562
911	5	1839	NA	7.51292290948343	48.322758151607
911	10	1704	NA	7.91634676228499	49.2515307747124
911	9	1707	NA	7.34893933119804	47.001015666677
911	8	1763	NA	7.83878559101847	49.0115851901758
911	8	1735	NA	7.83069868571912	49.2361770412919
911	7	1816	NA	8.19602642334589	48.9918209033618
911	9	1682	NA	8.00706181462483	49.2620819998668
911	6	1767	NA	7.96290421617223	48.8708346019867
911	9	1678	NA	7.95366285859098	49.1897780046026
911	6	1795	NA	8.0279469887019	49.2091578326465
911	7	1808	NA	7.87126404462374	49.0741156812655
911	7	1789	NA	8.1924125003488	49.3309051192166
911	8	1721	NA	7.84277198869891	49.2210781774882
911	8	1736	NA	8.32808117649837	48.9284860765025
911	6	1825	NA	8.5494503617388	49.3173695383043
911	7	1794	NA	7.97488361428017	49.1220255106697
911	10	1721	NA	7.43404000018827	46.9771606774431
911	8	1782	NA	8.15244362968975	49.1324170432263
911	8	1777	NA	7.96815834267476	49.1406863597943
911	8	1755	NA	8.18233104506796	48.9260553655833
911	8	1749	NA	8.07689190792668	49.3660982670861
911	6	1789	NA	6.66836814240145	49.7240710413788
911	9	1757	NA	8.09997606831239	48.9384661759254
911	8	1752	NA	7.92149746144142	48.8311575832555
911	7	1789	NA	8.14195955593991	48.9804795281471
911	9	1695	NA	8.11690679123482	48.8821414779385
911	10	1715	NA	7.77449524015012	49.1525304775334
911	9	1705	NA	8.1928927650626	48.9152233509411
911	7	1742	NA	7.86473940935669	49.0944999166763
911	9	1710	NA	8.2772053344553	48.8973117941575
911	10	1706	NA	7.10835626027349	47.0795519706931
911	7	1793	NA	7.39506921077468	48.6305070724601
911	7	1798	NA	8.12855561557389	49.2320547346127
911	7	1777	NA	8.09862137836064	49.1828377063937
911	9	1733	NA	7.73824887611987	49.11581376782
911	8	1766	NA	8.07027602181879	49.2567953685625
911	7	1742	NA	8.2598181054181	48.9608410733113
911	9	1705	NA	7.91895659270175	49.13764291727
911	8	1754	NA	8.14687505452123	49.1359817101896
911	7	1734	NA	7.5283878168632	48.2754231523551
911	5	1873	NA	8.45534837932485	49.2943137877535
911	9	1714	NA	7.89586042142477	49.2079495381046
911	6	1807	NA	7.4267230573568	48.253776264357
911	10	1717	NA	7.91552385181125	49.2735650628485
911	10	1673	NA	7.86981525931015	49.2080726632312
911	8	1751	NA	8.06910232460048	49.1614625819178
911	7	1807	NA	7.96973258901318	49.200860095814
911	5	1817	NA	7.45185167988674	48.3365594284137
911	6	1778	NA	7.9821266077834	49.1300093969468
911	7	1793	NA	11.0248336881424	49.0050189999017
840	6	1819	NA	5.76710532278884	49.1345605014346
840	9	1746	NA	8.69431835834097	49.4298072096071
840	5	NA	"Germany"	10.3756407875716	51.144937818975
840	5	NA	"Germany"	10.5735935123442	51.0682493308413
840	6	1816	"France"	2.21978059285716	46.2957359705744
876	4	1901	"Austria"	14.6073196344445	47.514925246973
876	3	1887	"Austria"	14.4276240192233	47.4786802954045
876	3	1907	"Poland"	19.2617539481436	51.8804474569292
876	3	1912	NA	16.2969430272486	48.2905953813884
876	2	1917	NA	16.4286184201019	48.2458239763137
876	4	1856	NA	18.2069572202257	49.7145670493085
958	3	1815	NA	17.519074942003	54.0293745088702
958	4	1801	NA	18.2330502024073	54.3515576129252
958	5	1801	"Poland"	19.1734527274427	51.8846284099937
958	5	1791	"Poland"	19.0626823059208	51.9251055421935
958	4	1785	NA	18.3188469426057	54.7519118174274
958	4	1839	NA	18.4005709057554	54.704240938754
958	3	1857	NA	18.5325748875811	54.712175024969
958	5	1741	NA	18.2772315081174	54.7713343586879
958	4	1829	NA	18.1369362877374	54.1597810621944
958	5	1789	NA	18.3282499503598	54.7996652010452
958	4	1807	"Poland"	19.2387529254822	51.8535944404232
958	4	1856	"Germany"	10.3785075783499	51.1167235892677
958	3	1849	NA	17.5501497317768	53.9867098405924
1001	6	1737	NA	9.30266481615065	54.8051691712298
1001	4	1828	NA	5.12681377863666	50.8586811740386
1079	8	1660	NA	9.24547789610888	55.6337571693957
1069	3	NA	"Switzerland"	8.22451076372949	46.7348949417678
1069	2	NA	"Germany"	10.3194641578033	51.139436507614
992	2	1860	NA	18.4177007249337	51.2923501081161
1024	2	1926	NA	5.91553262944606	53.0163080255537
1024	2	1929	NA	6.18565321550408	52.0250241826012
1024	1	1943	NA	5.8075553865071	52.9909603203702
1024	1	1956	NA	6.20411338759283	52.2020772156525
947	6	1711	NA	8.63399339716335	49.7855395511464
947	5	1812	NA	8.78243151962666	49.6908187442672
947	5	1764	NA	8.81161758249232	49.6193642380617
947	4	1795	"Germany"	10.5532234810219	51.2482862605296
947	4	1827	NA	7.49590256808454	53.1776049686436
947	4	1812	NA	9.82748229150759	52.286035513274
947	3	1841	NA	7.35706047334514	53.551241894227
947	5	1788	NA	8.74339218079491	49.7315371876626
947	5	1779	NA	8.83410094026743	49.6319607588388
947	8	1671	NA	8.95420869787377	50.3473011534718
947	6	1747	NA	8.60261601032468	49.7066193584075
947	8	1696	NA	8.84935036047648	49.7116739621811
947	7	1812	NA	9.59099212905566	48.2776471123583
947	6	1742	NA	8.78385292875713	49.74890562162
947	4	1816	NA	8.59713274380539	49.8483404366063
1102	4	1831	NA	8.57279242476551	50.1113898323586
1102	2	1841	"Germany"	10.4039488796067	51.1280851106572
1102	1	1953	NA	14.5516711046121	50.0454628228277
1102	2	1880	"Germany"	10.573720134275	51.142461908948
1102	5	1817	NA	8.57093701678023	50.0248190576963
1102	5	1826	NA	8.96273421477844	49.5955771149001
1037	8	1744	"Germany"	10.4301941389132	51.145046931021
1037	8	1779	"Germany"	10.3635628488078	51.1757794859148
1037	9	1755	"Germany"	10.3286735851619	51.2426071780417
1037	9	1733	"Germany"	10.5850619828996	51.17987690964
1037	7	1783	"Germany"	10.5866103348803	51.2023370565902
1037	5	1833	"Switzerland"	8.27015812629415	46.8658142218348
1037	5	1781	"Germany"	10.4825183683654	51.1888802707632
1037	6	NA	"Switzerland"	8.20918725311279	46.8866240335538
1037	6	NA	"Switzerland"	8.35643821327538	46.8477146132728
1037	9	1714	"Germany"	10.4330637965128	51.1700049094526
1037	5	1852	NA	9.81684942024718	52.3993077092422
1037	9	1724	NA	8.53279956105407	49.3555778158623
1041	9	1654	NA	6.94265564208178	53.0187726455933
1041	9	1654	"Groningen, Netherlands"	6.43734604201357	53.1662206966053
1041	4	1781	NA	4.46033211196542	51.8693021606555
1041	3	1842	NA	6.92644614733192	53.0999164803914
1041	5	1822	NA	7.12179411883772	53.1009366975923
1041	7	1743	NA	7.09377554882421	53.0760852008097
1041	7	1731	NA	7.07386693454595	53.0899772073978
1041	6	1761	NA	6.88173847794561	53.0219963601111
1041	8	1709	NA	7.04645168357988	53.1624943562352
1041	6	1736	NA	7.09834348236901	53.1480603830348
1041	4	1813	NA	6.9769291914408	53.0873019771765
1041	6	1773	NA	7.10998978951588	53.0905501652947
1041	8	1674	NA	6.98818845633069	53.0336195186899
1041	4	1803	NA	7.02732305533135	53.1454820659713
1041	7	1751	NA	7.00697832615123	53.0391299416363
1041	8	1684	"Groningen, Netherlands"	6.63927657892122	53.2164652936788
1041	7	1706	NA	7.03793494518002	53.1299605568047
1041	3	1880	NA	7.07328121480276	53.0928051580861
1041	5	1813	NA	6.87696033127993	53.169578696063
1041	3	1885	NA	4.79585931140343	52.4306574324429
1041	6	1737	NA	7.09326658490298	53.0630589673234
1041	4	1809	NA	4.19838602619976	51.797255788444
1041	9	1632	NA	6.86151342935153	53.0618491395414
1041	3	1888	NA	4.26194690319246	51.7918594942054
1041	4	1837	NA	4.89765218072461	52.4665621892011
1041	8	1678	NA	6.87112762854137	53.114901021538
1041	8	NA	NA	7.17324428376786	52.978914446414
1041	10	1615	NA	6.95757392511559	53.1483966011954
1041	4	1866	NA	4.83003271894527	52.4808455833309
1041	5	1780	NA	7.00436434652616	53.0388794749342
1041	5	1796	NA	7.05744928723478	53.0645935725599
1041	4	1816	NA	7.05628732512902	53.2189450044615
1041	6	1760	NA	7.01368717560817	53.1694903866157
1100	2	1907	"Denmark"	9.42039344809543	56.3342300526814
1100	2	1910	"Denmark"	9.53595214142823	56.1743628633779
1100	2	1889	"Denmark"	9.63531550744143	56.1747878344265
1100	1	1954	"Denmark"	9.50403097247579	56.2432548435227
1100	1	1960	"Denmark"	9.36891895623294	56.1891141197229
1100	2	1921	"Denmark"	9.57476676421781	56.3128353935629
1097	1	1898	"Netherlands"	5.17580669161287	52.2062954721344
1141	6	1803	NA	17.8405100818024	50.5085630000935
1141	5	1838	NA	17.8988041936426	50.5471369037614
1141	3	1900	NA	17.6929733053732	50.426546147267
1141	5	1833	NA	17.7481784942348	50.4129384713838
1141	4	1821	NA	17.8991170243571	50.4945507798691
1141	6	1758	NA	17.7134554287761	50.4102325150648
1141	6	1755	NA	17.6715116110431	50.5139647162046
1141	6	1775	NA	17.7035608392529	50.441414588916
1141	5	1827	NA	17.7385215282828	50.4424846190675
1141	4	1847	NA	17.6991428024699	50.5637238030255
1141	2	1917	NA	17.6769562794451	50.4816283219605
1141	6	1774	NA	17.8388235175428	50.4397105012773
1141	6	1739	NA	17.7087199934532	50.5263808298088
1106	4	NA	"Germany"	10.5497326573536	51.1544904718841
1106	4	NA	NA	21.8034753201681	47.5412435413326
1106	4	1820	"Netherlands"	5.35278935129087	52.2019612730549
1106	3	NA	"Hungary"	19.5113227311116	47.2411700823411
1106	4	NA	"Hungary"	19.4096344197232	47.1515314215279
1106	2	1910	NA	19.2233130071029	49.1507643248165
1106	4	1864	"Germany"	10.5344183947777	51.2241777565427
1106	4	NA	NA	20.379845659561	48.0401738820358
1106	4	NA	"Netherlands"	5.38403625310483	52.0782011150881
1149	3	1876	NA	7.61345539555067	46.5708396753206
1149	3	1882	NA	7.53262892967449	46.5859982915771
1189	2	1925	"Denmark"	9.54505680885509	56.3447486094425
1189	1	1893	"Denmark"	9.57942767395355	56.258250987878
1189	3	NA	"Denmark"	9.45003928205241	56.3413690624332
1189	3	NA	"Denmark"	9.44562385094234	56.2319243558406
3414	3	1905	"Austria"	14.4957319998263	47.5936160599621
3414	3	1883	NA	15.2517748509832	46.6526415516866
3414	2	1912	NA	5.8606478664049	50.7164946665387
1327	2	1917	"Poland"	19.1057299774261	51.9716834522116
1390	10	NA	NA	10.6293899430009	53.7919087170589
1264	4	1847	NA	5.01100636420049	52.4427601565896
1264	5	1808	NA	9.18045223043278	47.0101505940793
1264	5	1759	NA	4.31195923538301	52.0578525780605
1264	9	1646	NA	13.3105785090046	54.2715176678182
1264	10	1664	NA	9.13722391133089	46.9476911240316
1264	10	1612	NA	9.21036885444721	47.1281110808059
1264	9	1744	NA	8.95527439585884	46.9794150213102
1264	10	1647	NA	8.98540897926912	46.968758774586
1264	7	1719	NA	8.6937826047377	49.3163502966152
1264	6	1762	NA	4.82507531245491	51.5051996927937
1264	2	1909	NA	4.61821766211172	52.3854377170077
1264	7	1732	NA	8.40732557505591	49.5532765445755
1264	9	1667	NA	9.0082718504611	46.9650425946336
1264	6	1794	NA	4.95716299942821	52.3142663613996
1264	10	1671	NA	9.06563130724569	46.8674831076168
1264	5	1844	NA	9.0869290608578	47.0873804699804
1264	6	1828	NA	9.07498278456435	46.9260203070665
1264	10	1629	NA	13.0712349693878	54.2787939347868
1264	4	1824	NA	4.20172499030763	52.1525204181437
1264	5	1799	NA	5.00576703393781	52.2930926375602
1264	9	1657	NA	13.043926476438	54.2370971824585
1264	4	1837	NA	4.42136448525619	52.076805940463
1264	9	1716	NA	9.17141930896478	47.0331549282897
1264	8	1699	NA	13.0485197359142	54.2179700423972
1264	10	1620	NA	12.9941631327066	54.3947464564958
1264	10	1648	NA	5.16202697985999	51.8025566684859
1264	10	1676	NA	4.3850653481375	51.8482053975486
1264	7	1750	NA	4.75426529045408	52.4667687053473
1264	9	1655	NA	4.18774120998606	51.9665885343127
1264	8	1703	NA	4.85723411969762	51.7890590057752
1264	6	1802	NA	4.25429129793145	52.000474063017
1264	7	1748	NA	4.21949608361088	52.0455419380788
1264	9	1677	NA	11.6388305113463	51.9855399008989
1264	9	1693	NA	8.98495934175366	46.9894714382289
1264	8	1718	NA	9.00610149508189	46.9084696398731
1264	10	1655	NA	8.95371716072403	46.9588735503836
1264	8	1745	NA	7.14379048880547	49.7099216924769
1264	10	1601	NA	13.1442737129464	54.3150691379745
1264	8	1749	NA	9.03083139476977	46.8605899686712
1264	9	1653	NA	5.06103279873551	51.7355094342761
1264	6	1779	NA	5.41192797944981	52.0261273895651
1264	5	1802	NA	4.28694553167403	51.8966407921576
1264	10	1656	NA	8.97213927557993	47.0405747202505
1264	9	1709	NA	8.90004467912144	46.8378883922105
1264	10	1674	NA	5.13729387903212	51.8425288993023
1264	8	1773	NA	9.17892827232168	46.9833819050058
1264	8	1666	NA	8.91762844341032	50.1794723421071
1264	7	1739	NA	4.80667512857671	52.3407726770462
1264	8	1742	NA	9.08457482689108	46.8585299652654
1264	8	1781	NA	9.17589772758635	47.04767682854
1264	6	1804	NA	4.43052483755606	51.9764395038906
1264	9	1725	NA	9.15179460187101	46.8957704176205
1264	7	1789	NA	9.14814003332227	47.0116361882777
1264	8	1684	NA	4.29285631601946	51.833914975755
1264	10	1720	NA	9.03286766465908	47.061032842901
1264	10	1726	NA	9.0253316880903	47.0414459346417
1264	7	1764	NA	9.09990163598944	47.0051931376559
1264	9	1662	NA	9.13671788813615	46.9301557243247
1264	10	1634	NA	5.06030602296962	51.8631049328095
1264	10	1674	NA	13.2630312034939	54.1134437344776
1264	10	1660	NA	9.04427928391788	47.0833181928358
1264	5	1790	NA	4.42056316635282	52.1173804439226
1264	9	1756	NA	8.97351443754192	47.0089627841082
1264	10	1686	NA	9.01157121461326	46.8892876338687
1264	9	1661	NA	4.34661963670694	51.9236414796489
1264	6	1724	NA	4.2848918458861	52.1325072144768
1264	5	1822	NA	4.40847091220383	51.9843956073066
1264	6	1741	NA	4.80173412828395	52.3600236662728
1264	7	1801	NA	9.00314888223909	46.9637996039665
1264	6	1796	NA	9.13126459771428	47.0157028082812
1264	10	1723	NA	9.1247599042076	46.9326039107879
1264	3	1840	NA	4.3033345629962	52.1578219751357
1264	7	1696	NA	4.90462239409067	52.4020241643146
1264	7	NA	NA	9.02816909635379	47.1116469960071
1264	10	1646	NA	8.93082017749998	46.9397574175693
1264	9	1684	NA	4.85845493116232	51.8534401477933
1184	7	1731	NA	8.05235819945085	49.2855468221202
1184	5	1792	"Germany"	10.3934352057786	51.2573398295186
1184	7	1692	NA	8.01233022150869	49.3392597449918
1184	5	1765	"Germany"	10.4167394134946	51.2026861825229
1184	5	1809	NA	8.52325502009069	53.0898432912824
1184	7	1719	NA	9.17748187339769	49.1339315459775
1184	5	1806	"Germany"	10.4726813591153	51.1369565322781
1184	7	1740	NA	9.12462065203425	47.7569016735391
1184	7	1705	"Germany"	10.5209958868058	51.0811731439822
1184	6	1782	"Netherlands"	5.1820378193153	52.2008923081448
1184	5	1766	NA	8.24155676531827	49.2986749299709
1255	9	1708	NA	8.56761962730501	48.0642092193463
1255	5	NA	NA	9.36657598765363	51.2894386008571
1255	9	NA	NA	7.20133103592968	49.6744795570636
1255	9	1685	NA	7.1911437582375	50.201301168865
1255	6	1742	NA	7.90220110590562	49.3494023999719
1255	7	1747	NA	7.79499555830646	49.2993992186908
1255	9	1709	NA	7.74328503361789	47.5523080619723
1255	9	1675	NA	8.52987772258155	49.7675033075775
1255	5	1824	NA	7.85738170569567	49.1764698244961
1255	4	1852	NA	7.71769808054054	49.1871576375762
1255	10	NA	NA	7.4189440581544	49.683662076
1255	5	1745	NA	8.66016953540522	51.6024749135497
1255	4	1790	NA	8.18674477846885	51.6830174392908
1255	4	1810	NA	7.80435745947718	49.2438352894771
1255	10	1607	NA	9.48940597095197	50.3383817395803
1255	10	1668	NA	8.37699761674049	49.4443106703461
1255	6	1775	NA	7.70800463409877	49.2677235868215
1255	8	NA	NA	7.42567045249175	50.1119493147425
1255	4	1809	NA	7.80703509108832	51.4981588990849
1255	8	1663	NA	7.78547966551025	49.4187863808715
1255	6	1755	NA	7.88652330308725	49.1909141540929
1255	10	1683	NA	9.15575859668807	50.2349593636507
1255	10	1625	NA	7.32057694310157	49.785774371696
1255	8	1679	NA	7.71605584498129	47.5999010609415
1255	8	NA	"Germany"	10.4096977717072	51.1084440495094
1255	5	NA	NA	13.1597301424336	53.2335604347757
1255	9	1673	NA	9.12623803590649	50.1139749545858
1255	7	1736	NA	9.07446764882365	48.768722858268
1255	4	1821	NA	9.58665473305957	51.2769540834889
1255	10	1684	NA	8.20672803376847	50.0382039002916
1255	8	1732	NA	12.127202753179	49.5076363123729
1255	9	1635	"Baden-Württemberg, Germany"	9.32096751696352	48.6084357368021
1255	9	NA	NA	12.3776634107082	53.0021269859177
1255	10	1665	"Brandenburg, Germany"	13.1797849655922	52.190448862985
1255	6	1741	NA	7.83401559436638	49.201541770993
1255	10	NA	NA	9.1687223262228	50.2267879154288
1255	5	1808	NA	8.79659718430813	49.3171029572256
1255	9	1684	NA	9.32368059519391	50.3136561895901
1255	5	1798	NA	9.60728062813726	51.2938314662294
1255	10	NA	NA	8.31280847699764	49.900027325543
1255	7	1754	NA	7.75391121278938	49.2757682471908
1255	9	1680	NA	7.85690219606344	49.4561124098341
1255	5	NA	"Germany"	10.3695391806186	51.2059533411831
1255	5	1811	NA	8.78074558819907	49.9457931457143
1255	8	1677	NA	9.10168061314057	50.2194454402074
1255	10	NA	"Germany"	10.4866812050903	51.0908291736269
1255	3	1876	NA	7.80932410869233	49.228100599116
1255	9	NA	"Netherlands"	5.40629180232089	52.1749149598021
1255	10	1658	NA	7.74407055702228	49.4195581932909
1255	5	1803	"Germany"	10.4953051121259	51.0750285924643
1255	3	1867	NA	8.27349528187308	51.6600085295193
1255	4	1834	NA	8.52773087926272	49.9076310093615
1407	7	1735	NA	5.72916195125923	50.7164809862228
1407	7	1716	NA	5.61269428148336	50.7290696344631
1407	5	1784	NA	5.77534240709704	50.6452204647667
1282	8	1757	NA	16.6607272791027	48.4915289153023
1282	7	1764	NA	9.25497525121032	50.3183593740375
1282	8	1707	NA	9.26374229069132	50.1907444274182
1282	9	NA	"Austria"	14.5597460170579	47.4961162339803
1282	9	NA	"Austria"	14.6050740125301	47.4365114291042
1181	10	1674	"Baden-Württemberg, Germany"	9.36402280948038	48.5745038333065
1181	8	NA	NA	8.30184297421412	49.4226793254847
1181	9	1700	NA	8.68818907418323	49.293784049338
1181	8	1695	NA	8.69543530264519	49.4284254863347
1181	10	1649	"Germany"	10.5494437811157	51.2516052948356
1181	9	1686	NA	8.21650831258768	49.4770645413322
1294	10	1664	NA	4.85723886869311	52.4413111756475
1294	7	1738	"Poland"	19.0626213932953	51.947988177452
1294	8	1743	NA	5.49074933609177	52.1671291958013
1294	9	1700	NA	4.86103160958052	52.4537597103499
1294	10	1698	"Hamburg, Germany"	9.87384161183004	53.4959043842215
1294	9	1746	NA	4.84807872787271	52.330887824175
1294	8	1741	NA	4.88383734954596	52.3399276753308
1342	8	1705	NA	10.0874630801516	56.1562681980437
1342	5	1822	NA	10.2831573583158	56.1825177594062
1342	8	1718	NA	10.1515126489266	56.1611682519599
1177	9	1708	NA	9.01728274864832	50.1009663194134
1177	3	1864	NA	17.6852036314742	48.3442194643422
1177	9	1688	NA	12.0417344942248	49.4947259046824
1177	8	NA	"Germany"	10.4325335527225	51.2185445124418
1177	7	1796	NA	9.36570574824257	48.7891656600839
1177	8	1748	NA	8.87297713715957	50.0090723674122
1177	8	1758	"Germany"	10.5570729127207	51.2402793432787
1177	8	NA	"Germany"	10.3431239710333	51.161895611798
1177	3	1877	NA	17.4971713964627	48.3051064147904
1177	9	1681	NA	8.78365941587115	49.9702342282248
1177	9	1725	"Germany"	10.3364159302356	51.2371930136756
1177	9	1741	"Germany"	10.478022027489	51.1846612449797
1415	8	1740	NA	16.8062980451223	48.473622605016
1415	9	NA	"Austria"	14.4114694663874	47.4711911845109
1415	7	1747	NA	9.46877809602637	50.3588660034042
1415	8	1722	NA	9.24265686050685	50.1935079996998
1415	9	NA	"Austria"	14.4679052447974	47.5956356402804
1311	3	1880	NA	9.46501568182927	49.0499126037436
1311	5	1801	"France"	2.21433213916331	46.3015663172454
1311	5	1785	NA	6.84381024016226	48.8758596013895
1311	6	1802	"France"	2.20299415532911	46.3000492320056
1311	4	NA	"Germany"	10.4434542258511	51.0861275764832
1311	3	1888	NA	10.7462307302358	51.0429429101292
1311	5	1777	NA	6.93258219509657	48.7535184946354
1311	4	1836	NA	6.7917421823402	48.8983836906998
1311	5	1801	"France"	2.15257501846375	46.2590576594374
1303	5	1831	"Germany"	10.3965319171104	51.0786360127989
1303	5	NA	"Germany"	10.5395962372255	51.2160703126509
1303	4	1889	"Germany"	10.4630489398358	51.117053381225
1303	4	1879	"Germany"	10.5932398623636	51.1864534143098
1303	5	1828	"Germany"	10.3584999600617	51.2117451318013
1303	5	1815	"Germany"	10.5225273412062	51.1513401785289
1303	5	1800	"Germany"	10.4453014858568	51.2587490390516
1303	4	1831	NA	21.2907952629919	50.2412486258637
1364	4	1827	"Austria"	14.6174294211215	47.4416955612117
1364	3	1868	"Germany"	10.4252017643232	51.144430622114
1364	4	1853	"Austria"	14.4971510441048	47.4428539928017
1364	10	1720	NA	2.41834539110422	48.8502355639733
3482	3	1908	NA	21.6955299793403	52.6730098436602
1368	3	NA	"France"	2.21803487494613	46.2384529190471
1368	2	1888	"Germany"	10.4757345207758	51.2521413540247
1365	7	1732	"Germany"	10.3827881413556	51.2348167131741
2272	9	1694	NA	6.98075708218609	51.4821363491707
2272	6	1744	"Germany"	10.4824161771158	51.1777981685864
2272	8	1625	NA	-0.410772531027149	45.7581257704351
2272	7	1693	NA	13.1629358387092	51.2009754642719
2272	8	1714	NA	8.14734312128524	49.378208029158
2272	8	1699	NA	11.5167445615956	48.7543994680949
2272	4	1834	NA	8.62667735277012	53.4310450245275
2272	9	1656	NA	7.34992003867356	50.1545297503225
2272	9	1614	"France"	2.30677859148378	46.3126596535411
2272	5	1809	NA	9.86201520085974	52.3107046327226
2272	7	1745	"Germany"	10.3470004135373	51.2426848779981
2272	8	1737	NA	7.46069449787037	49.2231251068685
2272	10	1642	NA	6.79149691608146	51.4599126531713
2272	7	1753	"Germany"	10.4891044411061	51.1050888339193
2272	9	1691	NA	6.76483826987451	51.4247327171532
2272	5	1812	NA	9.62593046618769	52.4401804706497
2272	10	1625	NA	5.98426953256482	52.1621539322923
1419	9	1851	"Germany"	10.5466211503843	51.1568376723639
1419	10	1826	NA	6.89906248677428	48.5912746205132
1419	10	1784	NA	7.53379873306298	48.267237154045
1419	5	1817	NA	9.78842174439154	52.4311242627245
1419	7	1768	NA	-0.622900374615174	44.9164284341841
1419	9	NA	"Germany"	10.3595759928546	51.13732656585
1419	10	1819	"Baden-Württemberg, Germany"	9.27989701743428	48.6738757400399
1419	6	NA	"Germany"	10.3983406916124	51.1746622542791
1419	8	NA	"France"	2.20883342784838	46.3089173843264
1419	9	1828	NA	6.88763472508634	49.3237646459132
1419	5	1833	NA	9.76683249273785	52.4574983258597
1419	6	NA	"Germany"	10.3347442873134	51.1031585328006
1419	5	1880	NA	9.73184157833665	51.6366371067333
1419	9	1853	NA	7.43381370955113	48.3094814180194
1419	5	1856	NA	9.71901831805199	52.3428805824928
1419	10	1826	"Germany"	10.5089476377323	51.1736783903694
1419	9	1752	"Germany"	10.5907765660753	51.2409686553142
1419	10	1852	NA	11.5578260474994	48.8014922334286
1419	8	NA	NA	11.3755366312471	48.7274062065489
1830	2	1892	NA	9.92093279177984	57.3829333797369
1830	6	1757	"Denmark"	9.4997772116912	56.1891169790984
1830	5	1762	NA	9.89247328267557	57.3292118150506
1830	5	1763	NA	9.97067437661359	57.2643164454994
1507	4	1772	NA	10.3027612412991	52.9565192473978
1507	6	1723	NA	10.2531430932664	52.8534883558058
1507	4	1810	NA	11.4913387028567	55.7960160453488
1507	6	1767	NA	10.0465497373882	52.8396222644916
1507	5	1742	NA	11.5598640464506	55.8170126264508
1507	2	1870	NA	10.2282258234867	52.9066702265711
1507	3	1793	NA	10.127949668559	52.9259879821395
1507	5	1773	NA	10.049041159658	52.8534673725498
1507	5	1777	NA	10.2936413960596	52.8842174644629
1417	10	1608	NA	-0.531906853765	48.8472466632352
1417	9	1694	NA	7.71192955038613	48.5085106567763
1417	9	1710	NA	-0.529842001488283	47.5490168140288
1417	10	1640	NA	-0.443847318935205	47.366440173381
1417	9	1633	NA	-2.01687041810347	49.1704278635317
1417	10	1599	NA	0.316971348842132	48.0648720808773
1417	10	1595	NA	4.3053392694286	46.9730978093207
1417	9	1646	NA	2.345637601423	48.885603290827
1417	10	1679	NA	2.43621261016606	48.7859329866377
1417	10	NA	NA	-0.946367713480456	46.0707279649607
1417	10	1577	NA	-0.835465735613726	43.7962284175319
1417	10	1607	NA	0.137626026541321	47.9683390309021
1417	9	1723	NA	7.85640607216895	48.5390588179007
1417	10	1617	NA	-0.718532347575145	46.0832944001948
2406	9	NA	NA	7.25886812427449	50.1957756471728
2406	8	NA	NA	9.18923570719337	50.5622130656446
2406	9	NA	NA	7.33901453037136	50.1952175210985
1433	3	1898	"Germany"	10.4616798959171	51.2135692787085
1433	3	1893	NA	9.80392662348202	52.3090842147138
1433	4	1865	"Switzerland"	8.19587864694869	46.8421872557652
1433	4	1823	"Switzerland"	8.30341204185178	46.899988463328
1425	5	1779	NA	5.82222741187105	51.9639252111762
1425	4	1833	NA	5.97970902730568	51.615915442821
1425	5	1812	NA	6.2571762181593	51.7398602547245
1425	5	1764	NA	5.76982996305302	51.7368289618808
1425	3	1832	NA	5.83084235896449	51.7469238221306
1425	3	1873	NA	6.08155611823788	51.6057312284723
1425	5	1766	NA	5.85439481754325	51.8089028408929
1425	6	1802	NA	5.69939230820812	51.9139926771454
1425	4	1806	NA	5.81769041142578	51.8237062872237
1425	4	1819	NA	6.01905249917638	51.7618800033792
1425	4	1799	NA	5.87091777398946	51.7882887214181
1454	9	1698	NA	7.72062064479281	47.3229619688879
1454	9	1707	"Switzerland"	8.11560343193875	46.8495103950567
1454	10	1643	NA	4.65751417140391	49.7502724349718
1459	9	1702	NA	7.89268301246799	47.4732081124649
1459	9	1713	"Switzerland"	8.24325966341352	46.886390995955
1459	10	1637	NA	4.85439328397421	49.8911137359703
3120	5	1792	NA	10.0735220998208	57.2539088538037
1509	3	1928	"Poland"	19.1164028312769	51.9173988724075
1508	5	1826	"Germany"	10.586988032692	51.2452535786153
1508	5	1812	NA	8.35014281640034	48.8102356363237
1508	6	1788	NA	8.22273893551213	48.8255650310569
1508	4	1845	"Baden-Württemberg, Germany"	9.47463424234	48.6600723919776
1508	8	1749	"Switzerland"	8.33703566864492	46.7297291739254
1508	4	1866	NA	13.4581972376338	52.474026734732
1508	8	1723	"Switzerland"	8.18096822742955	46.9109047300351
2327	9	NA	"Germany"	10.5520439246221	51.148113069351
2327	8	NA	"France"	2.1638679053818	46.1957271236067
2327	9	NA	NA	7.9041110566479	50.9558490545895
2327	8	NA	"Germany"	10.343233326732	51.1563960368721
2327	8	1700	NA	8.10279527610393	51.073256951958
2327	9	NA	NA	7.75434641619101	49.9251870301007
2327	9	NA	"Germany"	10.4342899888236	51.2389976859195
2327	9	NA	NA	8.02274821327345	50.8655116926916
2327	9	NA	"Germany"	10.3588227512696	51.1263985595105
2327	9	NA	"Germany"	10.5837845549027	51.2184515153485
2327	9	NA	"Germany"	10.4552733543029	51.1701374926085
2327	8	1704	"Germany"	10.4711401878417	51.1509985152232
2327	9	NA	NA	7.91975339517613	48.3569329402461
2327	10	NA	NA	8.00575311180633	50.9667234593412
2327	8	1714	NA	7.93896918102086	50.8819338974093
2327	10	1615	NA	8.00784634620303	50.889241287576
2327	8	NA	NA	7.9479979575844	50.9146857584719
2327	8	NA	NA	7.85133971256569	50.9280488531976
2327	10	1664	NA	7.9419656045192	50.860550843852
1675	4	NA	NA	18.290898518508	53.3770549915152
1561	3	1863	NA	13.1873445575684	50.6051332657006
1561	4	1855	NA	8.49532400392824	49.0597493048957
1561	2	1910	NA	12.3798322913872	51.2882682663485
1561	1	1959	NA	8.54823480736806	50.126915438983
1561	5	1807	NA	19.1059401810331	53.8620364029541
1561	5	1836	NA	13.8493416465796	53.5721439855072
1561	3	1877	NA	8.80557875826376	50.1157806383334
1561	6	NA	NA	9.0746005337906	48.8448159015218
1561	4	1830	NA	9.2342381854019	52.0599520013522
1561	2	1916	"Germany"	10.5226030928459	51.1166446681856
1575	5	1857	"Poland"	19.1376112252664	51.8407914217997
1575	5	1835	"Poland"	19.2015909465306	51.8689821292276
1575	4	1854	"Poland"	19.1581887786853	51.9165314046786
1575	4	1850	"Germany"	10.3409236014264	51.1292834419742
1575	4	1860	"Poland"	19.0088710715425	51.9255369208446
1575	5	1817	"Denmark"	9.53214319122762	56.3398503925723
1575	5	1845	NA	17.6275682701042	52.2878401158866
1575	4	1855	"Germany"	10.5940171614045	51.2333748905451
1575	4	1862	NA	16.9528503847118	52.4084953617911
1575	4	1874	"Denmark"	9.38314372610927	56.2043446883717
1649	3	1835	"Germany"	10.4102940765999	51.0848092025511
1649	6	1748	NA	9.0369454410118	51.312563695213
1649	5	1769	NA	8.89723143063027	51.40590216312
1649	3	1817	"Germany"	10.4194852314068	51.2214125136527
1649	5	1727	NA	8.90588812970964	51.3029376939239
1649	2	NA	NA	8.63309014086657	50.1500685312016
1649	6	1733	NA	9.08848619862087	51.3182799296892
1649	7	1693	NA	11.7497914305386	48.2651102817245
1649	4	1826	NA	8.94189554044671	51.4496596645103
1649	8	1679	NA	9.02163378683589	51.2595553097657
1649	8	1629	NA	8.93718476045029	51.1480608704362
1649	7	1649	NA	8.8784647070249	51.3860609346976
1649	3	1812	NA	11.5694470996455	48.8463859044801
1649	3	1834	NA	11.5851572965044	48.812639967351
1663	3	1853	NA	13.2806314964409	52.5064557788572
1663	4	1777	NA	7.71347885582338	51.4637598266286
1663	10	1583	NA	2.45916485185193	48.8250625604996
1663	10	1626	"France"	2.21104804467238	46.1633524194903
1663	3	1850	NA	13.2238725144037	52.4089456301157
1663	4	1827	"Germany"	10.5595548294068	51.071395130367
1663	5	1795	"Denmark"	9.40381179642318	56.3652234890171
1663	9	1650	"Nouvelle-Aquitaine, France"	0.74091049137448	45.7304464792278
1663	4	1788	NA	8.94294952907065	52.0446256953839
1734	3	1841	NA	8.38847094045601	51.7413615052509
1734	8	1699	NA	11.501596862521	49.86500099442
1734	5	1743	NA	9.14744248807421	51.7137637398374
1734	5	NA	NA	6.82835595356548	51.2195557144905
1734	7	NA	NA	7.65756522289159	51.3468235361307
1734	5	1792	NA	9.15771546621048	51.6246705214327
1734	6	1734	NA	11.5462143856491	48.8063960475608
1734	5	1789	NA	7.54555625279198	51.5128027501531
1734	7	1748	NA	11.3666068116272	49.9458561543635
1734	4	1788	NA	7.43775207242909	51.8396555518521
1734	8	NA	NA	9.28968624889872	51.6701308570452
1734	4	1806	NA	7.05185239563961	51.9349731907635
1734	4	1830	NA	9.27636789033109	51.7086476959507
1734	5	1809	NA	7.56257416600668	51.4102682202912
1734	4	1797	NA	7.75747006756444	50.0645927750914
1734	5	1790	NA	9.31301249515502	51.6746177766992
1734	5	1814	NA	6.55644677745601	51.2977875856475
1734	4	1795	NA	8.59791448740833	51.6887599341956
1734	4	1839	NA	7.62050721974393	51.401125101304
1734	5	NA	NA	8.64241304546669	51.5727195515633
1734	5	NA	NA	7.70354421458201	51.5101629574886
1734	6	NA	NA	7.56212425903559	51.4560716701699
1734	5	1774	NA	8.43635945036401	51.8616990861653
1734	6	1744	NA	11.5357391614468	49.8427337619166
1734	7	1728	NA	10.9399473401825	49.615120699432
1734	5	1807	NA	11.5908898960163	48.7989201456223
1734	6	NA	NA	7.59927787258538	51.4809055560721
1734	5	1776	NA	11.5003535661174	48.8058472673683
1734	4	1791	NA	9.34640125136954	51.7183845865039
1734	4	1850	NA	11.4160977822465	48.7163753589884
1734	5	1767	NA	11.4017720072203	48.8257582534832
1734	6	NA	NA	7.60159414765041	51.4562643921932
1734	5	1790	NA	6.29133093132228	51.0332697740417
1734	4	NA	NA	9.81534958308352	52.3958450733345
1734	4	1804	NA	6.83635668072669	51.2490848808517
1734	8	1641	NA	9.00772040443561	51.6708536577348
1734	4	1835	NA	9.71980340596991	52.3183549597933
1734	5	1778	NA	7.63880569164126	51.5188072948373
1734	5	1792	NA	11.6326431003222	48.8231308055869
1734	4	1807	NA	11.535374379763	48.831720606665
1734	4	1809	NA	9.27915308041018	51.6856622164726
1734	7	NA	NA	8.52098448542756	52.0947350682305
1734	4	1837	NA	6.72764528931805	51.1436418602933
1734	5	1748	NA	9.29735894802217	51.593404556712
1734	8	1645	NA	8.91886007500628	51.9724599862724
1734	6	1738	NA	7.6773332084584	51.4001335192178
1734	8	1634	NA	9.13561277752183	51.7249167919172
1734	7	1743	NA	11.4002891798171	49.9166253460695
1734	6	1737	NA	11.4135571460172	49.8402401283508
1734	5	NA	NA	7.74876735539591	50.0252739543274
1734	4	1798	NA	6.47620045686252	51.3784733013492
1734	5	1760	NA	6.70530595496119	51.2278493271426
1734	8	1677	NA	8.94746617019999	51.6695681684056
1734	5	1795	NA	11.4830006132271	48.7373964114135
1734	5	1776	NA	6.85474336403357	51.8496825393091
1734	4	1819	NA	11.5562270294877	48.7742778520711
1734	6	1721	NA	8.63980146447649	51.8007810266202
1843	2	NA	NA	21.0894324537035	52.1374239921894
136	7	1662	NA	7.77870232358565	49.4804458512723
136	7	1714	NA	8.08989296742275	49.2302822274311
136	6	1716	NA	11.8053384693246	50.5871811148039
136	6	1709	NA	8.3083866268929	49.2826744418289
136	6	1773	"Germany"	10.5652236928264	51.2346600503053
1977	2	NA	"Poland"	19.0973327697156	51.9260286099379
1977	2	NA	"Poland"	19.0837076130299	51.9721741595379
1977	1	1918	"Poland"	19.0637154212453	51.9338551484959
1981	4	1789	"Germany"	10.5465621516673	51.121094897302
1981	3	1847	"Germany"	10.4399292801707	51.0946530787431
1981	4	NA	"Germany"	10.3757087793074	51.1942901807884
1981	5	1760	"Germany"	10.324350921885	51.1877094730965
1981	4	1828	"Germany"	10.3543924317928	51.2476579770474
1981	4	1825	"Germany"	10.3469491637745	51.2325521169589
1981	4	NA	"Germany"	10.4529890975634	51.0960419183256
3270	10	1647	NA	0.338215824321827	43.0155565835661
3270	10	1642	NA	2.47892256147551	45.3630798497215
3270	7	1708	NA	-0.102654462803958	44.9565456816893
3270	11	NA	NA	1.24162880997453	47.6769439167758
3270	8	1703	NA	3.71480335800544	47.8353906316072
3270	4	NA	"Germany"	10.4160530463904	51.1663706588381
3270	10	1650	NA	2.40709195048571	48.8061215816919
3270	9	NA	"France"	2.29243738840915	46.1588759328804
3270	10	1622	NA	-0.646199703728907	45.8419278513856
3270	10	1650	NA	-2.09631751814347	48.6444032714217
3270	6	1791	NA	6.93956229901441	49.4312862332717
3270	6	1759	NA	-0.211045160103756	44.9090554328081
3270	9	1719	NA	2.44531239691598	48.7872924873695
3270	6	1735	NA	-0.221198552120436	45.2563140940321
3270	8	1719	NA	3.64497068425074	43.6896784970029
3270	10	1681	"France"	2.11357907780306	46.1822953742616
3270	6	1769	NA	9.29713847159927	49.0817360375944
3270	7	1709	NA	10.6815931313146	50.1804359767831
3270	10	NA	NA	5.73974891585342	45.1811281198537
3270	10	1703	NA	3.6484957879412	45.0372986119838
3270	9	1650	NA	9.565460930297	48.5808661424315
3270	10	1683	NA	5.6162077172899	45.1492337867651
3270	7	1739	NA	3.99622901543161	50.3978229356115
3270	8	1697	"Germany"	10.5142118747968	51.2412452532967
3270	7	1788	NA	6.89647070407549	49.3436064459916
3270	7	1797	NA	6.87654057255039	49.2540475797926
3270	6	NA	NA	7.04352331697521	49.2305181524127
3270	7	1790	NA	9.59675138775298	49.3495617633644
3270	10	1615	NA	0.150037553456759	46.8974551523001
3270	6	1829	NA	6.86857357956465	49.3110473803595
3270	10	1629	NA	-0.433504017735051	49.0886302877773
3270	10	1667	NA	2.32888124872048	48.7546408232717
3270	9	1699	"France"	2.09519477343405	46.2317524686252
3270	7	1734	NA	9.43997980516456	49.0887474098957
3270	10	1653	NA	3.54234274471001	47.8372510088982
3270	9	1728	NA	12.041653155605	47.8269466091697
3270	11	NA	NA	-1.66255647340092	48.1485607929789
3270	11	NA	NA	-0.638988395679215	45.8192189184796
3270	9	1651	NA	9.59122723241618	48.598890621992
3270	11	1613	NA	-0.548527545072117	45.7794640158396
3270	11	1604	NA	-0.265649760214958	45.6732084086556
3270	6	1783	NA	9.54736900258421	49.1901004855273
3270	9	1667	NA	5.07167247090432	47.2367954098608
3270	8	1684	NA	5.43820647266749	46.7030865586512
3270	9	1699	NA	2.44158782827596	48.8022587113282
3270	10	1887	NA	8.68400066910389	49.4232353740699
3270	8	1711	NA	3.61191118750123	43.5833281031807
3270	6	NA	NA	9.91238512191747	49.065094880166
3270	11	1638	NA	1.06766553502467	49.4597710414622
3270	5	NA	"Germany"	10.3517599042533	51.0953933048562
3270	9	NA	NA	4.3896653223395	43.9707887656923
3270	6	NA	NA	10.089164052404	48.9280528552039
3270	9	1652	"France"	2.19696061180132	46.1942870235204
3270	7	NA	NA	6.77494450902985	49.4112360590594
3270	9	1674	NA	2.47929850166821	48.8299847185364
3270	9	1678	NA	2.32150109499047	49.873475178299
3270	10	1704	NA	1.02232015281992	49.3559976160625
3270	7	1724	NA	-0.118149089255237	44.9972797185596
3270	8	1791	"Germany"	10.3414152354986	51.0883011538475
3270	5	1749	NA	-0.235656364027043	45.2513697883262
3270	11	1632	NA	-0.752294772429959	49.3178140611723
3270	8	1773	"Germany"	10.5620842055238	51.1693913219958
3270	9	1689	NA	-0.048346248186605	43.0029352609437
3270	8	1700	NA	0.200814806580223	45.4988448851178
3270	5	1819	NA	9.99307772045733	48.8518064969424
3270	9	1672	NA	-0.748592454304033	45.5220563226669
3270	4	1850	NA	11.5686930708229	48.7432008236596
3270	11	1655	NA	1.14636074646989	49.5193678039875
3270	7	1775	NA	6.95236799398071	49.374400966295
3270	10	1672	NA	0.024586257989366	49.4449851802919
3270	5	1903	NA	6.78517772685997	49.2960962462785
3270	6	1810	NA	6.86809123188265	49.3527022486124
3270	10	NA	NA	2.811498289628	50.5330124557073
3270	10	1653	NA	2.57356295029574	45.339471040974
3270	10	1684	NA	9.32374238880391	49.2108796961114
3270	10	1665	NA	2.39998406726226	48.8330957689973
3270	9	NA	NA	3.98408199363557	44.2034798514272
3270	8	1655	NA	7.64398050209113	51.8659255511367
3270	10	1632	NA	9.58781626001114	48.7048425877401
2754	3	1858	NA	21.9380580536312	52.200528312065
2754	2	1891	NA	19.3889841608269	51.8007039393005
2754	3	1858	NA	21.8502376456784	52.1349945944337
2754	2	1860	NA	21.8353353876037	52.2401675857285
2754	4	1821	"Poland"	19.1011224325931	52.0134726631611
2869	3	1872	"Germany"	10.4628003598589	51.1820581847092
2340	10	1660	NA	7.61265327946601	49.6011509869
2340	8	1678	NA	9.80040610187655	50.2966295711279
2340	9	1676	NA	7.27635154700967	49.656073178032
2340	4	1821	NA	8.98054110813043	52.0451751765545
2340	8	1687	NA	7.18840076057313	51.1092716501813
2340	8	1672	NA	7.53523900577059	49.5456881229454
2340	8	1721	NA	7.099736241769	51.1016645764706
2340	7	1712	NA	9.59440370991037	50.1959752571217
2340	9	1681	NA	7.6798072838049	49.4800199393016
2340	5	1850	"Germany"	10.5132476485811	51.2230161757549
2340	7	1731	NA	6.93699717303786	51.1058987802695
2358	7	1716	NA	8.99771829743672	49.4159077769786
2358	9	1662	NA	8.69129404063853	50.6475191671934
2358	8	1698	NA	8.76565155851479	49.493895734959
2358	7	1734	NA	9.03150206850124	49.4041869462086
2358	9	1625	NA	9.4730296557845	51.2474759687963
2358	10	1583	NA	8.9265970384544	50.5804033838069
3397	10	1636	NA	0.727690479488534	48.6135155561705
3397	10	1623	NA	-0.189767051590093	47.4811975240475
3397	10	1656	NA	-0.344481603272283	46.3316216578987
3397	7	1750	"France"	2.2218694404568	46.2372829963412
3397	10	1664	NA	-0.521106253679195	46.2848497219609
3397	10	1675	NA	2.18097794312137	49.8057843872886
3397	8	1712	NA	1.20098233311485	48.6030839400201
3397	9	1652	"France"	2.22394800814923	46.1575999601982
3397	10	1613	NA	-1.43350254371591	46.6259723079813
3397	9	1699	NA	9.03036340133871	48.4582094208829
3397	9	1642	NA	2.3218725682099	45.2789455603497
3397	9	1697	NA	8.25247882632376	51.5826229937375
3397	10	1628	NA	-1.10441438115461	46.6730750760504
3397	10	1637	"France"	2.27266611859651	46.2269241484052
3397	10	1645	NA	0.698821539931991	49.2846267182442
3397	10	1645	NA	-1.11901037529774	46.2473618987336
3397	10	1638	NA	-0.766429285367339	46.2979527317976
3397	7	1696	NA	-0.955262424405694	47.4602426578378
3397	10	NA	"France"	2.2510461312016	46.1445322874097
3397	9	1698	"France"	2.24950445565901	46.2603646854875
3397	10	NA	NA	1.98184944078955	47.135087651041
3397	8	1693	NA	4.81233396226587	45.2661589294706
3397	10	1629	NA	0.23399288045849	47.9939104269655
3397	10	1614	NA	0.283592753081124	48.3214068099442
3397	10	1608	NA	0.0854586115712502	47.9890328868329
3397	9	NA	NA	3.04055516908286	46.2185196844863
3397	9	1634	NA	0.179076149811888	48.0606810669363
3397	9	NA	NA	2.1901609806901	47.3050000745142
3397	10	1643	NA	-0.385509279542962	45.8309301301713
3397	10	1576	NA	0.196808986377177	47.9483260193309
3397	10	1631	NA	1.0714216078225	49.4004827970807
3397	10	1650	NA	3.68355096290012	48.5341099511944
3397	10	1645	NA	0.0956430313178039	49.0766112895075
3397	10	1614	NA	-1.27706207639088	46.0720075475832
3397	10	1654	NA	2.36902937654709	48.7900719118161
3397	10	NA	NA	2.18071591371221	47.1356409888261
3067	5	1787	NA	5.94110808764147	49.5480054190246
3067	8	1709	NA	7.97092466247547	48.4972980261009
3067	6	1786	NA	6.13036485330852	49.5804907870751
3067	8	1749	NA	7.62939211832655	49.5393019585863
3067	10	1642	NA	8.74507143450079	49.5460417705158
3067	7	1689	NA	9.80845676651912	49.2376099282356
3067	4	1853	NA	5.89204645751171	49.5879518228903
3067	9	1657	NA	8.74033239814757	49.7568322952565
3067	9	1703	NA	9.76731261688952	49.4880537681735
3067	9	1683	NA	7.76179137045275	48.8945486735264
3067	10	1567	NA	5.7465704440429	53.3762392302671
3067	6	1762	NA	5.82607798041043	49.653768605936
3067	8	1656	NA	9.05167275650157	49.8754847526564
3067	10	1576	NA	8.88385453817994	49.8428572784213
3067	9	NA	NA	9.64167573660292	49.1066697812424
3067	10	1657	NA	8.81600151570653	49.4722247860991
3067	9	1668	NA	8.12155902147177	49.6009340563727
3067	7	NA	"Luxembourg"	6.21766484792918	49.756617601847
3067	10	1654	NA	9.0507872647226	50.184331154449
3067	9	1673	NA	7.92942550145601	49.1868675627055
3067	9	1673	NA	7.92090756695764	48.5548638708841
3067	9	1664	NA	9.49705168940192	49.0096490896948
3067	10	1681	NA	9.33621828310942	48.7670113486571
3067	6	1746	NA	6.11868727405247	49.5053277645266
3067	8	1665	NA	9.85237274384202	49.0168777110631
3067	8	1674	NA	7.56220249298024	48.958369738851
3067	9	1638	NA	7.65889569015112	48.8415868200126
3067	9	1671	NA	9.79650089285986	49.403250706863
3067	8	1682	NA	8.30685335449798	49.2955994919251
3067	10	1709	NA	8.99920197583168	50.2351845870875
3067	6	1723	NA	6.05628681801893	49.4957246256536
3067	10	1681	NA	9.97644799721346	49.217879457816
3067	5	1797	NA	6.09301764696544	49.5466228396456
3067	5	1821	NA	5.8666126681001	49.5495756357363
3067	6	NA	NA	6.01907804130191	49.6233415462032
3067	10	1628	NA	7.67516965869456	48.8876868842506
3067	9	1696	"Baden-Württemberg, Germany"	9.35284391635054	48.6063802623358
3067	8	1714	NA	7.42244088263305	49.1966770071266
3067	10	1579	NA	11.8283285594788	51.1530143555549
3067	8	1696	NA	7.83163007682087	48.4829183584437
3067	9	NA	NA	9.05332195420097	49.876832828082
3067	8	1671	NA	9.10224531340121	49.1153994503818
3067	5	1793	NA	5.90380025653092	49.7421818091488
3067	8	NA	NA	8.40548343953843	49.1673377004999
3067	10	NA	NA	7.6106631632597	49.3610935926267
3067	7	1721	"Luxembourg"	6.15704384204471	49.8241229792778
3067	9	1681	NA	8.03818521835533	49.2239003865549
3067	6	NA	NA	6.05235155472111	49.4492494416799
3067	8	1700	"Germany"	10.5761383004995	51.1018815142047
3067	5	1775	NA	5.88961375142511	49.5322756105716
3067	10	1651	NA	11.5422014623838	48.8200441907797
3067	7	1760	NA	5.86080385292819	49.4699595337115
3067	4	1857	NA	6.01926890670501	49.5587251162871
3067	9	1634	NA	7.65141838415392	49.8693174090445
3067	9	1681	NA	9.27513597932482	48.6179285566635
3067	9	1667	NA	7.93812784860783	49.3892407858798
3067	8	1679	NA	7.6429761876629	48.9637790473224
3067	7	1749	NA	6.11182392267984	49.5802209884233
3067	7	NA	"Luxembourg"	6.22321934100427	49.7559653208864
3067	7	1725	"Germany"	10.5628333835464	51.1797360750972
3067	7	1695	NA	9.78923499257201	49.2550957696453
3067	10	1628	NA	11.6300219648285	48.7848723959062
3067	3	1846	NA	6.13090558560415	49.4561102537532
3067	8	1722	NA	7.64049233560974	49.497493819346
3067	8	1681	NA	9.88656225136263	49.2288036009025
3154	2	1894	NA	9.41488757324703	51.2561318973076
3195	3	NA	"Germany"	10.4964247534395	51.0744446465637
3195	4	1861	NA	11.3394841357016	53.3612415619094
2348	4	1815	NA	9.28906117527749	48.6527335771166
2348	4	1789	NA	9.41008492439114	48.6445027369815
2348	7	1719	NA	7.21345604201975	48.8210494314656
2348	5	1783	NA	9.2009562232582	48.7793749375539
2348	5	1779	"Baden-Württemberg, Germany"	9.38008735215466	48.7193349417202
2348	6	1779	NA	9.64666361696177	49.0204451331435
2348	5	1787	"Baden-Württemberg, Germany"	9.38888410224757	48.7082962961884
2348	5	1791	NA	9.2693975274425	48.6342458125127
2348	6	1796	NA	9.60998597219776	49.0835192499621
2348	7	1771	NA	8.5580065402245	48.8223836700752
2348	3	1833	NA	9.44205749261411	48.7764530637264
231	4	1856	NA	4.77644690939868	44.0577672409771
1724	7	NA	NA	-1.80788604533069	46.4128125930403
1724	5	1846	NA	8.73217671922134	49.8388981103046
1724	6	1791	NA	8.7496230378468	49.8173449353411
1724	10	1632	NA	6.10538694489908	52.7016461745529
1724	7	NA	"Germany"	10.4619104324735	51.2528491624334
2155	7	1786	NA	12.7401373816295	52.7822441836252
2155	6	1785	NA	12.7705320719003	53.2121982467796
2155	6	1769	"Hamburg, Germany"	10.0588608251181	53.5720893353263
2155	5	1807	NA	6.16199012847178	50.8006537893803
2155	6	1790	"Berlin, Germany"	13.452742334136	52.4785431909097
2155	5	1791	"Hamburg, Germany"	9.84957645980937	53.5402431931327
2155	5	NA	"Poland"	19.2655729293226	51.8876171055067
2155	4	NA	"Hamburg, Germany"	9.97940646460014	53.5074243857646
2155	4	1844	"Berlin, Germany"	13.4841093486462	52.4573570180521
2155	6	1760	NA	7.24182333142151	53.5988113220784
2155	3	1866	"Berlin, Germany"	13.4386960006182	52.5195914843877
2155	5	1830	NA	20.9441276247673	52.2273882555869
2155	4	1861	"Berlin, Germany"	13.4210280912976	52.5535920681787
2155	5	1784	"Hamburg, Germany"	9.94090773260337	53.4815233284132
2155	5	1847	NA	6.3047361600596	50.8297941042141
2155	3	NA	"Berlin, Germany"	13.4294175173712	52.4780819153126
2155	4	1822	NA	20.9320361224975	52.2993762552472
2155	6	1749	NA	21.181931550058	51.3831422595776
2155	5	NA	"Hamburg, Germany"	10.0817103861646	53.6064707222694
2155	4	1843	NA	12.2652110010016	51.525428258793
2155	5	1756	NA	7.13272082697069	53.6408312986718
2155	3	NA	NA	12.3063447510549	51.5122708633998
2155	7	NA	NA	8.69208460417578	50.138092040349
2155	8	1695	NA	10.5661635083353	52.96029339391
2155	8	1700	NA	8.79636275171499	50.1214667297139
2155	2	1874	"Berlin, Germany"	13.4125649876472	52.4601407570421
2155	4	NA	NA	11.8608334000604	51.6519919030022
2155	4	1838	"Berlin, Germany"	13.3231329466095	52.4479484499541
2155	2	1864	"Hamburg, Germany"	9.97397033262192	53.6037455456659
2155	2	1882	"Hamburg, Germany"	10.0430152505161	53.4930466249241
2155	5	NA	"Poland"	19.0831675964801	51.9980756706246
2155	4	1837	NA	20.8966427062719	52.3029880540919
2155	5	1813	NA	12.879187549655	53.2320719111006
2155	4	1810	NA	7.19884651057904	53.6230281868593
2155	6	1746	NA	21.0111559551329	52.197898769343
2155	5	1797	NA	17.4182746331239	53.6052350565216
2155	6	1779	NA	20.9746398105693	52.1428643636067
2155	4	1841	NA	20.963446885823	52.3238695116371
2155	4	NA	NA	17.3073706021172	53.6891583535983
2155	5	1755	NA	7.19335379846895	53.5829543833823
2155	9	NA	NA	8.597363776778	50.0957142270019
2155	5	1806	"Berlin, Germany"	13.5017991464073	52.5111759342343
2155	3	NA	NA	20.7878390833511	52.1801762910174
2155	4	1870	"Belgium"	4.45349481199071	50.4560778855711
2155	4	1827	NA	6.14608448925203	50.7565556218879
2155	5	NA	"Hamburg, Germany"	10.0698015452723	53.5918462733672
2155	5	1799	NA	21.1177801868947	52.1662211601399
2155	4	1826	NA	20.992880807309	52.2537610245795
2155	4	1823	NA	12.2504137525509	51.5574804183836
2155	7	NA	"Hamburg, Germany"	10.1253703024378	53.6079984808225
2155	6	1784	"Hamburg, Germany"	10.0864579688344	53.4608482082411
2155	1	1907	"Hamburg, Germany"	10.0624586281306	53.5388646210936
2155	3	1872	"Hamburg, Germany"	10.1305751840043	53.6331476363137
2155	8	1743	NA	8.72373660655094	50.179332855139
2155	3	NA	"Hamburg, Germany"	9.91610937940098	53.6273012314019
2155	10	NA	NA	8.60394743290615	50.1874280636564
2155	1	1950	"Hamburg, Germany"	10.1167808586517	53.584831249312
2155	3	NA	"Berlin, Germany"	13.2553241089361	52.4565988543682
2155	3	1886	NA	21.1060535683237	52.2578677552457
2155	2	1901	NA	13.594417194525	50.9949944145333
2155	10	NA	NA	8.71071126178223	50.0518884949279
2155	4	1875	"Germany"	10.5773981977292	51.2206995195736
2155	6	1807	"Berlin, Germany"	13.3966677513243	52.4987723754085
47	5	1819	"Baden-Württemberg, Germany"	9.37487054580341	48.7352609554794
47	5	1830	NA	7.90945017499831	49.8457538077202
47	4	1872	NA	12.7541549717684	51.9452428539696
47	6	1800	NA	11.060068309849	47.9542453298733
47	5	1799	NA	7.59986199472306	47.5791053571688
47	5	1821	NA	8.18112295319536	49.7805055309225
47	9	1746	NA	7.97038773235084	48.8946336092623
47	6	1811	NA	11.212933427009	50.1493527684746
47	6	1788	"Germany"	10.4706100235118	51.1026773076583
47	6	1796	NA	11.2664557853719	50.2961145717473
47	5	1820	NA	10.6597951638573	51.9770195497497
47	5	1833	NA	11.0892395633896	50.2538324485399
47	5	1814	NA	7.62114630065276	47.6030812970084
47	6	1775	NA	8.1367834849991	49.6851159686993
47	6	1776	NA	11.0134680072831	50.3077927367226
47	5	1814	NA	10.8860685162137	50.3362078702851
47	6	1797	"Germany"	10.4469720942733	51.1670664094507
47	4	1819	NA	7.53076448451607	47.5199445899657
47	4	1875	NA	13.0489767448199	50.8415132501908
47	6	1781	NA	8.33299272242435	49.9411696527638
2161	1	1927	NA	9.37637258242948	50.8661848662153
2161	3	1881	NA	9.30386316314834	50.8310371524487
2161	2	1891	NA	8.83188237955994	51.0455441005507
2161	3	1869	NA	9.48527634587639	50.9966631415229
2161	2	1902	NA	6.72999573521937	49.9863147191386
2017	8	1713	NA	6.52486996325181	51.2415436476185
2017	9	1730	"Germany"	10.5155857388347	51.2008023020157
2017	9	NA	"Germany"	10.4436268621612	51.1844011653168
2170	5	1814	NA	3.32988988366895	50.9852447997418
2170	4	1844	NA	3.25837927704323	50.9836716498453
2170	6	1803	NA	3.29369142989884	50.9773249965291
2170	4	1887	"Belgium"	4.60027775302735	50.4199396587764
2170	8	1705	NA	3.40598382831664	51.0196410444768
2170	9	1710	NA	3.18994063646034	51.1153472437943
2170	10	1674	NA	3.26007372974767	51.0104850642968
2170	8	1725	NA	3.14000120653045	51.0374912012098
2170	3	1883	NA	4.36857456624232	51.3619331271508
2170	4	1885	NA	3.76766903415266	51.156910768961
2170	4	1863	"Baden-Württemberg, Germany"	9.45635746580335	48.6953675169728
2170	3	1896	NA	3.48652295439767	51.1983640233142
2170	7	1793	NA	3.22541136470219	51.1511128745729
2170	5	1830	NA	3.17132676639508	50.9710576333647
2170	4	1870	NA	3.27097226494225	51.0959193883982
2170	10	1664	NA	3.15107153970434	51.0554046848683
2170	3	1870	NA	3.51693523238502	51.1594653272619
2019	5	1767	"Luxembourg"	6.15135723546344	49.7723227369613
2019	7	NA	NA	6.40536348608768	49.598124532767
2019	7	NA	"Germany"	10.382714132076	51.1170805989865
2019	4	1839	NA	6.5482979138212	49.7325472604241
2019	4	NA	"Schleswig-Holstein, Germany"	9.61816696884241	54.1305829498456
2019	7	NA	NA	8.05316662061474	51.6233140242563
2019	4	1842	NA	6.37473491601124	49.7306607635384
2019	6	NA	NA	8.19999417559377	51.5776692925756
2019	5	1750	"Luxembourg"	6.23363052373109	49.7351672148403
2019	6	1750	NA	8.05202079251226	51.5073617847057
2019	4	NA	NA	16.9744360042524	52.4440920776196
2019	4	1825	NA	6.49813617295356	49.6984243002087
2019	5	1790	NA	9.89720608971616	51.0470719225967
2019	7	NA	NA	8.12742026128555	51.585832874682
2019	3	1837	NA	8.16628515083772	51.5837464444923
2019	7	NA	NA	8.22251243550232	51.5745458838945
2019	3	1872	NA	18.5256971778184	53.9110716492383
2019	3	1884	NA	6.57366784868467	49.6689072403556
2019	5	1810	"Luxembourg"	6.26739964377292	49.8590264867222
2019	6	NA	NA	6.54212940300098	49.7192698499831
2019	6	1784	NA	9.94047101618245	51.0961586716364
2019	7	NA	NA	8.08123686663634	51.5283231312925
2019	4	1779	NA	6.39923856197356	49.5926623329324
2019	4	1841	NA	9.77132779668728	50.9967767791839
2019	6	1733	NA	8.02665081349499	51.5942846958669
2019	6	1786	NA	9.77355395434962	51.0457467510488
2019	5	NA	NA	8.18451498253843	51.6376049128968
2019	7	NA	NA	8.05429209945364	51.6365545977477
2019	5	1828	NA	9.71453761142805	51.136421449648
2019	4	1818	NA	18.3975666693438	53.9592060913198
2019	5	1751	NA	8.01070686805936	51.5769580954111
2019	4	1834	"Germany"	10.4601476245382	51.1158765069769
2019	4	NA	NA	18.6607974618818	54.0330687493519
2020	10	1680	NA	11.4360626794264	48.7130717407648
2020	9	1682	NA	0.0420116382838662	48.9252317060444
2020	10	1644	NA	11.5183832228149	48.7490049732193
2021	10	1696	NA	8.08556847713268	50.8695801461831
2021	10	1692	NA	8.78630193822699	49.6212287347708
2021	9	1749	NA	7.66573029081186	49.5872355486709
2021	10	1650	NA	7.89570935293932	50.96313391236
2021	10	1655	NA	8.80999084426575	52.0271718940087
2021	9	1760	NA	7.67037972230742	47.3893216030428
2021	10	1715	NA	8.3322361587809	49.3921034608959
2021	9	1715	NA	8.79026977149516	49.5000894606781
2021	9	1717	NA	7.70613072435066	47.0636122399713
2021	10	1626	NA	3.80538215158562	44.1127658054256
2021	9	1710	NA	7.42544244024208	49.5726049166253
2021	9	1734	NA	8.21882889173695	49.4394732409685
2021	11	1636	NA	4.8133733043418	52.2849872032615
2021	9	1681	"Germany"	10.3854392822195	51.119756470884
2021	8	1730	NA	7.81734129279281	49.565752355846
2021	9	1697	NA	7.35491637465609	49.1558989391603
2021	10	1685	NA	8.00104553648893	50.9247096709502
2021	10	1708	NA	8.38369304371341	49.413152753806
2021	9	1753	NA	7.70146703539539	49.2029540867778
2021	10	NA	NA	8.65819668649071	49.5528063181412
2021	9	1718	NA	8.07971826076053	50.80573186654
2182	4	1799	"Hungary"	19.4407903817436	47.0867095303194
2182	4	1853	"Hungary"	19.5080115494086	47.2088430172595
2182	3	1836	NA	18.9712965028035	46.4051919716537
2182	5	NA	"Hungary"	19.5084884681673	47.2204197111857
2182	3	1888	"Hungary"	19.5879789843962	47.1279770327321
2182	4	1851	"Hungary"	19.4183459071855	47.1372604732405
2182	5	NA	"Hungary"	19.4907939335397	47.2389593683243
2182	4	1857	"Austria"	14.6271977914948	47.5627752979695
2024	4	NA	"Germany"	10.3813227494286	51.1659824292593
2024	8	1676	"Germany"	10.5698389946	51.0772639028711
2024	4	NA	"Germany"	10.5638638956857	51.0893240335985
2024	7	1709	NA	8.37482688229798	49.0330629329406
2024	4	NA	"Germany"	10.4693430683688	51.1447701911095
2025	7	1731	NA	7.24846861876118	50.1298631406758
2025	7	1723	NA	7.08936646535123	51.1406007683256
2028	5	1826	NA	9.94216338604785	51.5716590061042
2028	4	1848	"Bremen, Germany"	8.8425295006046	53.0945069386432
2028	4	1858	NA	8.37398611624444	50.4563206767778
2028	5	1812	NA	10.118021153092	51.6031306417494
2028	4	1847	NA	7.40350110102564	53.5583022970525
2028	9	1747	"Baden-Württemberg, Germany"	9.46937596106162	48.6082529548052
2028	6	1770	NA	8.88918638367346	52.0958043845711
2028	10	1701	NA	9.40426658433876	49.5126857628718
2028	2	1906	NA	6.84335012943975	51.3115560753016
2028	8	1774	"Germany"	10.5739399781765	51.1749258400336
2028	6	1807	NA	7.53549199844585	50.6600346103339
2028	4	1849	NA	8.97152017522593	51.8180182200249
2028	6	1796	NA	9.9502687858651	51.6045455872698
2028	5	1787	NA	9.76719372373324	50.3996180942581
2028	5	1822	NA	8.57874418936277	50.3249358996896
2028	6	1771	NA	8.54040182107966	50.7906569150322
2028	6	1764	NA	8.41316291329995	50.3458621309524
2028	8	1739	NA	5.17640935602461	51.1411953545771
2028	6	1763	NA	8.84031032424268	51.8263632092725
2028	3	1886	"Germany"	10.5319023338293	51.1182910126123
2028	9	1698	NA	8.71213220705106	49.8638971611904
2028	5	1804	NA	9.82750550843002	50.2139230160966
2028	4	1809	NA	9.78491556312798	50.2654015100888
2028	6	1795	NA	10.1436651056234	51.5504374452643
2028	4	NA	"Germany"	10.4162343371663	51.1746163642391
2028	5	1847	NA	8.90159260825094	51.756327799417
2028	5	1784	NA	8.27520050418552	48.7739156541456
2028	3	1887	NA	8.09742195158018	50.10261425413
2028	10	1698	"Baden-Württemberg, Germany"	9.29973771771338	48.7526555642986
2028	5	1806	NA	8.83598255739868	48.4115221775611
2028	4	1870	NA	8.17685476391195	47.4572867389947
2028	10	1725	NA	8.62332554718701	49.8189326086912
2028	6	1784	NA	8.9968175085555	51.799674206675
2028	5	1815	NA	8.24988637800843	48.7616399799455
2028	5	1852	NA	8.84777770504479	51.8415184161978
2028	3	1864	NA	8.1306407142437	50.5852853324901
2028	6	1802	NA	10.2381967255053	51.6534561932122
2028	9	1705	"Germany"	10.4712378009046	51.1074604578203
2028	10	1715	NA	9.68827444971016	48.9327730119281
2028	6	1768	NA	8.91485916129188	51.8572309273323
2028	10	1726	"Germany"	10.4074703838169	51.1539201522171
2028	10	1705	NA	8.61787445593658	49.8066533254723
2028	5	1843	NA	7.3708038224613	53.425196829516
2028	3	1879	NA	9.89565781571096	52.0549010778488
2028	5	1810	NA	8.39605998520836	50.4728438291802
2028	4	NA	"Germany"	10.5352376077703	51.0703120618562
2028	7	1733	NA	5.82133530480098	51.7528948479768
2028	6	1792	NA	8.5860930952644	50.4406118333261
2028	10	1685	NA	8.32451155045734	49.5383998609091
2208	4	1840	NA	10.1704589984367	48.1608826010128
2208	4	1842	NA	9.80829832887702	52.29517801635
2208	4	1802	"Germany"	10.4027839655798	51.2382959764597
2208	4	1959	NA	7.71490538398499	50.3280660562439
2208	4	1843	NA	9.11214673359409	50.7394966896981
2208	3	1894	NA	10.8716591307776	48.2949177295143
2208	4	1822	NA	9.43048014409148	51.3839502171683
2208	4	1819	NA	10.2202598737541	48.2157712502156
2208	3	1853	NA	8.24593925065674	53.5813662751232
2208	3	1864	"Germany"	10.4343378607757	51.2043823219971
1562	5	1789	"Germany"	10.4198943047809	51.2470066121198
1562	5	1786	NA	7.6238874296626	49.26738944922
1562	6	1774	NA	11.4590980672406	48.7683658660078
1562	4	1844	NA	11.6169467831639	48.1444700696187
1562	4	1829	NA	7.47760036967499	48.0042078796407
1562	5	1828	"Germany"	10.4276419179939	51.1171287061747
1562	5	1794	NA	11.4012244489622	48.7617017441883
1562	4	1802	NA	8.2766625470468	49.4711763430998
1562	5	1792	"Germany"	10.4663595936908	51.1084596170963
1562	7	NA	NA	11.5512285004583	50.2098819222293
1562	4	1839	NA	8.65451905100808	49.863235889489
1562	5	NA	"Germany"	10.5378665852668	51.2482344405264
1562	6	1812	NA	11.4717190883738	50.1996865479675
1562	6	1781	NA	11.6252704565957	48.7572975295128
1562	6	1772	"Germany"	10.5738961851144	51.1987098904277
2180	4	1842	NA	8.37120221351713	47.4065655778845
2180	10	1686	NA	1.00717582370976	48.6916032945168
2180	4	NA	"Germany"	10.3874536383165	51.211160247
993	8	1781	NA	10.4682369764936	55.3049862357516
993	7	1781	NA	16.0348390854289	47.5103805450213
993	7	1714	"Germany"	10.5605089700002	51.1790808640492
993	8	1750	NA	9.46241945630195	56.5391515575512
2215	9	1698	NA	8.81298850033142	47.3390892893898
2215	9	1705	NA	9.64648836599622	48.4019633410592
2215	8	1698	NA	8.78129348261596	47.3368181156127
2215	9	1677	NA	8.67600993534152	47.459287641439
2216	6	1757	"Germany"	10.3753535698581	51.1626511797075
2216	5	1800	NA	10.0895426409661	57.2134215781616
2216	4	1838	NA	3.48246849763458	50.7900835933203
2216	6	1807	NA	11.1765522451262	54.7997146660437
2216	3	1876	NA	3.65730713824196	50.687580333992
2216	4	1811	NA	7.22208068182823	53.0601632462013
2216	7	NA	NA	3.56903085158593	50.83488451409
2216	5	1781	NA	7.1028200724587	53.0757087389994
2216	4	1805	NA	3.61151086330941	50.8576304820601
2216	3	1883	NA	6.95929899947902	53.1272524510021
2216	5	NA	NA	6.57653536783962	53.1709800532707
2216	6	1791	"Germany"	10.4278426284943	51.165561406583
2216	5	1810	NA	3.59562002061961	50.8471521218131
2216	4	1865	NA	11.4213107935513	54.8306248479983
2216	5	1780	NA	3.51141184291525	50.7790720331098
2216	5	1836	NA	11.0642866889588	54.8450407840472
2216	5	1777	NA	11.1197045168628	54.9171610575247
2216	6	1758	NA	3.49079303590432	50.8348741431583
2216	4	1832	NA	6.45352596639507	53.3024635927149
2216	5	1785	NA	3.51913692332289	50.8188383644551
2216	6	1720	NA	3.33492167493167	50.791979485225
2216	5	1791	NA	9.92945733273537	57.0915042590682
2216	6	1738	NA	3.6502231926816	50.7635051318266
2216	6	1809	NA	9.89678965097199	56.0988869120554
2216	6	1737	NA	3.47309477415487	50.8437635717802
2216	4	1841	NA	9.94235397625579	57.1990527324
2216	6	1735	NA	3.47217528550134	50.7947544980856
2216	6	NA	NA	3.7310310118399	50.7965175766372
2216	6	1767	NA	3.52459121254036	50.8452194914426
2216	5	1771	NA	3.66474503207748	50.7438010101379
2216	4	1839	NA	3.67182069397809	50.6993159339961
2216	4	1864	NA	7.08859308128433	53.1365539633235
2216	4	1859	NA	9.70973439040938	57.2965444536469
2216	5	1795	NA	7.90640740852688	52.6543045438977
2216	5	1805	NA	9.7669165388095	57.3272933652923
2216	5	1827	NA	11.4444349781145	54.8096153350989
2216	5	1779	NA	3.62098566555442	50.8120870680518
2216	6	1777	NA	9.19444914305834	54.9942057476495
2216	5	1758	NA	6.46984272232081	53.3044945803091
2216	5	1778	NA	3.54968179919186	50.8428772257933
2216	7	NA	NA	3.62705284328844	50.8554254809978
2216	6	NA	NA	7.22811794062266	53.0975606763157
2216	5	1802	NA	9.7423165375127	57.2092711730776
2216	6	1733	NA	3.69048728086773	50.6684331567344
2216	5	1810	NA	3.52948071474085	50.7269871427384
2216	5	NA	NA	3.47929701392526	50.7645523873645
2216	5	1779	NA	11.0078958646757	54.8351353399373
2216	3	1863	NA	6.37425737397019	53.2091438424219
2216	4	1851	NA	3.49238609482689	50.7885783638295
2216	4	1840	NA	6.41158251582738	53.2316038095077
2216	6	1807	NA	11.2173134381772	54.935980214305
2216	4	1818	NA	10.0539617494657	57.5685594692754
2216	3	1842	NA	3.61002698257518	50.7727746452545
2217	8	1757	NA	7.11898457661365	48.9211085450954
2217	9	1695	NA	7.53453966720477	48.3507040062006
2217	8	1694	NA	7.66836007509667	49.6744418717541
2217	7	1791	"Germany"	10.4163218173223	51.2086640735261
2217	8	1738	"Germany"	10.5381022169976	51.0847468005652
2223	3	1833	NA	10.1184489106412	56.5201057524099
2228	1	NA	NA	12.810909668562	50.9827244556583
2231	7	1744	NA	8.48541292851254	49.1730467994456
2231	10	NA	NA	-0.630850085531911	47.4618985672548
2231	8	1678	NA	6.96128341398506	49.954674845815
2231	10	2040	NA	7.52079218217739	48.7044363271234
2231	10	1707	NA	7.48673304974443	48.6763821627871
2231	6	1765	"Germany"	10.527684006828	51.1260463286905
2231	9	NA	NA	7.15109324800384	49.8905938811114
2231	9	NA	NA	7.2039929028745	49.9619164301331
2231	10	1619	NA	0.135465700615214	46.9555978955952
2231	7	1702	"Germany"	10.4012533323259	51.199317810522
2231	9	1672	NA	6.28162043773032	44.1135739264875
1988	3	NA	NA	20.9256498954139	52.1749812733688
1988	1	1872	NA	21.1081443792606	52.4880381677772
1988	3	NA	"Poland"	19.2425108288674	51.8120106184679
1988	2	1845	NA	20.8778256286586	52.1950958684091
1988	2	NA	"Poland"	19.0867801922931	52.0042046055813
2238	3	1895	NA	16.4237120954673	49.4872738413295
2238	4	1865	NA	16.3588652331524	49.4748112567709
2238	4	1865	NA	7.14332582753622	50.7379471078907
2238	4	1873	NA	7.18292402907104	50.7843230569794
2034	9	1758	"Germany"	10.5457041009788	51.2066210996154
2034	5	1904	"Poland"	19.162000077786	51.9308359531517
1236	0	1990	"Germany"	10.5073330231669	51.164052701476
2269	10	NA	NA	2.42817900557157	49.7462124518523
2269	10	1651	NA	0.513385925611779	46.7409343370309
2269	10	1616	"France"	2.24413314633388	46.3165117908366
2269	9	NA	NA	5.95394246726762	47.3090822494025
2269	9	NA	NA	5.99080548551176	47.2555428865807
2269	10	1666	"France"	2.17159478894698	46.2731885532579
2269	9	1651	NA	4.07996033736335	48.3540342414254
2269	10	1646	NA	1.91437857287335	47.9617421722875
2269	7	NA	"Germany"	10.4454143735203	51.1722851746991
2269	10	1592	NA	3.17342295092996	51.2301963627977
2269	10	1645	"France"	2.30537590501292	46.2864692603642
2269	8	NA	NA	6.00923738076839	47.1537952386545
2269	10	1614	NA	0.231406010224721	48.9618228229905
2269	7	NA	"Germany"	10.3938552510382	51.11189870971
2269	10	1656	NA	-1.13153469197633	46.1551435601587
2269	10	1629	"France"	2.2925563617104	46.2794872969272
2269	8	1744	NA	8.9270347677043	49.5901607943529
2269	9	1640	NA	2.32789825482844	49.829928997791
2269	10	1598	NA	3.31098251365631	51.2378610785626
2269	9	1652	NA	2.31596294780708	49.8884050516594
2279	4	1851	NA	17.1911823381851	47.8786455921976
2038	10	1672	NA	2.15134382804046	46.9074509443549
2038	10	1690	NA	0.394499222223787	45.4522540535046
2038	8	1759	NA	8.29541289865433	48.286698247776
2038	9	1738	NA	7.02521536810477	49.0704409045157
2038	7	1730	"Germany"	10.365612645243	51.1035917751173
2038	10	1643	NA	8.09498912275112	50.9634851017652
2038	9	1735	NA	10.7549769444696	50.7083450539886
2038	9	1733	NA	7.79435189460382	50.9538430390248
2038	10	1658	NA	7.92360110154081	50.9679111449451
2283	4	NA	NA	11.5629620105687	48.775097486147
2283	3	1901	NA	9.24458853880426	49.7219965542906
2283	3	NA	"Germany"	10.359483832022	51.2567302348993
1990	1	1905	NA	21.1328636430514	52.2649702757278
1990	1	1907	NA	20.9153359041375	52.1673261502226
1990	3	NA	"Poland"	19.0134702201782	51.8423476194272
1990	2	1857	"Poland"	19.1089138070984	51.999605266665
1990	2	1860	NA	20.9162416680546	52.2980810188185
1990	2	1867	NA	20.9782951438458	52.2358083033234
1990	3	NA	NA	21.0495305383065	52.2254332106299
2285	10	NA	NA	-0.726923263935863	48.7700958492778
2285	9	1644	NA	-0.469132450230361	49.1248467545064
2285	10	1609	NA	-0.240473591683145	49.2094447713231
2285	9	1680	NA	7.51371850502077	47.8975843133942
2285	10	1620	NA	4.36946953966794	43.8598741058027
2285	8	1645	NA	-0.493460405026041	49.1261485161887
2285	8	1727	NA	9.66765861921812	50.62334821035
2285	8	1685	"Germany"	10.5602190889515	51.1200596448694
2285	9	1638	NA	-0.416669390164386	49.2264956243122
2285	10	1677	"Drenthe, Netherlands"	6.60493027211896	52.9636478896103
2285	8	1698	NA	4.58663894690286	51.9663590147343
2285	8	1634	"France"	2.13745446753196	46.1872258580184
2285	8	1740	NA	4.93380605980872	52.3354676335013
2285	8	1723	NA	5.11109156130544	51.3745714963026
2285	9	1709	NA	7.47745054957002	48.2282224825144
2285	10	1716	"France"	2.22631111907916	46.1368238910185
2285	9	NA	"Germany"	10.5883408543523	51.225583735459
2285	8	1708	"Germany"	10.493372925392	51.1064408531082
2285	10	1641	NA	3.34149352481695	43.6220874310637
2285	10	1650	NA	-1.01532946629576	45.6396989451091
2285	8	1693	"Germany"	10.4849710044922	51.2302706365246
2285	9	1674	NA	7.67733959231966	47.8882804179285
2285	8	1720	NA	9.01648718046451	49.066872485564
2301	1	1956	NA	7.25150401162009	51.3920662426392
2309	4	NA	NA	9.59577256942451	47.2973783754196
2309	5	1730	NA	9.73028626959568	47.2421006976906
2309	8	NA	NA	9.56230210224418	47.1886961725306
2309	6	NA	NA	9.58088489272011	47.2005751134714
2309	7	NA	NA	9.59166309725708	47.194669100823
2309	7	1706	NA	9.68608025926632	47.2606758084483
2309	6	NA	NA	9.56020753896027	47.1380526185286
2309	8	1623	NA	9.49462757085882	47.1613892198965
2309	7	1684	NA	9.64653347775718	47.2060113618024
2309	9	1638	NA	9.57207672015352	47.1986942058157
2309	7	1671	NA	9.65301629963358	47.2550104231735
2309	8	1629	NA	9.51321703850954	47.2349634094541
2309	6	1724	NA	9.5845237639151	47.2925553201556
2309	9	1629	NA	9.57068588828417	47.1899530888608
2309	7	1729	NA	9.56656695115559	47.223199417679
2309	6	1693	NA	9.66256387845017	47.1312446002678
2309	9	1590	NA	9.67276370044104	47.1776973670773
2309	4	1797	NA	9.72238716456612	47.2648046143409
2309	5	1777	NA	9.65873830908676	47.2698853788908
2309	7	1682	NA	9.73288571191115	47.2349206630443
2309	6	1704	NA	9.55438218699192	47.1526454932556
2309	5	1741	NA	9.49712680941973	47.1669337379704
2309	5	1745	NA	9.61895452400262	47.2164986785284
2309	8	1635	NA	9.71770836287577	47.2520176641065
2309	3	1851	NA	9.59039366776493	47.3104072074717
2309	6	1681	NA	9.5845837911633	47.1599130454274
2309	6	NA	NA	9.6155193713997	47.1300872272022
2309	7	1668	NA	9.64570306848028	47.3069207399694
3216	5	1821	"Switzerland"	8.21595502862337	46.8738066442039
3216	5	1803	"Switzerland"	8.15646133760611	46.8443893536026
2316	6	1761	NA	11.2685359279108	50.1095986061868
2316	7	1714	NA	11.6295804377978	49.8639883763186
2316	6	NA	NA	11.1273342794406	49.8847294418692
2316	10	1592	NA	8.45984295185938	51.9078317896604
2316	6	1757	NA	11.1736626393919	49.8601741065893
2316	6	NA	NA	11.1831936683612	49.8140917698167
2316	4	1869	NA	11.1195890161877	49.836148742792
2316	7	NA	NA	8.33364185943322	51.8993250103697
2316	4	1851	NA	8.38605345777219	51.57643618475
2316	4	1807	NA	9.11296445342953	51.9671864337764
2316	7	NA	NA	11.1046736495784	49.9006299063413
2316	5	1781	NA	6.78103516129106	51.450040008233
2316	9	1664	NA	8.46510786248529	51.8936854859999
2316	10	1634	NA	8.36538506999271	51.9894063413602
2316	5	1817	NA	11.1200347175364	49.8533862118502
2316	3	1886	NA	9.11334519969636	52.0574655911321
2316	1	NA	NA	7.11609747648697	51.5822274427465
2316	6	1744	NA	8.4434643336517	51.9569934419618
2316	5	NA	NA	11.4140588565289	49.6430932766704
2316	4	1794	NA	8.36859057349227	51.7415768164481
2316	6	NA	NA	8.4711098561196	51.8680417540624
2316	10	1581	NA	8.30892156765561	52.0114948033256
2316	10	1600	NA	8.42123932537841	51.8392627196153
2316	7	NA	NA	11.3989861982797	50.0919337410314
2316	6	1805	NA	7.0206636903191	51.4265720805897
2316	5	1827	NA	11.0816050645906	49.882875903093
2316	8	NA	NA	8.29238970719508	51.890220414334
2316	10	1659	NA	8.32982289906819	51.9088115668726
2316	5	1790	NA	12.3550466775376	49.42274798386
2316	6	1756	NA	8.4373718688382	51.8091554530987
2316	4	1810	NA	11.456491721632	50.1450391732212
2316	6	1808	NA	11.3830835413367	49.9500292392301
2316	6	NA	NA	6.82572622256874	51.4318350844945
2316	8	NA	NA	8.35991347888096	52.0035658836832
2316	9	1659	NA	8.24083123986505	51.9145608769162
2316	8	1700	NA	8.39419055771555	51.9016121780546
2316	10	NA	NA	8.415558499478	51.8781384301989
2316	9	1643	NA	6.92441535417679	51.3905648642232
2316	4	NA	NA	9.1211538393852	52.0308275159331
2316	5	1774	NA	11.1263344711634	49.8376118801642
2316	9	1697	NA	8.32125669252813	50.9687313676183
2316	4	1839	NA	7.03205008872176	51.5043339023421
2316	5	1777	NA	8.44653790445805	51.621380143629
2316	9	1661	NA	8.35931266061561	51.983336539557
2316	7	NA	NA	11.1159690469522	49.8541765528319
2316	3	NA	NA	9.24045231358014	52.0141282583238
2316	10	1596	NA	8.76335523064172	52.1336101255039
2316	4	1812	NA	8.36447427824817	51.7526241459087
2316	5	1796	NA	8.46223149538365	51.9369179497044
2316	5	1824	NA	10.6928544603373	49.4633124439359
2316	6	1775	NA	6.80825834232871	51.4127725456648
2316	4	NA	NA	8.46082999053192	51.7203491919528
2316	1	1951	NA	8.32303444850212	51.6569250772766
2316	7	1704	NA	8.43148107536478	51.9061361677991
2316	7	1755	NA	8.34161975953058	51.8450979866725
2316	6	NA	NA	8.38586149704485	51.7725835512124
2316	7	NA	NA	6.81637869528218	51.4154338113353
2316	10	1582	NA	8.32943339574327	51.8172192618836
2316	7	1692	NA	8.34123524971111	51.8168377717969
2316	6	NA	NA	8.30959629790302	51.8596458951984
2316	10	1642	NA	8.28314867867406	51.9577572938488
2316	5	NA	NA	8.27808794253207	51.6922614340631
2316	8	NA	NA	8.38540301577359	52.0090899400285
2316	8	1714	NA	6.7548042945972	51.3638742816883
2316	9	1623	NA	8.26846277605569	51.9109580844151
2316	4	1841	NA	8.31554276748969	51.7603944641296
2316	3	1899	NA	11.3461288100568	49.879136822584
2316	9	1636	NA	8.34120501637047	51.8897397521646
2316	10	1645	NA	8.99992204454348	52.2247297455059
2316	8	1712	NA	8.44613952961032	51.9092438497877
2316	8	1653	NA	6.83136248922117	51.4704035466484
2316	2	NA	NA	8.34755807061208	51.7631548803599
2316	5	1810	NA	11.1162331894162	49.9045079966312
2316	5	1777	NA	11.318618329104	49.8345434336973
2316	10	1678	NA	8.5294413180326	51.8709001579715
2316	10	1622	NA	8.29468165606917	50.990220405753
2316	4	NA	NA	6.92536436367024	51.4660605050481
2316	7	1780	NA	11.1510032885094	49.8552377170646
2316	6	1738	NA	11.2868370808265	49.8468657187359
2316	6	1763	NA	11.0996766834194	49.7880155237546
2316	9	1673	NA	8.30270156380829	51.9383946721117
2316	3	1844	NA	8.2795957814655	51.66683742488
2316	10	1624	NA	8.39766350126549	51.0214821650512
2316	4	1845	NA	11.4408523003324	49.5847386365838
2316	4	NA	NA	8.9466991874756	52.0385914394269
2316	7	NA	NA	8.43953601929048	51.8775544080297
2316	6	1755	NA	11.111244121331	49.8540942402291
2316	7	1765	NA	11.2653915783884	49.9075223758679
2316	10	1642	NA	8.44084478856268	51.9183166508917
2316	2	NA	NA	7.01267270581188	51.4158757439618
2316	4	NA	NA	11.2146852228687	49.8378921159679
2316	9	1674	NA	8.30948174527635	51.9574438810285
2316	9	NA	NA	8.42447592656881	51.9627081977318
2316	9	1658	NA	8.22159765567575	51.8006966086838
2316	6	NA	NA	7.63210220129656	51.6168577390671
2316	10	1637	NA	8.48398328364559	51.9816134488484
2316	6	1759	NA	11.2527145305795	49.9551381375673
2316	10	1620	NA	8.33231306493614	51.8424477107444
2316	3	1885	NA	8.33587837183515	51.6510808116019
2316	3	1848	NA	7.89678289440521	51.6146057118813
2316	6	1758	NA	11.2910416552341	49.9458431166
2318	5	NA	"France"	2.10295019624327	46.2912794110119
2318	5	NA	"France"	2.20396454448396	46.2462629112386
1493	10	1591	NA	9.2162030862417	55.3374686418457
1493	8	1711	"Denmark"	9.64609481481703	56.2780605940758
1493	6	1768	NA	12.5864097881509	55.7500439275783
1493	10	1638	NA	12.5606927623553	55.6395723971834
1493	9	1670	NA	8.74640619940369	54.9655696547465
1493	9	1630	NA	9.24973645863724	55.2978908050643
1493	7	1727	NA	12.6803058780664	56.0069882019462
1493	10	1607	NA	8.97502133814212	54.9529910380599
1493	10	1599	NA	9.31571605530861	55.4259848731983
1493	8	1722	NA	12.4477530078549	55.9537795151776
1493	10	1622	NA	12.6624648861721	55.5841704507202
1493	10	1614	NA	9.64325785505836	55.1889864665005
1493	10	NA	NA	9.85577011462587	56.9871903008613
1522	9	1655	"Germany"	10.3224953793092	51.1779307552521
1546	10	1670	NA	9.33713354369421	56.0268404443918
1546	2	1902	NA	10.1886672163492	56.7137340186026
1546	9	1715	NA	12.3559580095855	55.6944289284909
1546	9	1707	NA	9.91466602788325	57.452125014677
1546	9	1642	NA	9.26280807403294	57.0366320677185
1546	5	1861	NA	9.80740216128389	57.3765110210946
1546	7	1792	NA	9.73004122357133	57.5142397221958
1546	1	1910	"Denmark"	9.46564069203371	56.3208541709217
1546	7	1773	NA	9.9283951636281	57.4934944590631
1546	6	1787	NA	10.0499369055986	57.5668131679397
1546	10	1654	NA	9.8940981498112	57.5119679340015
1546	2	1912	NA	9.82034345194903	56.927437395284
1546	6	1809	NA	10.2073954997477	56.8890707277835
1546	10	1693	NA	9.81464060674593	57.5050236851085
1546	10	1627	NA	10.1789766439406	56.7460191601295
1546	8	1726	NA	10.0990230869558	57.3781248196162
1546	10	1625	NA	9.31238049943269	57.1500077535379
1546	8	1729	NA	10.0763353142875	55.135755994244
1546	7	1761	NA	9.90761614888963	57.303906433872
1546	10	1593	NA	10.0399712044438	56.8060156795818
1546	6	1759	NA	9.81534273285013	57.0625902384824
1546	9	NA	NA	8.71915083047124	56.9272975775088
1546	9	NA	NA	8.71168234091128	56.8849444598826
1546	6	1764	NA	10.1914096716757	56.1138726836092
1546	4	1851	NA	9.84196097613227	57.5425748075265
1546	9	1710	NA	10.5265698686525	55.3313640352463
1546	8	1743	NA	9.77918255178753	57.5488599326558
1546	8	1669	NA	10.0009024025077	56.8765272119852
1546	8	1756	NA	9.92001052928086	57.5233001249199
1546	9	1726	NA	9.48198941606504	56.0769276770966
1546	6	1803	NA	9.98169608621136	57.3831626788594
1546	9	1750	NA	8.68675021701294	56.3764423529242
1546	7	1721	NA	14.7262024895112	55.1825827396271
1546	10	1665	NA	7.50065078075076	50.4957808327288
1546	9	1715	NA	9.84110787806734	57.5219419549614
1546	9	1712	NA	10.0320326311157	57.4423224041855
1546	5	1789	NA	9.83871001281108	57.1402060042814
1546	8	1705	NA	12.6678210431721	55.7396685938007
1546	4	1850	NA	9.77435315336509	57.0509188771548
1546	7	1715	NA	9.96537849305666	55.9660264432679
1546	6	1794	NA	9.79723547441399	56.9933489077017
1546	4	1861	NA	9.95856098323453	56.951493265669
1546	4	1809	NA	9.83327668424056	57.0695574391024
1546	10	1683	NA	9.54244335833799	56.143314808475
1546	6	1777	NA	9.90042867426006	57.5859277482168
1546	8	1725	NA	9.90325937065507	57.50647423378
1546	9	1636	NA	8.7098285381482	56.8221198279469
1546	9	1696	NA	9.92235539326311	57.556116397864
1546	10	1666	NA	10.0825924587855	57.5301035183474
1546	10	1679	NA	9.41381976275641	56.1591284359617
1546	7	1712	NA	8.84218750819669	56.8019991993996
1546	5	1843	NA	9.75048545402451	57.4496174921489
1546	6	1828	NA	9.87527968150476	57.4713651821434
1546	4	1877	NA	9.95362687234564	56.7732371612882
1546	9	1704	NA	8.62173271960606	56.9015342615976
1546	5	1768	NA	9.70288396414122	57.1120658467393
1546	10	NA	NA	9.89478966850505	57.375995815296
1546	8	1779	NA	9.85808148900369	57.2924107178039
1546	9	1683	NA	6.89796577875606	49.9818393471492
1546	10	NA	NA	9.92789608717866	57.3804450165072
1546	3	1855	NA	9.82785009819208	57.5309087404592
1546	7	1757	NA	9.7622530790302	57.0740078088998
1546	10	1666	NA	8.78335898914579	57.0518753315299
1546	6	1806	NA	9.94551986046115	57.4423669823229
1546	9	1702	NA	8.79841875422827	56.9011549363217
1546	9	1700	NA	9.78406896559642	57.4439555318414
1546	10	1651	NA	9.86524284531533	57.4234573143086
1546	8	1731	NA	9.99213977014012	57.6247708840242
1546	9	1711	NA	10.0098573069922	57.4851740648572
1546	7	1776	NA	9.95939973359743	57.5075708860482
1546	8	1664	NA	10.2374513872925	56.8254741511525
1546	6	1826	NA	9.73274993101142	57.4342575193174
1546	8	1732	NA	9.84144962952856	57.4115731709795
1546	10	1693	NA	10.5237069572255	55.4340161733563
1546	10	1675	NA	6.54532378776857	49.8088084118946
1546	3	1873	NA	9.63332487758062	56.9900815461515
1546	10	1680	NA	9.85669717065165	57.4172059409858
1546	10	NA	NA	9.90356102668671	57.5087291196752
1546	10	1672	NA	10.3145172568973	56.0689415408642
1546	5	1831	NA	9.9024970625489	57.035890888696
1546	6	1821	NA	9.86846638008512	57.4328155421284
1546	8	1656	NA	8.68183748340853	56.8084738898016
1546	10	1656	NA	8.82812175448156	57.0869016443891
1546	5	1812	NA	10.0371075265381	57.4818159916687
1546	10	1697	NA	9.92388426168153	57.4741978431874
1546	10	1639	NA	9.3174351900745	56.3636250296944
1546	4	1852	NA	9.89433733371656	56.9910874502041
1546	8	1720	NA	14.9608909150017	55.12202266383
1546	9	NA	NA	10.2634589073451	56.9004428959311
1546	9	1661	NA	10.2054375060844	56.8345335762289
1546	9	1702	NA	9.88391594132241	56.0284373281114
1546	10	1642	NA	9.91620649048489	57.4682428463654
1546	7	1723	NA	10.0481161280633	56.1100017448156
1546	5	1817	NA	9.52025112084323	56.9431026061916
1546	7	1740	NA	9.78793459012491	57.4571422312535
1546	3	1896	NA	9.86939652645989	57.0094717851228
1546	5	1778	NA	9.87952078816487	57.0564146928634
1546	8	1736	NA	9.83338651941367	57.5161713249307
1546	8	1769	NA	9.7596845134988	57.5187568305437
1546	9	1693	NA	9.86597557280487	57.6305933322515
1546	9	NA	NA	8.66131845048203	56.7991273693429
1546	8	1755	NA	10.0007225034757	56.0689342723229
1546	5	1815	NA	9.80450256999272	56.4638166082567
1546	5	1814	NA	9.83729473011874	57.0005518855151
1546	10	1702	NA	10.0749608962572	57.5330707812352
1546	9	1694	NA	9.89414152267837	57.5932629811158
1546	10	1685	NA	9.89478764321641	57.388079655843
1546	9	1720	NA	10.1543136932162	56.2000629301716
1546	9	1682	NA	10.1114734314242	56.8806325277326
1546	10	1690	NA	9.99845076236264	57.5412264256196
1546	7	1782	NA	9.83778911360963	57.4762971523377
1546	9	NA	NA	10.1450063062244	56.8761351895729
1546	5	1805	NA	9.97098482111146	56.9797814995941
1546	7	1787	NA	9.9768813528778	57.3720707285566
1546	8	1743	NA	9.83230310786453	56.9083695847556
1546	9	1691	NA	9.90945209556946	57.5962683469662
1546	6	1755	NA	9.6613043913664	56.952509201358
1546	5	1808	NA	9.79967705163179	57.0620234068776
1546	7	1771	NA	9.96072459552254	57.5072744971253
1546	6	1769	NA	10.1657392125153	56.0301729780954
1546	7	1777	NA	9.5280474064506	56.0778626267461
1546	8	1734	NA	10.0740539552932	57.5630282547276
1546	6	1763	NA	9.82592541008418	57.5068064478018
1546	8	1730	NA	9.40901940326607	56.1404941430908
1546	6	1807	NA	9.8505370343453	57.0392753213059
1546	6	1806	NA	10.0597993129253	57.3505849036876
1546	3	1887	NA	10.0458276435432	56.7916378083918
1546	7	1730	NA	9.81809573287219	57.4479456138561
1546	10	1661	NA	9.90786873743416	57.4149249899351
1546	4	1826	NA	8.29106526820979	56.6979598602648
1546	10	1706	"Denmark"	9.53514274596978	56.2936506725995
1546	6	1818	NA	10.0775692283795	57.5345133444691
1546	5	1789	NA	9.99752080883724	56.8218073971588
1546	8	1697	NA	8.60710153704668	56.8995870347038
1546	8	1735	NA	10.0446795785045	57.5233817592701
1546	7	1798	NA	10.0331197347551	57.4398927008932
1548	5	1830	"Germany"	10.4864200112717	51.1170070108764
1548	4	1883	"Germany"	10.3163054904126	51.158969558485
1548	4	1830	"Germany"	10.4802661725818	51.1516797107073
1548	5	1821	NA	9.81513781673468	52.2939770607872
1548	4	1870	"Germany"	10.5125740707977	51.1186302817355
1548	5	NA	"Germany"	10.4327134737781	51.2373516954128
1548	6	1810	"Germany"	10.3680078488101	51.2614097041102
1548	6	1790	"Germany"	10.478822613525	51.1954579696704
1548	5	1860	"Germany"	10.5055172756565	51.236689466206
1548	7	1773	"Germany"	10.4350733966728	51.140471618923
1548	5	1809	"Denmark"	9.48816788649098	56.3580949102962
1548	6	1839	"Germany"	10.4957811077993	51.1522940025776
1548	4	1869	"Denmark"	9.5510239750176	56.3255541825047
1548	4	1838	"Germany"	10.5019409235744	51.0926537858508
1548	7	1800	"Germany"	10.466640862158	51.0747804098932
1548	5	1807	"Germany"	10.3918499134904	51.1597966666825
1548	6	1848	"Germany"	10.3625024590323	51.0969978289354
1556	5	1838	"Germany"	10.4468776758168	51.2303186408501
1556	9	1639	NA	-0.883202972384442	46.1934780479001
1556	10	NA	NA	-1.68836554648787	48.1463054583137
1556	10	1633	NA	0.616309148114507	48.2959117585048
1556	9	1723	"France"	2.22799977328638	46.252588780996
1556	5	1854	"Germany"	10.504874843425	51.1648568945037
1556	10	1646	NA	2.61993094096148	49.6678981110224
1556	9	1681	NA	-1.64006065472166	48.1388588497379
1556	9	1686	"France"	2.1785605260779	46.1763203455778
1556	8	1691	NA	3.52129329109055	45.5003764120504
1556	10	1649	NA	2.33196989807763	48.8064605060367
1556	10	NA	NA	-1.09115406637695	46.1476278522177
1556	10	NA	NA	-1.46666432635328	47.2383412385367
1556	10	1647	NA	-1.09212778533917	46.1738337348096
1556	10	1697	NA	2.23954689343123	48.9519031659482
1556	9	NA	"France"	2.23913939449846	46.2334096532649
1527	10	1635	"Denmark"	9.63946221676711	56.3393371264664
1527	9	NA	NA	12.4226991575194	55.6399104960093
1597	9	1680	NA	8.08642765837475	49.2883762724495
1597	10	1712	NA	7.20116475885819	48.8320605177302
1597	9	1677	NA	0.103658309614567	48.8617399506714
1597	10	1619	NA	8.38788150597018	47.2847200466409
1597	10	1726	NA	8.8529763489877	47.4641909220432
1597	9	1706	NA	9.7533537954305	47.6047274410548
1597	10	1684	NA	7.89475683887161	48.2573198261999
1597	10	1722	NA	7.16945160841212	48.8664447096003
1597	10	1713	NA	8.76315274462635	47.4732738029316
1597	10	1646	NA	1.6243315943531	50.4499497512592
1597	8	1701	NA	8.34100703092953	47.1661223535249
1597	8	1724	NA	8.06564686182966	49.0756931746046
1597	10	1634	NA	8.44092668955005	47.1722133255281
1597	10	1697	NA	8.9038967466183	49.2515986332478
1597	9	1731	NA	7.22596514869145	48.7537224209332
1597	10	1618	NA	4.0339607507588	47.1130538248847
1597	9	1693	NA	8.17098122437145	49.038424664064
1597	10	1636	NA	7.5982610647301	47.8127055492447
1597	9	1737	NA	7.36210949800581	46.9543402957437
1597	10	1625	NA	0.185595339613421	47.1070946295591
1597	9	1644	"Netherlands"	5.27138873231614	52.079433667187
1597	10	1678	NA	11.4577738183929	48.7799190138822
1597	9	1697	NA	8.55604725206156	47.1440142868698
1597	9	1669	NA	0.189929866229242	47.222927196867
1597	9	1648	NA	8.5148040875002	47.1808438674865
1526	5	1806	NA	10.8622683788422	56.4703534310876
1526	6	1786	NA	10.1251107290032	56.1755597628914
1526	7	1761	NA	9.78201112010788	56.0979453435798
1526	5	1816	"Poland"	19.2795925382246	51.9077153130393
1526	5	1825	"Poland"	19.0579099553429	51.9971046314167
1526	8	1708	NA	10.8739531457425	56.4249938166441
1526	8	1719	NA	9.95492747723361	56.4354615821395
1526	4	1876	"Germany"	10.4921412298474	51.215308665074
1526	6	1786	NA	9.94487865969396	56.0611390018467
1526	4	1870	NA	10.7361881032296	56.3480796449891
1526	7	1729	NA	10.010122941492	55.9345066607588
1526	5	1812	NA	12.0160303333251	54.7983860469682
1651	4	1840	"Germany"	10.4434406839594	51.1851256405757
1651	8	1712	NA	8.28794140925737	49.4327310142052
1651	8	1691	NA	8.26691033128926	49.3151476174982
1651	5	1838	NA	11.5028773656541	48.8497074862184
1651	4	NA	"Germany"	10.403110351081	51.1226284145731
1651	5	1839	NA	11.5522837765778	48.8408190826863
882	5	1794	NA	4.66151222857818	52.0480737081256
882	7	1700	NA	4.60465102083636	52.0892595017967
882	7	1736	NA	4.65200133927039	51.9876820990206
882	4	1837	NA	5.08144340191012	52.1620085306596
882	8	1728	NA	4.53868776691674	52.4002206781992
882	7	1715	NA	6.06880387365204	53.2515027632615
882	9	1642	NA	4.60220145400341	52.0348608490859
882	7	1683	NA	4.67847296413438	52.0237025760179
882	7	1697	NA	4.92185968508692	52.0002932329247
882	7	1726	NA	4.80533732625978	52.0488899674061
882	8	1649	NA	4.88744475566281	51.9439248127856
882	8	1711	NA	4.68589377514114	52.051376336081
882	9	1644	NA	4.65668043961286	51.9348437250204
882	7	1696	NA	4.52404722281315	52.0334451538174
882	7	1722	NA	4.7399958199798	52.3093017365853
882	8	1661	NA	4.54074505104938	51.9880445709185
882	8	1641	NA	5.04041804530751	51.8025596384061
882	9	1693	NA	4.73108794978545	52.3353180214806
882	6	1762	NA	4.66855726063846	51.9905647862014
882	8	1691	NA	6.17448019747796	53.0115240403407
882	9	1645	NA	4.4527233963168	51.9905389196639
882	9	1646	NA	4.35788915144068	51.8686060383184
882	7	1761	NA	4.63911165095291	51.9019729935338
882	9	1671	NA	4.68617684667968	52.4085636564867
882	6	1721	NA	4.46242915053085	51.9354739536222
882	7	1739	NA	5.02468065092018	52.2040819988898
882	8	1696	NA	4.62503683920844	51.8171598643761
882	5	1762	NA	4.24038654604256	51.7385197602178
882	8	1675	NA	5.94595454482424	53.1466703148499
882	6	1783	NA	5.00910033769587	51.7130593683271
882	10	1624	NA	4.35656656955074	52.0385831388556
882	9	1676	NA	4.73022543686106	51.8713887379814
882	6	1764	NA	5.99352548444736	53.2952794702461
882	8	1697	"Utrecht, Netherlands"	5.21956538132416	52.0303352562655
882	5	1772	NA	5.89963722153603	53.2550654577132
882	6	1756	NA	4.80838383882008	52.0065038010966
882	5	1802	NA	4.89181471587225	51.9332514256253
882	8	1664	NA	4.85155795329968	51.8586015354122
882	7	1715	NA	4.85965211780039	51.9973471009053
882	7	1752	NA	4.62227641125273	51.8726558940148
882	7	1741	NA	4.51837319435071	52.4324073136759
882	8	1698	NA	4.69795485797431	51.8643700487343
882	7	1673	NA	5.01719274015104	51.9718993000293
882	6	1763	NA	4.73800370608095	51.98435163731
882	8	1704	NA	5.02478216582737	51.9149530556802
882	6	1750	NA	4.91520461256983	52.0284777595181
882	5	1757	NA	4.78253168308839	52.0764014046138
882	6	1769	NA	4.49415657413365	51.9573884622889
882	7	1721	NA	4.72000718166163	51.8999495953071
882	7	1715	NA	4.73097471020493	52.3991710886095
882	6	1732	NA	4.43101268492844	51.9739909331572
882	10	1669	NA	4.68483053960283	52.3153609778796
882	8	1691	NA	4.64985340514671	51.9947891492375
882	5	1811	NA	4.62989715347039	52.3256565312476
882	6	1739	NA	4.73355034161944	52.0735204303119
882	10	1623	NA	4.45989269192482	51.8445021945299
882	6	1754	NA	4.74791505885811	52.3632128486541
882	8	1683	NA	4.71732292902085	51.9308713145344
882	4	1831	NA	4.74903441938086	52.0730337949781
882	7	1737	NA	4.55906740624289	51.9835179546134
882	7	1732	NA	4.64789245072291	52.0258539115055
882	7	1716	NA	5.15569316987499	52.0186959493837
882	7	1695	NA	5.99715218646102	53.1482967901831
882	7	1697	NA	4.69793410187014	51.8691367081583
882	9	1674	NA	4.34661262126832	51.9095756897702
882	10	1613	NA	4.30376284476349	51.8296889676519
882	5	1763	NA	4.58657908553676	51.8590657867716
882	8	1653	NA	4.7456587291977	52.0546901575212
882	7	1702	NA	4.8898103629243	51.8910059561772
882	6	1740	"Utrecht, Netherlands"	5.01492927923592	52.0296806984361
882	8	1704	NA	4.43545460493571	51.9571452298458
882	7	1688	NA	6.04285819841742	53.3175925978695
882	7	1717	NA	4.92907834917195	52.0336337071448
882	7	1713	NA	4.91694870480349	52.0932102655118
882	6	1787	NA	4.57791386561036	51.8553708685478
882	8	1692	NA	4.69121274311505	52.0733796847862
882	7	1727	NA	4.45245276599866	51.7691223349233
882	7	1725	NA	4.04574223544251	51.8936129246648
882	7	1720	NA	4.88668286049663	51.9508983240638
882	8	1702	NA	4.87349314999225	52.0006438153
882	8	1695	NA	4.55902378367917	52.0165458868633
882	9	1656	NA	4.70654789380859	52.0508928105883
882	6	1743	NA	4.62798500154281	52.1787908464282
882	5	1796	NA	4.63884134798091	51.9708780002061
882	6	1779	NA	4.56786711890494	51.9683724837792
882	8	1697	NA	4.78790176075205	52.4022364069119
882	7	1757	NA	4.49246810499841	51.8764826077305
882	7	1755	NA	4.663936438448	51.7679981359492
882	9	1658	NA	4.51445496700925	52.1680076790423
882	7	1738	NA	4.85084770949863	51.8814451688212
882	8	1692	NA	4.70141581179096	52.0101790525996
882	9	1702	NA	4.55507589567096	52.3307699274901
882	6	1755	NA	4.67182345966823	51.8940787805812
882	7	1727	NA	4.71150449241717	52.3238321187008
882	6	1722	NA	4.99164211527214	52.0787235736311
882	7	1717	NA	4.62417607593136	51.9977606466588
882	6	1722	NA	4.68630140068446	52.0443291495716
882	8	1697	NA	4.38732581877039	51.8976884080281
882	9	1679	NA	4.48015014003489	51.9248322885101
882	6	1761	"Utrecht, Netherlands"	5.13305593442324	52.1107940328433
882	8	1713	NA	4.72357187014332	51.8477980871613
882	7	1735	NA	4.36248061616061	51.9567342171092
882	7	1707	NA	4.9313981495431	51.9743324402541
882	8	1696	NA	4.44950133877235	51.9521113383681
882	7	1660	NA	5.42267349964371	51.8893233336216
882	6	1770	NA	4.62421450027937	51.9136781123091
882	8	1670	NA	5.19171017466134	51.7819429776253
882	6	1758	NA	4.66050607893795	51.9514829971477
882	5	1779	"Utrecht, Netherlands"	5.02064845951329	52.1336111684345
882	6	1732	NA	5.14214796802752	51.8545276097075
882	6	1719	NA	5.83738748241904	53.1205978922875
882	8	1685	NA	4.5997461874895	51.9299229369323
882	8	1642	NA	4.92472069813094	52.0542981166896
882	9	1653	NA	4.52253612248905	52.0597737796738
882	8	NA	NA	4.8676980870919	52.0079514659366
882	8	1696	NA	4.67838017669888	51.9037965261234
882	7	1703	NA	4.59157940627116	52.1135094255956
882	6	1732	NA	4.76279575186387	52.016349573127
882	6	1768	NA	4.54563464051484	52.1177228198625
882	9	1659	NA	4.77277856990097	52.4767827030109
882	8	1683	NA	4.62910166198081	52.0756134482442
882	8	1641	NA	5.35745155372642	51.9830600852378
882	7	1717	NA	4.31864968428041	52.0503924744396
882	6	1728	NA	4.98846619735226	52.1658405510759
882	9	1663	NA	4.3108693560577	51.9644202215042
882	7	1738	NA	4.63281857163903	52.0454565169929
882	5	1802	NA	5.06823628773873	52.0941850589783
882	7	1736	NA	4.29800345389263	51.8631312153267
882	9	1700	NA	4.54431509264604	51.9290403615865
882	6	1715	NA	4.76058283877798	51.9620126911838
882	6	1770	NA	4.60940079020288	52.0447167983265
882	7	1734	NA	4.34133444520295	51.8357372168507
882	7	1718	NA	4.83706734321237	51.9640314696931
882	9	1643	NA	4.46187715328194	51.7935252761729
882	8	1738	NA	4.54039236580648	51.9652451344423
882	7	1737	NA	4.82835879574229	51.7681682081764
882	7	1699	NA	4.50073695676303	51.9683124606724
882	5	1779	NA	4.66277001068473	52.0664333115372
882	7	1708	NA	5.80325472529033	53.3338784690067
882	7	1725	NA	4.45599268220866	51.9903263088271
882	6	1780	NA	4.24438364968708	51.7673320267592
882	6	1742	NA	4.76826149738373	51.9535148774391
882	7	1705	NA	4.82920950018294	51.9572908206859
882	5	1772	NA	4.62608854052268	52.1468929157845
882	5	1810	NA	4.69144597788225	51.8438849209073
882	7	1716	NA	4.86287940965982	52.0317084205504
882	8	1708	NA	6.17252845787679	53.0675561420112
882	8	1711	NA	4.62867580180639	52.0612007080325
882	6	1746	NA	4.9551549078924	51.9463230548678
882	5	1741	NA	4.60395075053119	51.9508706347045
882	8	NA	NA	4.5019100478527	51.9712572637349
882	7	1708	NA	4.69507098378946	52.042866715292
882	8	1683	NA	4.89483046504524	51.9348416245377
882	9	1627	NA	6.12058692171993	53.2151828349773
882	8	1712	NA	4.4320468925345	51.9490400026161
882	7	1707	"Utrecht, Netherlands"	5.22381125810404	52.1588380755959
882	10	1573	NA	5.37985400707297	51.9773268234685
882	7	1727	NA	8.54913436869093	52.6062480671868
882	6	1780	NA	4.64014833826881	52.4274612135968
882	8	1671	NA	5.11543480794419	52.1597915631099
882	6	1764	NA	4.99982369434189	51.7718056303103
882	5	1770	NA	4.65580732380994	51.9190074109338
882	8	1654	NA	4.99169214020735	51.955196280459
882	7	1690	NA	5.26004749301245	52.0949705404818
882	7	1709	NA	4.50952297374531	52.3168699115422
882	7	1684	NA	4.45630048222953	51.9881717610943
882	8	1704	NA	4.44046378897542	51.9606934414397
882	7	1701	NA	4.6098637039773	51.9645988070936
882	9	1625	NA	4.80939451573125	51.8992260437157
882	7	1710	NA	4.76623542546906	52.0878266943946
882	9	1623	NA	4.5411276039928	51.9251401951783
882	9	1665	NA	4.69529259689279	52.0177540362352
882	8	1652	NA	4.78263878862806	51.9361781552854
882	7	1749	NA	4.63117736461395	52.0483045489935
882	5	1774	NA	5.05063529537728	52.1127063437024
882	6	1714	NA	4.45043512723767	51.9266116913548
882	6	1773	NA	6.14776184347051	53.0043283518954
882	8	1655	NA	5.24978458549713	52.1089747681191
882	9	1663	NA	4.64618765239527	51.8520841933598
882	5	1805	NA	4.51307147333082	51.8327080965048
882	8	1639	NA	4.56921662459247	52.0759205836437
882	7	1727	NA	4.35234551563891	51.9995228268497
882	7	1736	NA	4.19055368474471	51.8095406107089
882	6	1731	NA	6.10026152078676	53.2212582325465
882	5	1765	NA	4.51497089873691	51.9928626573974
882	10	NA	NA	4.42566561080402	51.8402994615852
882	9	1633	NA	4.55383367568465	51.8688159447857
882	7	1717	NA	5.06101645873227	51.9623298359746
882	7	1729	NA	4.43342990753173	51.9311923707322
882	8	NA	NA	4.90101657892302	51.4965201467597
882	8	1726	"Utrecht, Netherlands"	5.09623647705481	52.1280477178063
882	5	1777	NA	4.51307344289714	51.8711465915084
882	7	1720	"Utrecht, Netherlands"	4.97526670982393	52.0038233189339
882	5	1771	NA	4.54178987236208	52.1430994484265
882	6	1723	NA	4.35230521208804	51.9342495853853
882	7	1677	NA	5.03792001993395	51.8413181220812
882	8	1657	NA	4.67438286144167	51.8127127405644
882	8	1674	NA	4.88043074553482	52.0303204557288
882	7	1688	NA	4.73829439680898	52.0098740885242
882	8	1713	NA	4.70381536151161	51.8551291037993
882	8	1690	NA	4.56075978807876	51.9809047457558
882	6	1748	NA	4.74774137111961	52.1225084139276
882	7	1751	NA	4.39804271740579	51.9380843558244
882	7	1715	NA	4.65991826827692	51.849617712976
882	6	1731	NA	4.38115885043112	51.995791448811
882	8	1681	NA	4.49619287068294	52.0571398014377
882	6	1748	NA	4.73817795351022	52.0634699789801
882	7	1726	NA	4.57564640202945	52.0288992397461
882	6	1750	NA	4.68610413042277	52.3408518720033
882	7	1740	NA	4.68782006994445	51.906981517376
882	7	1710	NA	4.95017857852158	52.0312792100192
882	8	1690	NA	4.51412438368854	51.9384214982054
882	6	1782	NA	4.66821536145389	51.9180753975783
882	7	1728	NA	5.43774242006471	51.9089293983441
882	8	1688	NA	4.46127339642013	51.9025088917134
882	6	1734	NA	4.61201895294589	51.9127364164839
882	7	1738	NA	4.63351006269822	52.060606154285
882	9	1657	NA	4.40588849131831	52.0355943365619
882	7	1747	"Utrecht, Netherlands"	5.08382838688597	52.149846958052
882	8	1659	NA	4.64922548222837	52.0630689257419
882	7	1726	NA	4.64056143817934	51.9816532384299
882	4	1805	NA	4.68123554442731	51.9153548760065
882	7	1714	NA	4.50267393831089	51.9686361994431
882	9	1665	NA	4.59953348108842	52.1783525214123
882	9	1659	NA	4.5440253306609	51.9433076560532
882	7	1694	NA	6.05514649892841	53.2276778295161
882	9	1655	NA	4.35004931708316	51.8956540197168
882	9	1663	NA	6.26610507710191	53.1031881572152
882	6	1731	NA	4.80634750336413	51.9383412160239
882	6	1715	NA	4.75094604431248	51.8578719735692
882	7	1722	NA	5.0781884242631	52.0267216041765
882	7	1727	NA	4.5235167658053	52.0012809011107
882	5	1787	NA	4.34654917411068	52.020745171901
882	6	1742	NA	4.60862509720783	51.8916507992115
882	7	1719	NA	4.56837965657524	52.0201538477085
882	6	1746	NA	4.427019640659	51.9667918369345
882	8	1703	NA	4.56844872056845	52.0391616088985
882	4	1821	NA	4.66439191562131	52.0358459697926
882	8	1661	NA	5.04555675042793	52.1629896254758
882	6	1771	NA	4.54433779588569	52.475822301594
882	8	1655	NA	4.79702487732867	52.0400564874056
882	8	1647	NA	4.50021818741355	52.0160340931225
882	10	1618	NA	4.39758373584462	51.8748318522017
882	7	1720	NA	4.57091850573024	51.9964861619439
882	7	1697	NA	4.72895615621026	52.1058808317816
882	7	1707	NA	4.76690687686078	51.8841861380549
882	6	1717	NA	4.7347446395005	51.9498999950167
882	6	1763	NA	4.41496935784632	51.961292772793
882	5	1792	NA	5.92872594478789	53.1222687866269
882	7	1745	"Utrecht, Netherlands"	5.23584510732041	52.0453263036617
882	5	1755	NA	4.573309266277	51.884168071136
882	8	1708	NA	8.76150935328322	50.5260808260086
882	8	1673	NA	4.67911942954587	51.8865971325899
882	9	1670	NA	4.32213035692222	52.105426546499
882	7	1733	NA	5.92120236496399	53.1914777502462
882	7	1694	NA	4.65298791251887	51.914897320307
882	8	1695	NA	4.68166379985241	52.4071169130543
882	5	1799	NA	4.88327004818593	51.9423475165186
882	7	1692	NA	4.52694350593649	51.9641690349778
882	4	1791	NA	5.03840703801891	52.1494876061609
882	7	1690	NA	4.40612209239136	51.9368051773409
882	7	1694	NA	4.62315789335675	51.9577515797821
882	7	1721	NA	4.74931893314905	52.0008057886342
882	6	1738	NA	4.79021855952543	52.0696260686315
882	9	NA	NA	5.04004410758063	52.0154697056604
882	7	1737	NA	4.71564367491387	52.1658395733619
882	9	1702	NA	6.273980550706	52.7067336538564
882	8	1635	NA	4.51339391109732	52.036148042595
882	8	1710	NA	4.57165283968164	52.0207404238015
882	6	1738	NA	4.8994777621217	51.8661455472468
882	9	1659	NA	4.72153757344156	52.0538036596351
882	7	1749	NA	4.95356807524644	51.9504077465688
882	7	1750	NA	4.51781068834664	52.4493322253583
882	10	1633	NA	4.69777212530976	52.3307804277439
882	8	1724	NA	4.74591069576077	52.3452896831767
882	7	1703	NA	5.12028288887059	52.1177948645093
882	6	1758	NA	4.74663316085227	52.0545666072336
882	5	1774	NA	5.7000507889186	52.9691688567151
882	7	1739	NA	4.7104041604945	52.4336773039264
882	6	1729	NA	4.87555440121688	51.9399943301578
882	7	1712	NA	4.67968662260925	51.7675715389557
882	8	1692	NA	4.56899926677161	51.9453079932097
882	6	1751	NA	5.96173574876185	53.1394863611033
882	7	1720	NA	4.77080989057787	51.971439998159
882	7	1690	NA	4.79970166249352	51.8870318824228
882	8	1654	NA	4.41886940486279	51.893533473339
1446	8	1679	NA	4.11950858467169	51.9964582803896
1446	3	1826	NA	4.28079200455861	51.9683974357984
1446	5	1751	NA	4.2617620140473	51.8520908107865
1446	7	1728	NA	5.33814158147261	51.966681419109
1446	4	1818	NA	4.31088738563213	51.9295833095728
1446	6	1789	NA	4.33451511083349	51.8790784307388
1446	5	1751	NA	4.22746367410186	51.842216758967
1446	8	1680	NA	4.64660341558637	51.9869728783826
1446	7	1746	NA	4.23957936666106	52.0684091577432
1446	7	1722	NA	5.18211064803741	51.7476274477214
1446	8	1707	NA	6.08594207848679	52.207558668221
1446	7	1720	NA	4.1653916192154	51.8939704557108
1446	5	1825	NA	4.62492554888241	52.0182143462496
1446	8	1678	NA	4.76058691036293	51.8771897052465
1446	10	1628	NA	4.08477893394789	51.7596279747835
1446	7	1757	NA	4.74775627005876	52.0070482088816
1446	7	1766	NA	4.88293564993056	52.0563115301807
1446	7	1737	NA	4.53461792670397	52.6281391939892
1446	8	1681	NA	4.74962983726773	51.8298401554768
1446	4	1801	NA	4.76801553558257	51.8461760757487
1446	10	1649	NA	4.25473413943257	51.8316541449704
1446	7	1722	NA	4.60059126691277	51.9459772895922
1446	10	1623	NA	4.28878161202896	51.9356707777607
1446	10	1622	NA	4.85179419657045	51.9982896819883
1446	8	1700	NA	4.22748938502986	51.9751133170409
1446	10	1642	NA	4.25822165892154	51.7939806580956
1446	10	1651	NA	4.9104482463186	51.818031436283
1446	4	1807	NA	4.44066015959404	52.0813101021883
1446	7	1706	NA	4.33690964006978	51.8834151101761
1446	7	1729	NA	4.24399077935368	52.0274823574606
1446	4	1805	NA	4.44998120991236	52.0587368823405
1446	9	1669	NA	4.74738482634888	52.043185379517
1446	4	1817	NA	4.05929678902967	51.9496385157467
1446	1	1937	NA	4.25093022884665	52.0448560759104
1446	7	1725	NA	4.77917263826201	51.9790361589733
1446	8	1729	NA	4.27372874887174	51.9724559397923
1446	9	1658	NA	4.29655954651893	51.8437947605392
1446	6	1737	NA	4.12162795615368	51.9684177166586
1446	8	1702	NA	4.2789621659485	52.0295780373006
1446	6	1760	NA	4.62725377053485	51.9770154416189
1446	5	1802	NA	4.13098100680172	51.9472870412115
1446	4	1798	NA	4.61747853630783	51.9124230827273
1446	6	1756	NA	4.15856804264124	51.8335773222256
1446	6	1785	NA	4.18948539698514	51.8342231664847
1446	9	1648	NA	4.26017011226368	51.7652300314152
1446	5	1806	NA	4.64877382448864	51.9791298460857
1446	8	1677	NA	4.71548079049862	51.8245519965065
1446	4	1823	NA	4.27939729241764	51.9333257549617
1446	5	1789	NA	4.60570761993535	52.1148308148783
1446	10	1611	NA	4.3436106759768	51.7895994159833
1446	6	1784	NA	4.3208950399273	52.1010320551225
1446	7	1732	NA	4.30336570277904	52.0356310382919
1446	1	1923	NA	4.92235889409181	51.7037519373781
1446	5	1793	NA	4.41456699412893	51.8317227609714
1446	10	1599	NA	4.45044821708684	51.7618200234751
1446	9	1631	NA	5.09447416172832	51.7380966661874
1446	7	1741	NA	4.31220710264424	51.7313961663147
1446	2	1897	NA	4.23027654200942	51.9445224946656
1446	7	1697	NA	4.68262301720397	51.7191802393049
1446	6	1741	NA	4.63869165131822	51.914580527363
1446	9	1642	NA	4.57607068040598	52.0798330291597
1446	5	1755	NA	4.23149924298649	51.9345456858303
1446	7	1735	NA	4.74694301448495	52.0291599007438
1446	3	1887	NA	4.73354573704761	51.8724674384192
1446	7	1724	NA	4.79340211975453	51.8595317728281
1446	3	1868	NA	4.40217247714242	51.9719383276281
1446	6	1759	NA	4.1838278211574	51.9296096583088
1446	4	1802	NA	4.39136498729325	51.936753924265
1446	10	1636	NA	4.11395033634448	51.9181011166067
1446	4	1842	NA	4.39050154529727	51.8704315659167
1446	5	1805	NA	4.81569735525917	51.8614103120629
1446	4	1848	NA	4.42391418935436	51.98982798657
1446	8	1688	NA	4.35975576164525	51.9275015959668
1446	8	1714	NA	4.36744999788372	51.8563168107021
1446	4	1849	NA	4.26981171545826	52.0058414535219
1446	8	1699	NA	4.06553809602356	52.1026885745826
1446	5	1809	NA	4.23608990333743	51.905828786629
1446	6	1733	NA	4.65128595032574	51.8526430585958
1446	5	1774	NA	4.6186123647665	52.0090737859221
1446	5	1793	NA	4.68021432846686	52.0309485446597
1446	2	1898	NA	4.79805017106012	51.8790057177527
1446	7	1689	NA	4.20102083963701	51.9684544857482
1446	6	1761	NA	4.5338720143181	52.0620050629548
1446	10	1625	NA	5.09394986894412	51.7593381641936
1446	8	1682	NA	4.22087799258911	51.9962022494846
1446	5	1797	NA	4.73087242233722	51.9220096104916
1446	4	1807	NA	4.6587297806479	52.0936418097131
1446	9	1674	NA	4.13301443552569	51.8269123622044
1446	10	1639	NA	4.20262468487197	51.7832204902678
1446	6	1783	NA	4.51648502311436	51.9819576369555
1446	10	1660	NA	4.50160204169401	51.9541334283119
1446	2	1891	NA	4.3886279078287	51.9993515461051
1446	8	1729	NA	4.32334740224171	51.9270923381319
1446	3	1870	NA	4.16306458168394	51.8072969765973
1446	7	1757	NA	4.07001081403736	52.0918254271657
1446	9	1667	NA	4.26570136171752	51.8841588477033
1446	7	1689	NA	4.06736292239575	52.0797752819939
1446	5	1770	NA	4.82914637042741	51.9121516640003
1446	6	1752	NA	4.43294475943796	51.8320581348085
1446	8	NA	NA	4.09818557420256	52.0208105767753
1446	6	NA	NA	4.60619723398253	51.9791787382697
1446	9	1659	NA	4.32057997934955	51.9572235049041
1446	9	1631	NA	4.64752363149275	51.990347206405
1446	5	1788	NA	4.74663288488125	51.9561125547316
1446	7	1730	NA	4.19565617677485	52.0037244035487
1446	8	1679	NA	4.21233324887986	52.0561370564602
1446	4	1837	NA	4.58247341805041	51.837773185805
1446	8	1702	NA	4.6361240264291	51.9401385477446
1446	8	1728	NA	4.73550238711858	52.0362962457858
1446	6	1750	NA	4.08569455346109	51.9712371113463
1446	10	1669	NA	4.61946126577574	52.1669153762706
1446	3	1851	NA	4.34751343050653	51.9887855475024
1446	8	NA	NA	5.31300369172104	51.8503793554352
1446	6	1735	NA	4.69316843632956	51.9392755192659
1446	7	1734	NA	4.23942053182564	52.0632295311875
1446	7	1721	NA	4.44498794429944	51.9460628473968
1446	8	1731	NA	4.96239540494062	52.1084841470774
1446	7	1742	NA	4.27821684366518	51.9914995776092
1446	6	1738	NA	4.07707565933113	52.0207986865909
1446	8	1691	NA	4.43770006128765	51.8615278944017
1446	8	1712	NA	4.77612998044093	51.9449218902353
1446	8	1705	NA	4.2687617244803	51.9574677567039
1446	3	1844	NA	4.60957722375533	52.0855608595254
1446	7	1711	NA	4.35984725049515	51.7778253185159
1446	6	1736	NA	4.27801372219625	52.0658304721025
1446	10	1618	NA	4.83295477963186	51.9998709155662
1446	8	1718	NA	4.66404819925109	52.0725588218948
1446	8	1682	NA	5.31714294486284	51.8560028479123
1446	3	1887	NA	4.7897870263908	51.8527586508664
1446	7	1712	NA	4.42589826236603	51.8913001142353
1446	6	1757	NA	4.71771166417633	51.9549075197485
1446	6	1747	NA	4.29842039272113	51.9897071628765
1446	7	1747	NA	4.66803513159779	51.8449126626162
1446	8	1699	NA	4.14859272933362	51.945818194353
1446	8	1682	NA	5.07211831268209	51.9210494345441
1446	8	1695	NA	5.29895320258113	51.8586049521154
1446	5	1794	NA	4.14684184263486	51.9303093327788
1446	6	1776	NA	4.77317256448265	51.9506725728407
1446	8	1679	NA	4.19684784846758	51.930597235263
1446	6	1752	NA	4.10336641507114	52.0730642552009
1446	8	1692	NA	4.08744694309929	52.0911903632803
1446	4	1810	NA	4.69257566569834	51.8911590634812
1446	5	1767	NA	4.07726241711818	52.0672458591839
1446	9	1677	NA	5.23514345209308	51.9375365934203
1446	9	1684	NA	4.14712992388956	51.936908760631
1446	6	1783	NA	4.75128678560582	51.8253447173325
1446	8	1715	NA	4.20981393026766	52.0259527006185
1446	4	1836	NA	4.12639739283382	51.9164114402552
1446	10	1609	NA	5.27607493017569	51.9774065496439
1446	9	1620	NA	4.66123525819078	51.8824033886106
1446	10	1631	NA	4.36333073101001	51.9688281610287
1446	5	1794	NA	4.70072569748524	52.0394366313872
1446	8	1694	NA	4.16670796795752	51.9884384735765
1446	6	1783	NA	4.58156039971173	52.0671949728467
1446	4	1850	NA	4.03797160646425	51.9586474050684
1446	9	1685	NA	4.24731997638001	52.0296937870775
1446	10	1681	NA	4.66233341963402	52.1159146165023
1446	7	1691	NA	4.25352458062391	52.0766696343322
1446	9	1684	NA	4.7689748525184	52.0239448052571
1446	7	1703	NA	4.31769425198074	51.7862716293163
1446	8	NA	NA	0.485397835753319	46.476704622766
1446	6	1739	NA	4.11702504898774	51.9686767588218
1446	6	1769	NA	4.16285367914085	51.9613647591271
1446	10	1644	NA	4.36240063106632	51.8913547843672
1446	5	1799	NA	4.30640712652407	51.9903128328294
2064	6	NA	NA	11.4863662069453	48.8820433176
2064	6	NA	"Germany"	10.422161556557	51.2061600736014
2064	10	1663	NA	7.45935127921482	50.5110468426595
2064	10	1655	NA	8.16693455867545	50.2434198357863
2064	9	1684	NA	8.26518910623916	49.786155841009
2064	5	1812	NA	11.5531948903619	48.7098565695239
2064	6	NA	"Germany"	10.36218897492	51.198209149259
2064	10	1651	"Hessen, Germany"	9.18387262194179	50.6794832919201
2064	6	NA	NA	13.3858995083854	52.3950041710441
46	3	NA	"France"	2.1376853843351	46.2991481515859
1739	1	1949	NA	16.0870311541117	47.8732475452975
1839	5	1815	NA	8.51868338876883	48.8394674008057
1839	7	1795	NA	8.57409916160075	48.5443558393234
1839	8	1762	NA	8.51632300380721	48.482020906701
1839	5	1873	NA	9.35317758991597	48.8602249132185
1839	4	1794	"Mecklenburg-Vorpommern, Germany"	12.5566505767592	53.5841170015215
1839	5	NA	NA	12.5681916772467	54.1900628154195
1839	6	1844	NA	8.64454211261774	48.7827187202591
1839	5	NA	"Mecklenburg-Vorpommern, Germany"	12.4177013735708	53.6749661090657
1839	6	1813	NA	8.57944363650337	48.6745675609224
1839	4	1802	NA	12.5049565419104	54.1714620645559
1839	7	1829	NA	8.72726640159213	48.5292325686987
1839	7	1784	NA	8.68789312592105	48.4674188092145
1839	8	1769	NA	8.61927406188688	48.5570061296942
1839	6	1823	NA	9.2092035764498	49.0851670777853
1839	10	NA	NA	4.37156224776013	51.978031421765
1839	4	1803	NA	8.54543697622662	48.7909218125676
1839	10	NA	NA	4.74013938605406	52.3278219796086
1839	4	1813	NA	8.50881516890461	48.6670154090097
1839	5	1852	NA	8.73014143271687	48.6636896492386
1839	6	1742	NA	8.44284353407961	48.7866042579395
1839	3	1834	NA	12.0188041353809	54.0055184593713
1841	4	1855	NA	9.75689648177634	52.4002021764786
1841	4	NA	NA	9.64584580197788	48.9213610232424
1841	3	1907	NA	7.29512983419042	53.4331741961617
1841	5	1803	"Bremen, Germany"	8.83345444775495	53.1485202050791
1841	5	1793	NA	6.48612055571946	51.8421879202366
1841	4	1879	NA	7.31193649057537	53.3924614185332
1841	4	1849	"Germany"	10.3299176080868	51.1745986805861
1841	4	1851	NA	12.7270381146024	51.8773761677482
1841	4	1813	NA	9.67469352563145	52.4735656210467
1841	5	1823	NA	9.23085209601866	50.5832800282338
1841	4	1899	NA	7.01902181477148	53.5254044320084
1841	3	1856	NA	5.6912758915628	53.3205710463724
1797	4	1843	"Luxembourg"	6.25846794352387	49.8292169933732
1864	7	1734	NA	7.4378084696234	46.9366812623779
1864	10	NA	NA	8.49561040238769	49.750694484546
1864	7	1742	"Bern, Switzerland"	7.3573870844765	46.8724420223185
1864	6	1789	NA	7.74824250100761	47.0104191626803
1864	9	1729	NA	7.81443373323918	49.4996642456854
1864	8	1740	NA	9.64086209171088	48.5947575059097
1864	9	1679	NA	8.65111052941873	47.2566903248702
1864	9	1732	"Zürich, Switzerland"	8.63116485707013	47.4361833183827
1864	6	1805	NA	8.72873492664121	49.8367971188209
1864	8	1730	NA	8.91136370597065	49.1763697545913
1864	10	1658	NA	8.51033006943888	49.7698193482628
1864	6	1814	NA	7.75803933834164	46.9418559250021
1864	5	1841	"Switzerland"	8.28224173591689	46.8926100031223
2046	4	1866	NA	14.2792778869643	49.8346410740088
2046	7	1742	NA	3.28436292321011	50.6960596447884
2046	7	1749	NA	16.157802441591	48.9841902310776
2046	8	1725	NA	14.8372478561265	49.840289657709
2046	9	1705	NA	16.0315392250317	49.2844293366728
2046	10	1704	NA	8.44912462216753	48.496754116222
2046	7	1722	NA	3.59414646572619	50.7237133835118
2046	9	1698	NA	3.2307344150827	50.7182955766791
2046	4	1873	NA	14.2601711706774	49.7851602595229
2046	9	1686	NA	16.014250555206	49.2352022771
2046	9	1684	NA	3.30008468834067	50.8361916546151
2046	8	1698	NA	16.0914018732371	49.1512459498721
2046	7	1704	NA	3.57652049428821	50.8591118922034
2046	10	1623	NA	16.2090628716448	49.2111413124458
2046	6	NA	NA	17.177065891992	49.2785738512183
2046	8	1720	NA	16.0916426642378	49.2653710698922
2046	5	1811	NA	14.3616226147278	49.7687132688999
2046	3	1894	NA	3.35838684512117	50.7414125768391
2046	8	1679	NA	3.37167697092852	50.838567134743
2046	8	1737	NA	9.5812832280998	49.027746155338
2046	8	1674	NA	3.51331075768731	50.7308725945485
2046	10	1624	NA	3.47659137688322	50.9714958619757
2046	8	1695	NA	15.111424361439	49.9391534820653
2046	5	NA	NA	15.950716024343	49.1922650417476
2046	9	1706	NA	7.88460877094938	49.4791994550141
2046	5	NA	"Belgium"	4.56569354903003	50.5699840653842
2046	9	NA	NA	9.69698355312509	48.6027158703949
2046	10	1679	"Switzerland"	8.22689378566075	46.8849416090873
2046	6	1776	NA	3.30922471916553	50.8620097462084
2046	3	1897	NA	15.9125988010114	49.1235982795399
2046	6	1750	NA	3.55647579160502	50.8476855945206
2046	10	1690	NA	9.02787170957671	49.1752040676511
2046	10	1673	NA	9.74556194742027	48.7357847416757
2046	9	1609	NA	3.33546031198913	50.7435133508457
2046	8	1752	NA	3.30695853624865	50.728189497676
2046	10	1692	NA	9.85461335437772	48.463242541612
2046	5	NA	NA	3.41875657561084	50.8485866680722
2046	9	1753	"Baden-Württemberg, Germany"	9.47502820830554	48.6829329335049
2046	10	1686	NA	3.15516081255705	50.8074826365285
2046	4	1847	NA	15.1465291774737	49.886149082494
2046	10	1657	NA	3.36032618844394	50.7694517764491
2046	10	1697	NA	9.05525317740675	48.6069113788196
2046	6	1732	NA	3.42137376647063	50.834103509806
2046	3	1880	NA	15.9689412190472	49.1198684342487
2046	7	1689	NA	3.45197622955213	50.7888907506448
2046	10	1754	NA	14.5593277719529	48.9550514654634
2046	8	1751	"Germany"	10.477541594115	51.2275515554451
2046	9	1754	NA	14.3084665729853	49.1945583165082
2046	5	NA	NA	16.0504844221954	49.1503193278141
2046	9	1645	NA	3.52327711322212	50.7979804559544
2046	9	1678	NA	9.73145785146056	48.4365754907299
2046	8	1681	NA	3.34315920497751	50.784977033467
2046	8	1680	NA	3.4821842280362	50.7232489508443
2046	8	1691	NA	3.50341102184052	50.8435338392021
2046	6	1763	NA	3.52107206160015	50.8023528359728
2046	6	NA	NA	3.35541698955039	50.8495995745203
2046	4	1846	NA	3.45962628844494	50.8766885233153
2046	7	1693	NA	3.36602219776941	50.7645355898694
2046	7	1748	NA	3.32805721564958	50.7551643704537
2046	9	1714	"Germany"	10.3778399913288	51.2535056108411
2046	4	1869	NA	15.1909790586305	49.9162735742359
2046	10	1685	NA	7.98029791594072	50.9511707068018
2046	5	NA	NA	14.322264109466	49.9222714573214
2046	10	1641	NA	16.204925552795	49.2406230867584
2046	7	1754	NA	3.23660299521862	50.7315277398027
2046	4	1875	"Austria"	14.6521235860897	47.4658525287328
2046	3	1891	NA	16.4271119731317	49.2359805249314
2046	8	1667	NA	3.31952466875481	50.8761595028749
2046	4	NA	NA	15.9093325324718	49.2751198048982
2046	10	1684	NA	7.8995831307389	48.0571477058387
2046	10	1684	NA	8.98012812556871	50.1846650658724
2046	6	NA	NA	14.2482824998175	49.8535754051442
2046	6	1753	NA	3.50231967416448	50.7459284631008
2046	8	1725	NA	7.79068848009749	46.6765576123822
2046	6	NA	NA	14.3700251154148	49.8001065060401
2046	10	1752	NA	14.2244109820081	49.079338996721
2046	6	1725	NA	3.49175519618271	50.7802754357503
2046	9	1701	NA	16.0803989017478	49.1330542288546
2046	5	1841	NA	16.6541466439128	49.1682426317297
2046	6	1766	NA	15.0290299629258	49.831678157669
2046	8	1721	NA	16.3280860310811	49.1591617305739
2046	6	NA	NA	14.1618662256917	49.776164294108
2046	9	1701	"Switzerland"	8.32831855597959	46.7560542889161
2046	5	NA	NA	14.2136230532721	49.8831063426097
2046	7	1782	NA	14.8868631985333	49.938099666383
2046	5	NA	NA	3.41434754671499	50.795206890488
2046	10	NA	"Belgium"	4.5632775233405	50.5901996647184
2046	8	1686	NA	3.46836466260724	50.874826853366
2046	9	NA	NA	7.78693223805306	46.7435372855457
2046	8	1734	NA	11.8060134969531	49.4955647139465
2046	6	NA	NA	14.3102379852397	49.8725421212511
2046	6	1806	NA	16.352175426322	49.1943446573887
2046	6	NA	NA	14.3086013805585	49.8973481213245
2046	9	1731	NA	8.38065505908297	49.5781210759583
2046	5	1810	NA	15.3669714267729	49.9000646592575
2046	7	1721	NA	3.4113402230488	50.7461303732781
2046	4	1856	NA	3.38118538480573	50.7351227407218
2046	4	1873	NA	3.4014043184433	50.757615434587
2046	5	1856	NA	3.32446627097599	50.7952633700604
2046	9	1693	NA	3.18976510814539	50.6850750784704
2046	10	1641	NA	3.19937244612448	50.7182456236497
2046	7	1764	NA	14.8757922687651	49.9607472207326
2046	8	1737	NA	3.17008758003017	50.8637778438051
2046	9	NA	NA	3.45738681631156	50.7714300364984
2046	7	1738	NA	3.4435518724674	50.8377531937337
2046	5	1822	NA	3.30507925495627	50.8353898453079
2046	3	1868	NA	3.410033927889	50.8200079605109
2046	5	1809	NA	3.35815210409089	50.835534572181
2046	8	NA	NA	3.35894143453025	50.8764670088789
1881	5	NA	NA	9.26384006862942	50.7140907497629
1881	9	NA	NA	4.51967663648808	52.1886435217336
1881	4	1873	"Germany"	10.5865214776767	51.1608509229188
1881	5	NA	NA	9.74940977426023	52.2961453060293
1881	7	1738	NA	10.1134057511889	48.4054087890588
1881	10	NA	NA	4.60976097960005	52.2069017491724
1881	7	1760	NA	7.75687597706356	50.7928643474571
1882	6	1694	NA	15.5121691751088	49.9041771863807
1882	10	1663	NA	4.07464977432292	43.9877321836521
1882	6	1715	NA	15.4894905021078	49.7395128241091
1882	7	1728	NA	11.6166655386608	48.8630838602669
1882	10	1679	NA	2.27737076894131	48.8947166660489
1882	7	1688	"Germany"	10.5635029430388	51.2338372098658
1882	7	1749	"Netherlands"	5.20401321469101	52.1964515007885
1882	10	1611	NA	3.94873158501745	44.2437443783804
1882	9	1684	NA	3.86930367000376	44.3713849488927
1882	9	1713	NA	2.19005019388649	46.5063588185332
1882	7	1699	NA	8.09592872981599	50.7164846268552
1882	10	1677	NA	2.28206052652708	48.8673893087005
1882	5	1779	"Germany"	10.5480851022436	51.1655570259863
1882	9	1669	NA	3.207571157677	48.4112820519795
1885	10	1634	NA	4.98140477782972	52.3509372728042
1885	3	1888	NA	11.1754887173387	48.5251330091644
1885	5	1840	NA	8.54399836319108	49.8761358373341
1885	5	1843	NA	8.51758585685623	49.8472833705341
1885	6	1846	"Germany"	10.3612820609727	51.0915806298021
1885	5	1854	NA	13.688149968173	51.1212571072702
1885	4	NA	"Germany"	10.3129620358191	51.1553370347747
1885	6	1802	NA	11.5244742001935	53.3304120525109
1885	6	NA	NA	9.76886472715186	52.3298503381312
1885	4	1875	"Germany"	10.3565085455724	51.1672345227199
1885	10	1653	NA	5.35381312709809	52.1741096023735
1885	6	NA	"Germany"	10.3207508258378	51.114624183082
1885	4	1865	"Germany"	10.5682783759835	51.1491861687509
1885	10	1690	NA	-1.11313783159069	46.2049649943111
1885	10	1666	NA	-0.847991514274296	45.8078812287912
1896	3	NA	"Germany"	10.5393985021724	51.0701202717304
1896	4	NA	"Germany"	10.3249924012016	51.1377302180137
1896	3	NA	"Germany"	10.4835392502539	51.0943725406859
1896	3	1847	"Germany"	10.5156660356815	51.2495785950693
1896	3	NA	"Germany"	10.4160997154954	51.1651788907238
1896	2	1852	NA	6.67119488658301	49.759459641687
1896	2	1837	"Baden-Württemberg, Germany"	9.29339816049667	48.5745692867615
1896	4	NA	"Germany"	10.5179548405845	51.249463141776
1896	3	1823	"Baden-Württemberg, Germany"	9.44026629239587	48.5749436933023
1896	3	1857	NA	13.4536671930007	52.5080183361626
1896	3	NA	"Germany"	10.5171846011728	51.1581147528485
1896	3	1835	NA	9.40433545138691	48.7375385709178
1896	2	1844	"Germany"	10.4564517610434	51.0829162113588
1902	4	1825	NA	8.18263778809316	49.7666997794261
1930	6	NA	NA	10.0375448918457	53.5609039484537
1930	6	1767	NA	5.58559843471118	50.7695819733012
1930	4	1792	NA	4.42125230127428	52.0897623771618
1930	3	1856	NA	4.37877059088161	52.0981656645733
1930	5	1816	NA	5.04501449167671	52.6031692719246
1930	3	1845	NA	4.17986569656854	51.9892347872439
1930	6	NA	NA	5.91609730186215	51.8675946440429
1930	4	1786	NA	4.19136584528091	52.0786070206265
1930	5	1785	NA	4.61787665673763	51.76344374231
1930	4	1812	NA	4.17467638586143	52.1463762899237
1930	4	1789	NA	4.9892413161147	52.5409349639899
1930	2	1850	NA	4.41518588337108	52.1085616114611
1930	0	1908	NA	4.20420032657923	51.9798087243944
1930	2	1839	NA	4.21912241211487	52.0587508745234
1930	4	1822	NA	5.01310864440238	51.766916065236
1930	4	1821	NA	4.30537265916999	52.0263504547627
1930	2	1854	NA	4.32406596839673	52.126013662676
1930	6	NA	NA	8.63557055959607	50.1335978988163
1930	6	1758	NA	4.43893604178391	52.0332072141195
1930	4	1759	"Utrecht, Netherlands"	5.10094547895714	52.0416498362174
1930	7	NA	NA	4.2481925634706	52.14722713464
1930	1	1917	NA	4.32793903494585	51.9781914801101
1930	4	1802	NA	4.39736902455615	52.1430256199871
1930	4	1816	NA	4.15656895120278	51.995676573398
1930	5	1792	NA	4.45861330433148	52.2272152163886
1930	5	1816	NA	4.9049350405835	52.0545157181623
1930	7	NA	NA	4.30459511498775	51.7465660771622
1930	3	1835	NA	4.38592877765561	52.1009185873521
1930	3	1862	NA	4.22013691417874	52.0917138178912
1930	5	1782	NA	4.37984428410334	52.142109474903
1930	6	NA	NA	6.02793811953459	52.462249980034
1930	3	1828	NA	4.40872068681077	52.0518796417536
1930	3	1824	NA	4.21059654157534	52.0874953942765
1930	6	1741	NA	4.39375839769192	51.9678352318187
1930	7	NA	NA	4.42749257644861	52.0822713296108
1930	7	1726	NA	4.75838619960392	51.8137970985459
1930	7	NA	NA	4.36932573249611	51.9927216684566
1930	4	1827	NA	4.32974652803369	51.772101270454
1930	5	1792	NA	4.32219730013689	52.1556152996359
1930	6	NA	NA	4.34256753871537	52.1294283608534
1930	4	1818	NA	4.4076771700916	52.0335864515368
1930	7	1688	NA	2.32478370606764	48.8667770932431
1930	5	1790	NA	4.22706773287773	52.0804402324497
1930	7	NA	NA	6.51133367881416	51.64678080573
1930	5	1765	NA	4.23404075461949	52.004465017167
1930	4	1788	NA	4.29120261603505	52.1391396826428
1930	6	1759	NA	4.33110988149586	52.1627974609485
1930	4	1827	NA	4.37143160392654	52.0899949790181
1930	3	1841	NA	4.37223870082923	52.0546655995113
1930	3	1828	NA	4.4079076057559	52.0113648700532
1930	2	1862	NA	4.2481476367681	52.1537679811835
1930	7	NA	NA	4.23277591641508	52.0921120742046
1930	6	1759	NA	4.35840893846527	52.1814353470354
1930	4	NA	NA	4.57056149030599	51.9552159645771
1930	1	1926	NA	4.37657814996988	52.0339287147953
1930	4	1814	NA	4.29740524939679	52.0293021582205
1930	7	NA	NA	4.51633997449364	51.9335810691572
1970	8	1706	NA	8.73296654550604	49.8385475952456
1970	9	1716	NA	8.13828222376255	52.6002801858929
1970	4	1839	NA	6.79154018954995	47.6177600366194
1970	8	1710	NA	7.20549558436913	50.0843902823841
2690	5	1824	"Germany"	10.3440889519371	51.2275736382582
2690	10	1677	NA	9.77911240533438	48.8559074549588
2690	4	1824	NA	13.2697208658598	52.4050259210951
2690	4	1851	"Germany"	10.3536098955045	51.2370116986886
2690	9	NA	NA	9.18928215802326	50.4746363885965
2690	9	1685	NA	8.32389062642717	49.3285974458679
2690	4	1881	"Germany"	10.4499020404673	51.1375581120569
2690	9	NA	NA	9.03171775433691	54.427726275314
2690	5	NA	"Germany"	10.5240132486528	51.1279225086519
2690	4	1869	NA	16.1531017959246	54.1411102482171
2690	5	NA	"Germany"	10.5769390000924	51.1662456792512
2690	5	NA	NA	13.4180747035599	52.4978357017348
2048	8	1672	NA	11.9409449253797	49.598768008645
2048	8	1682	"Germany"	10.4783329255415	51.2531955887475
815	3	NA	"Poland"	19.1443757359522	51.8282723879007
815	3	NA	"Poland"	19.1584653606848	52.0011314467433
815	3	1857	"Poland"	19.1370800584398	51.9002768258346
815	3	1878	"Poland"	19.1666709062073	52.003017598547
2049	5	1840	NA	9.63112726760639	52.4401527160625
2049	10	1673	NA	7.45233274816867	49.865554699254
2049	7	1703	NA	7.73216492503698	49.4711268586119
2049	9	1706	NA	7.67118387614049	47.5215838682381
2049	5	NA	NA	7.53886006571841	48.3971887836387
2049	5	1819	"Germany"	10.5015773013339	51.0963139297938
2049	5	NA	"Austria"	14.5000474389879	47.5603829330139
2049	9	1675	NA	8.75478562228828	50.1151940702952
2049	6	NA	"Germany"	10.5128157909421	51.2371944176769
2049	6	NA	"Germany"	10.4232828208362	51.137908534885
2049	4	1865	"Austria"	14.5091049140912	47.5683464000523
2049	9	1722	NA	7.62612282409888	47.5294670718834
2049	5	1841	"Germany"	10.557911413753	51.1247631458702
2049	8	NA	NA	10.7516812566465	49.644392414029
2049	5	NA	"Austria"	14.6688837469054	47.5722560028328
2049	9	1718	NA	10.9388351674581	49.7619778545779
2049	10	1659	NA	8.8529706335193	50.1391505793932
3435	4	1798	NA	9.19236460131347	49.4019763554699
3435	5	1782	NA	9.47344794207516	49.6720098061823
3435	4	1803	NA	9.45888132473597	49.6687661770848
3435	6	1755	NA	9.38426611502285	49.8020949262099
3435	3	1871	NA	9.24499560328509	49.3924208551213
3206	3	1858	"Germany"	10.5124481658983	51.1400160147244
3213	8	1690	NA	9.09555110864249	49.1125362658901
3213	6	1810	NA	8.22337033593182	48.8009539325648
3213	8	1686	NA	10.494541727066	52.2835526134308
3213	7	1708	NA	9.24260935530245	49.1911858726855
3213	8	NA	"Germany"	10.5008776763456	51.2095690100162
3213	8	1680	NA	6.87104248118015	50.5260740264284
3213	8	1672	NA	10.2785874452798	49.0286046543019
3213	7	1767	NA	8.26230711960343	48.7859341210942
3213	8	1668	NA	9.15025297349726	49.1969168016253
3213	8	1736	NA	9.07923008082183	49.1467143801318
3213	8	1683	NA	7.08141332355858	51.9093852554996
3213	7	1698	"Brandenburg, Germany"	12.4476863624161	52.4974338568906
3213	5	1834	NA	8.09622908138392	48.6958793638611
3213	7	1771	NA	8.86380668731007	50.3405618457929
3213	7	1769	NA	8.25067455494112	48.6633195083805
3213	9	NA	NA	7.97896983599325	47.6837331870939
3213	6	1799	NA	13.5445077690202	53.33115373414
3213	7	NA	NA	9.62984648124328	48.8619337970631
3213	8	1674	NA	8.53219677432967	48.6175324291165
3213	9	1664	NA	5.19958740655739	51.8732799556612
3213	6	1838	NA	11.8889617716585	47.8842522645459
3213	7	1766	NA	10.6858241053414	53.4650264559263
3213	6	1844	NA	8.2724278499831	48.7340265547196
3213	8	1727	NA	9.11159069820899	49.2016012025525
3213	8	1704	NA	8.99141764605602	49.1313011748017
3213	7	1782	NA	11.5645066039626	53.0374653771592
3213	8	1709	NA	9.00577164901687	49.0859218694978
3213	7	NA	NA	8.03513339891792	48.6624348917916
3213	7	1712	NA	12.7828734857825	48.2362746594433
3213	8	1720	"Germany"	10.3665291630648	51.1139702279869
3213	7	1768	"Germany"	10.4440302153737	51.2340504373411
3213	9	1611	NA	5.36456261513327	52.016149943279
3213	8	1704	NA	6.91516911285062	50.53295056897
3213	8	1737	NA	10.3660209350422	49.0883263864878
3213	7	1806	NA	8.23368662619687	48.7559033132138
2113	9	NA	"France"	2.25410804980361	46.2307276149691
2113	9	NA	"France"	2.17446453942986	46.2847612057859
2113	10	NA	NA	0.0819478007516246	47.0002324014831
2113	10	1631	"France"	2.09054573538865	46.3038745271253
2113	9	1649	NA	-1.76353443400021	48.109204376031
2113	10	NA	NA	1.14265891294545	49.5321324495696
2113	11	NA	NA	0.680780701015545	48.5938613740458
2113	10	1608	NA	-0.187323919780158	49.1965633128896
2113	10	NA	"France"	2.2578131565811	46.1740978497598
2113	9	NA	"France"	2.19198289938643	46.2278438104332
2113	10	1605	NA	0.575692498986136	48.5302480792164
2113	10	1606	"France"	2.29540796104693	46.2048952201016
2113	9	1614	NA	4.82822207577043	46.9243413532286
2113	10	NA	NA	0.689360329275785	45.1216398137014
2113	10	1608	"France"	2.09567846468472	46.2551415965507
2113	11	1616	NA	-1.19434975384475	46.1359686255356
2113	10	1664	NA	2.30688618896697	48.9021371535528
2113	10	1641	NA	-0.709131411475184	45.8188172268655
2113	11	NA	NA	0.691251663840515	48.613329972826
2113	10	1573	NA	-0.0686890689267483	46.9057332636326
2113	8	NA	"France"	2.32214114236933	46.3046444338148
2113	10	NA	"France"	2.18860237476445	46.2353235584538
2113	11	1563	"Fribourg, Switzerland"	7.07576545105549	46.8823735142153
2113	10	NA	NA	4.46919191688583	46.9976159610514
2113	10	1631	NA	-0.375146586066091	45.8218722839265
2113	7	1748	NA	4.53600256653291	45.5482403617418
2113	10	NA	NA	4.3923083180943	47.0288105111053
2113	9	1644	"France"	2.29117877184639	46.1810878564694
2113	10	1614	NA	-1.03448397993297	46.2436997767199
2113	9	1635	NA	0.251090321982727	47.3400747801047
2113	9	NA	"France"	2.13169178138623	46.2202416129124
2113	10	NA	"France"	2.17536352597383	46.1485185029438
2113	10	1639	"France"	2.21017017458942	46.2836487638355
2113	10	1585	NA	0.383604813741531	49.7874960702559
2113	10	1622	NA	-0.340981833495472	45.8175389182013
2113	10	1638	"France"	2.12143339416812	46.3194254170658
3467	5	1844	NA	9.40572001496469	55.7107310010642
2051	8	1730	NA	8.37647853136858	52.5125983900956
2051	5	1870	NA	13.565181454364	53.8821590453169
2051	6	1774	NA	12.2701501801436	54.1698872805435
2051	8	1774	NA	8.18831344725607	52.6976250256555
2051	7	1760	NA	8.21426216685876	52.8784260883051
2051	7	1730	NA	8.34048329305894	52.5820621625641
2051	5	1836	NA	13.4701641996865	54.0565254231932
2051	9	1726	NA	9.33355020082118	52.1149284058911
2051	7	1798	NA	8.31350647777239	52.6600576126342
2051	9	1674	NA	8.17124565383645	52.6331229635079
2051	4	1860	"Mecklenburg-Vorpommern, Germany"	12.36095202611	53.6167256123184
2051	8	NA	NA	8.3118553961296	52.6606859291147
2051	6	1800	NA	8.07154291000143	52.9173594083149
2051	8	NA	NA	8.29406809519101	52.663438021612
2051	9	1687	NA	9.38095242976236	52.0571807621819
2051	7	1771	NA	8.27176135629742	52.5671481421902
2051	8	NA	NA	9.31092950423057	52.1255002114306
2051	8	1712	NA	8.13430427478846	52.6128716475828
2051	8	NA	NA	8.32191109820296	52.5517366405967
2051	8	1753	NA	11.2499593464151	52.9372604000925
2051	7	1750	NA	12.3080933038576	54.1365249784257
2051	7	1743	NA	9.2641460140434	52.0619061987763
2051	5	1817	NA	12.4414001601093	54.0420008469634
2051	7	1755	NA	8.29906991277539	52.6752128391842
2051	6	1779	NA	9.30951121145433	52.1572164687649
2051	6	1849	NA	8.11017317910659	52.6668309633479
2051	10	1674	NA	8.41523626271639	52.5451931277114
2051	7	1780	NA	11.1246862291397	52.763865238956
3230	1	1937	NA	5.91543177046073	51.4019042131088
3230	2	1874	NA	6.06586169511765	51.3431660581042
3230	1	1929	NA	6.11162163423835	51.2322507345078
3230	2	1882	NA	6.14720730331845	51.3170372181887
3230	2	1865	NA	5.88783560434719	51.2863992457312
3230	2	1905	NA	6.16279463435302	51.4929549342631
3231	6	1810	"Hessen, Germany"	9.02970405523533	50.6503359086351
3231	5	NA	"Germany"	10.4763254237112	51.2542807200484
3231	5	NA	"Germany"	10.4943676983975	51.0778545069353
2714	9	1709	"France"	2.09010339591573	46.295537687515
3248	1	1961	NA	8.62189280612455	50.0927798701151
3257	2	1887	NA	21.1051947807455	52.2834903644723
3257	2	1891	NA	20.8012856745436	52.357456767209
2059	9	1704	NA	7.97406552237237	48.9042635776856
2059	9	1684	NA	6.3601871636345	52.7728961408356
2059	9	1722	NA	10.7848406878464	49.0388358502723
2059	9	1764	"Baden-Württemberg, Germany"	9.21873546010306	48.6729292669312
2059	9	1697	NA	7.94729894501564	50.8503072718233
2059	9	1684	NA	7.75799976901857	49.0428430223112
2059	10	1643	NA	7.90463396120008	50.8213004351639
2059	9	1701	NA	10.2485748857362	49.354894967226
2059	10	1613	NA	6.37381042436905	52.7313976410717
2059	8	1742	"Germany"	10.3662391808787	51.0808287181466
2059	10	1690	NA	8.56373297948758	48.8433635579339
2059	9	1744	"Germany"	10.4115026518034	51.2066047076916
2059	9	1733	"Germany"	10.4319187378842	51.078864404133
2059	8	1722	"Netherlands"	5.38559580741666	52.1737615413345
2059	10	1685	NA	10.714170624066	49.0332140621488
2059	9	1683	NA	8.15977329496774	50.9682422670486
2059	10	1637	NA	9.72750717191808	49.3604520068871
2059	10	1711	NA	9.69622860867977	48.3285527849558
2059	9	1730	NA	8.44211706179129	49.665588566816
2059	10	1620	NA	7.65477060031064	48.985012291419
2059	8	1720	"Hessen, Germany"	9.26815429042363	50.5695265651563
2059	10	1643	NA	7.95483797786112	50.8033842337831
2059	10	1739	NA	8.11316100048919	49.596926483619
2059	10	1666	NA	7.95009480162534	50.9341385333171
2059	9	1684	NA	9.77491722439433	53.5582573441751
2059	10	1691	NA	8.05680810701368	50.953159713893
2059	9	1725	NA	8.06095208962059	50.8366339012784
2059	9	1730	"Denmark"	9.61606815784824	56.3439934259385
2059	9	1750	NA	7.7276641755458	49.4940543514635
2059	9	1722	NA	9.17950794516378	52.4376601518827
2059	9	1694	NA	8.55692167631148	49.9711493146674
2059	9	1736	NA	8.39084463473623	49.3643885799705
2059	8	NA	NA	0.234786722946192	48.9705833941061
2059	10	1697	NA	8.70272061792364	49.5894408521241
2059	9	1695	NA	8.11885341518135	50.9492707752383
2059	10	1647	NA	8.25154896214366	50.0511378304004
2059	9	1707	NA	8.00795715588741	50.9144006524185
2059	10	1688	NA	8.82237040569746	49.785448381261
2059	9	1700	NA	9.17258243517159	49.0840992480777
2059	10	1654	NA	7.72246775823	48.941602351605
2059	8	1728	NA	8.94293032088674	50.965505902947
2059	9	1672	NA	8.79853931894057	49.5670883188901
2059	10	1676	NA	8.91787670799794	49.2270171043878
2059	10	1664	NA	8.14514484285452	50.8246649713419
2059	10	1657	NA	8.07643420647384	50.8950732832704
2059	10	1722	NA	10.4940238226281	50.5282684447106
2059	9	1708	NA	10.1497646058771	47.3478596701435
2059	10	1680	NA	8.00664721088561	50.8022899326109
2059	8	1743	"Switzerland"	8.30278662243012	46.8843461896055
2059	9	1725	NA	9.0268422447578	49.1732208416203
2059	10	1667	NA	5.13623913421074	51.3017152396962
2059	10	1693	NA	10.6215223523808	49.0301101688793
2059	10	1716	NA	9.58646191530726	48.2411721138619
2059	10	1729	NA	8.28993798789925	49.8060300946391
2059	9	1722	NA	7.95484456347077	50.9533333369571
2059	9	1691	NA	8.57249818021642	49.8187369127286
2059	10	1679	NA	9.13259487212988	49.1772387990491
2059	10	1666	NA	7.46894204601556	46.5891887496527
2059	9	1692	NA	7.882596631829	48.9955781731156
2059	10	1692	NA	6.47246264150696	51.3772049395161
2059	9	1712	"Germany"	10.4938126027751	51.143608171327
2059	9	1708	NA	9.056593073207	49.5259542669298
2059	10	1713	NA	8.44325529829152	49.6471183654611
2059	10	1677	NA	6.08843230909091	51.2335833171323
2059	10	1721	NA	8.52542232203341	49.618167208955
2059	9	NA	"Germany"	10.4748770324744	51.2283442785277
2059	9	1657	NA	8.8885989787331	49.3778536684325
2059	7	1796	"France"	2.15723729365689	46.2470130330788
2059	10	1674	NA	8.34439167421057	47.3941919037044
2059	8	1754	NA	9.18107817059073	49.3301473926616
2059	10	1697	NA	9.10881176294929	50.2509925262059
2059	10	1668	NA	8.72441539897698	47.4798533650222
2059	8	1687	NA	9.03771023703959	49.5780228688918
2059	9	1696	NA	9.0548315504068	50.1328514127633
2059	8	1720	"Switzerland"	8.30534422576635	46.8700108337933
2059	10	1714	NA	7.81100330093096	46.7549701114417
2059	10	1728	NA	8.63319008078775	49.5728843354596
2059	8	1756	NA	8.97731770122415	49.1745982648823
2059	8	1710	NA	8.90297291701633	49.4646066370468
2059	10	1660	NA	7.90937891941585	50.8924068054351
2059	9	1734	NA	8.07880161053073	48.8814622000147
2059	10	1715	"Bern, Switzerland"	7.50137675960659	46.9529903914927
2059	9	1703	NA	9.74444390942213	48.3399785173927
2059	10	1655	NA	11.5474108709395	49.393702850885
2059	10	1655	NA	7.9793797834678	50.887242637698
2059	10	1658	NA	9.03244000850925	49.2491268373541
2059	10	1684	NA	13.7522551396069	51.0348384247213
2059	10	1694	NA	6.61011271267442	46.4387874327494
2059	10	1597	NA	6.37972750018199	52.6847585575948
2059	10	1670	NA	8.44087795634324	49.9971672087327
2059	9	1679	NA	8.28188443349569	50.0924314329907
2059	10	1694	NA	-1.22910643285737	48.1198839927157
2059	10	1692	NA	8.46862076579738	49.7971235003901
2059	10	1653	NA	6.08282693822201	48.8606454215416
2059	10	1654	NA	8.98239444075392	50.1547674691279
2059	10	1637	NA	8.02000401882698	50.8794598640371
2059	9	1694	"Switzerland"	8.24820099266912	46.8464913020935
2059	10	1697	NA	8.74432044197638	49.6581781341909
2059	9	1707	NA	10.3151173021863	56.1116057534073
2059	7	1768	NA	5.03893602224397	51.2864542199562
2059	10	1685	NA	7.89753692253611	50.8723154266968
2059	10	1661	NA	9.83212715112376	49.3078352998294
2059	7	1755	NA	8.68723946944485	49.5207977084919
2059	7	1752	"Germany"	10.3461459466919	51.2478413324986
2059	10	1680	NA	9.14648664506016	49.2426780742532
2059	10	1638	NA	7.81883126208344	49.0400014608772
2059	8	1693	NA	7.73560071885132	48.9712097407701
3263	8	1783	"Germany"	10.430733926554	51.1998177249602
3263	10	NA	NA	4.71863052212397	52.5040588265918
3263	9	1613	NA	4.97155084133149	52.3850648341832
3263	7	1737	NA	8.69594950706667	49.532793400791
2683	10	1621	NA	0.653013211585483	48.7098248129247
2683	10	1674	NA	8.60521978151175	49.1751880071587
2683	10	NA	NA	2.11018545555856	45.3511824257749
2683	4	1836	"Austria"	14.4412209270602	47.4365825574833
2683	9	1679	NA	7.79629692899503	47.5357784888102
2683	10	NA	NA	-0.379438760389435	43.3241035339582
2683	9	1665	NA	-1.61077881316224	47.2277542131167
2683	10	NA	NA	0.972795431285056	45.4525342753744
2683	8	1695	NA	-1.17802683997178	46.1307784266495
2683	8	1725	"Jersey"	-2.20083827052658	49.2812086104216
2683	10	1628	NA	1.08373499358854	49.4494810249971
2683	9	1663	NA	4.95854738850245	51.9873795503182
2683	10	1676	NA	8.86963749891253	50.4744612937369
2683	10	NA	NA	-1.69122474769902	47.3185189432447
2683	4	1827	"Austria"	14.5998065681699	47.5589193267688
2683	9	1686	NA	12.1088571064224	49.490947622506
2683	10	1614	NA	1.22708474000849	49.4433120110615
2683	9	1632	NA	1.19931537185535	49.4374523106914
2683	10	1663	NA	3.35821437153601	48.2877915505737
2683	10	1635	NA	0.188768123452694	46.0635959734526
2683	10	1629	NA	4.87712605973433	52.1052758599317
2683	11	1642	NA	2.80816440487416	50.5175366730555
2683	10	1552	"France"	2.17211180282706	46.2474376820769
2683	10	NA	NA	1.05269874714613	49.4739462842037
2683	10	1631	NA	4.98818513696595	51.9995597040385
2683	10	1623	NA	-1.08703214850215	46.1080256409308
2683	10	1658	NA	-0.620913573745501	47.394329130796
2683	11	1634	NA	8.89441884130168	50.780569172262
2683	10	1670	NA	7.30658957891753	46.8598420751557
2683	10	1634	NA	4.41846301382241	51.9867833925344
2683	9	NA	NA	-4.08479717405821	48.3519531166479
2683	8	1716	NA	0.427800100783834	44.2114265365888
2683	10	NA	"France"	2.19246696184173	46.2206781127337
2683	10	1629	NA	1.09873717910034	49.4807468784687
2683	11	1599	NA	5.26849309498318	51.8484698178353
2683	10	1668	NA	4.54706707003377	51.988563403522
2683	9	1674	NA	8.54164440503091	49.2083642736505
2683	10	NA	NA	-1.66593559279347	47.1526028168071
2683	10	NA	NA	2.11008814355254	45.2789042011174
2683	10	1610	NA	1.33140112413859	49.3995387992801
2683	10	1609	NA	-0.174282076520977	42.9966898880289
2683	10	NA	NA	6.71848771455706	52.3991968461753
2683	11	1620	NA	5.48024268438847	52.0688920959262
2683	10	1582	NA	1.1600022312191	49.4203387685834
2683	9	1660	"France"	2.30232091040163	46.3156625311901
2683	3	1883	"Austria"	14.6186475364717	47.5951846395814
2683	10	1633	NA	7.68320144995899	47.4136506033588
2683	10	1648	NA	1.11444393933491	49.4418570733019
2683	11	1631	NA	5.82231226999707	53.2786520012667
2683	10	1611	"Netherlands"	5.15859868751183	52.1614949761656
2683	9	1656	NA	6.47222589754999	52.839495696819
2683	9	1640	NA	-0.880665444910991	46.1812750091911
2683	10	1623	NA	0.982017801188086	49.4336525249064
2683	10	1681	"Gelderland, Netherlands"	5.83361809602976	52.0236065765977
2683	10	1662	NA	8.40957715389889	49.4018952800805
2683	9	1649	NA	2.05845989918897	45.3231577833766
2683	10	1609	NA	7.82459950067092	47.4717667671117
2683	11	1597	NA	5.35806277842687	51.841533533027
2694	4	1845	NA	4.26693586898233	51.98234195234
2694	6	NA	NA	8.80568267601734	50.0761269599974
2694	5	1789	NA	4.41034947419585	52.046801106115
2694	6	1737	NA	4.2736411831346	52.0658875122318
2694	5	1763	NA	4.39583366978018	51.9994129145689
2694	7	NA	NA	4.35597636832576	52.1418995265583
2694	2	1846	NA	4.28650608252102	52.1295230031747
2694	7	NA	NA	4.41439504961606	52.0412505244679
2694	6	1731	NA	5.58170825833425	50.8504575625275
2694	6	NA	NA	6.1672320584017	52.4859553209589
2694	6	NA	NA	5.94305981518487	51.8464773313748
2694	5	1813	NA	4.50279642881552	52.2404800082526
2694	4	1831	NA	4.43244003386237	52.1072322667926
2694	3	1815	NA	4.29330353211976	52.0259502204196
2694	4	1778	"Utrecht, Netherlands"	5.05559610708677	52.1462098203033
2694	4	1814	NA	4.32841757411374	52.0417471467421
2694	3	1835	NA	4.26845992833495	52.0354925083026
2694	7	NA	NA	4.19934082688063	52.1450270021961
2694	4	NA	NA	4.73852616231081	52.0106929116857
2694	7	NA	NA	4.52345212119521	51.7870994328534
2694	7	1710	NA	2.29105872093941	48.8257789109281
2694	4	1821	NA	4.31659703356824	52.1479327238593
2694	6	NA	NA	10.042791699148	53.5255201916299
2694	7	1740	NA	4.79064063588753	51.8904208765963
2694	4	1821	NA	4.28263787778646	52.1201766681773
2694	5	1775	NA	5.01704855630092	52.1058229563136
2694	3	1865	NA	4.1675337693189	52.0926409851978
2694	2	1883	NA	4.39694994111287	52.0502232027524
2694	4	1790	NA	4.16838984409866	51.9915371135779
2694	4	1840	NA	4.38717673507131	52.1368150591374
2694	1	1876	NA	4.20335121026537	52.115294949241
2694	2	1861	NA	4.22086361181167	52.107955710128
2694	5	1798	NA	4.64722309015523	51.6996449415428
2694	3	1857	NA	4.39511098938301	52.0051534794609
2694	4	1832	NA	4.41982095674124	51.8530087523354
2694	2	1894	NA	4.21988010430734	52.0568196700158
2694	4	1797	NA	4.37679981910984	52.1220776862617
2694	7	NA	NA	4.45610727595098	51.814779342399
2694	3	1858	NA	4.22734497471794	52.0583744631129
2694	4	1807	NA	4.3197468511246	52.0012511823523
2694	7	NA	NA	6.5255967664461	51.6163573984645
2694	3	1826	NA	4.17064298662847	52.0080705313709
2694	4	1799	NA	5.03974572250958	51.6871276599595
2694	4	1819	NA	4.19071217595512	52.1205483164584
2694	6	1770	NA	4.43896724505278	51.962907888891
2694	6	1787	NA	4.34676093420522	52.0715458937579
2694	6	NA	NA	4.17937474973528	52.110528716909
2694	5	1827	NA	5.030297892953	52.4746723379925
2694	1	1873	NA	4.2254826706387	52.1470906057853
2694	7	NA	NA	4.43561749194891	51.996962183765
2694	4	1831	NA	5.01282851659414	52.5414860311611
2694	6	1771	NA	4.38087987055003	52.1345811357862
2694	3	1852	NA	4.28300727028105	52.0029801610191
2694	5	1756	NA	4.43344300616429	52.0687990156177
2694	0	1934	NA	4.18576732905957	52.0394345854399
2694	5	1818	NA	4.38101535209281	52.0011897140366
2694	3	1846	NA	4.39391310374637	52.0855021910156
2700	7	1724	"Germany"	10.305303952109	51.0889101554617
2702	5	1816	NA	16.6359435139349	49.9096475394089
2702	5	1817	NA	16.5900240740802	49.9209708785546
2702	8	NA	NA	3.17645681695632	51.1090017937748
2702	3	1868	"Germany"	10.3244158367146	51.2157891912913
2702	9	1738	NA	3.22655086643344	50.9164884706909
2702	8	1736	NA	3.18887110146463	50.9182068728334
2702	7	1776	NA	3.00265949979739	51.0222698865112
2702	7	1786	NA	3.07039537041094	50.9355334005991
2702	8	NA	NA	16.6002368095827	49.8634021865928
2702	7	1793	NA	3.01838594283757	50.8378368311032
2702	5	1841	NA	2.90203731538534	50.8892255150285
2702	4	NA	"Belgium"	4.53167094615428	50.5649983928481
2702	5	1829	NA	3.08219832421007	50.9434877999257
2702	4	1846	NA	2.99366197745704	50.9420410397851
2702	8	1716	NA	3.09093937382515	50.8698702569445
2702	8	NA	NA	3.0945443365057	50.9956803439948
2702	8	1745	NA	3.2577705516553	50.9019248168634
2702	9	1743	NA	2.99792823019646	50.9664276969825
2702	9	NA	NA	3.08259183981607	50.7879885578145
2702	5	1779	"Germany"	10.5186429866165	51.1980554422148
2702	8	1743	NA	3.17968700468258	50.844724791772
2702	6	1806	NA	3.25516792954527	50.8000310465697
2702	3	1935	NA	3.00710172088974	50.66958855401
2702	5	1824	NA	6.5631825558888	51.084805233382
2702	10	1653	NA	3.07887832887399	50.9464222613355
2702	6	1727	NA	16.6582189272696	49.9382532656157
2702	10	1703	NA	2.93314359524937	50.8452279867936
2702	5	1795	NA	15.8195807899809	48.5929164446797
2702	4	1812	NA	15.644629757663	48.5975174903509
2702	7	1738	NA	16.4849002936485	49.8692509293904
2702	6	1745	NA	6.40145919700167	50.2574546323971
2702	9	NA	NA	3.2476162853965	51.0193490830766
2702	7	1747	NA	16.5083900931643	49.9239660735933
2702	7	1753	NA	3.12261246205566	50.7831792656788
2702	4	1843	NA	13.924713961069	46.6230365195717
2702	9	1743	NA	3.26906800188308	50.7974393544658
2702	5	1832	NA	16.5043092008218	49.9752872505235
2702	6	1823	NA	3.14817538575448	50.9107996279301
2702	10	1725	NA	3.05891240856479	50.7876301089595
2702	9	NA	NA	3.25792668321963	50.8459241099337
2702	5	1794	NA	6.25449258989251	50.0564916795482
2702	8	1750	NA	2.99545855446736	50.9175262311411
2702	5	1852	NA	6.48530803225171	50.3413157161796
2702	9	1716	NA	3.00502100247282	51.012200431665
2702	9	1750	NA	3.16301438887971	50.790428460127
2702	4	1838	NA	6.70434776994623	49.8143135658237
2702	8	1784	NA	3.15218635446005	50.8026948808821
2702	8	1658	NA	16.6506241197543	49.8738222742613
2702	6	NA	NA	16.7385834056897	49.9077922176104
2063	2	1902	NA	9.20797534999648	49.5810682738355
2063	2	1894	NA	9.15269534435785	49.5603814693436
2065	8	1703	"Switzerland"	8.27308758582828	46.7418019151516
2065	7	NA	NA	11.5888417453046	48.7810495481947
2065	10	1614	NA	8.37627076622698	47.3588901731638
2065	8	NA	"Germany"	10.4869283584173	51.2136429918659
2065	10	1675	"Germany"	10.5654039784228	51.2191220390353
2065	7	1755	NA	7.74502495467864	48.2931246321268
2065	8	NA	"Germany"	10.5669971924531	51.2180284312602
2065	8	1711	NA	9.87748041070159	48.237557581395
2065	8	1745	NA	8.19925052683434	49.2550861560406
2065	9	1697	"France"	2.24316392308738	46.2560280561238
2065	7	NA	"Germany"	10.488421328067	51.190389234966
2065	6	1763	"Germany"	10.4653664453553	51.2073390635581
2065	7	NA	"Germany"	10.5337831337161	51.1647104365093
2065	8	1744	NA	9.19537711021398	49.2563260268699
2065	9	1710	"Germany"	10.3451487323187	51.1846118380296
2065	9	1718	NA	7.32686145049015	50.1027990373711
2065	9	NA	"Germany"	10.4401117596883	51.1923476388664
2065	8	NA	"Switzerland"	8.28698028800428	46.8133494641592
2065	10	1641	NA	8.70095742658489	49.5965596636717
2065	10	1680	"Germany"	10.4634702810001	51.2269401390819
2065	7	NA	"Germany"	10.4670221454456	51.2094611853502
2065	8	1728	NA	5.08608749757013	51.1004543964307
2065	8	1693	NA	8.97374017753158	49.2276699283429
2065	8	1705	NA	7.61172189901682	49.2201989818462
2065	7	NA	NA	13.2738797503888	52.4689182087635
2065	9	1699	NA	15.6268123072528	48.4777121785009
2065	9	1718	"Germany"	10.3521546509201	51.1829657893834
2065	9	1657	"Zürich, Switzerland"	8.62647603283598	47.3747874477779
2065	8	1719	NA	9.03630664882979	49.7176271389787
2065	8	1734	NA	8.91985685251694	49.9047783149688
2065	7	1732	NA	7.03384733789257	47.1702049854416
2065	10	1639	NA	8.27268250409774	47.2224609236375
2065	9	1655	NA	8.47495580804946	47.2829411162911
2065	9	1728	"Baden-Württemberg, Germany"	9.25239244629992	48.6641464436271
2065	6	1810	NA	11.6067480827228	48.8114296734089
2065	8	NA	"Germany"	10.4567149392201	51.1948948210162
2065	8	NA	NA	7.18322274862355	47.1071106428361
2065	6	NA	NA	9.26236998105913	49.0976181377474
2065	9	1696	"Baden-Württemberg, Germany"	9.47405381982341	48.7329701389394
2065	10	1724	NA	8.29787493731515	49.8104503246705
2065	8	1738	NA	8.09363696615383	49.15881832295
2065	8	1715	NA	8.32234363898448	47.1418516278148
2065	9	1687	NA	7.54026989966793	48.2364052919234
2065	8	1727	"Germany"	10.456951260529	51.2089065076334
2811	3	1868	"Austria"	14.5213419395043	47.4543805778962
2811	4	1854	"Austria"	14.6694358836371	47.4734998705062
2811	3	1872	NA	21.0717856162361	52.1649500089678
2811	4	1854	"Austria"	14.5233806640174	47.4842671015403
2811	4	NA	"Germany"	10.4618153931325	51.0942786051604
3197	4	1857	NA	9.87497962220074	53.7334753273901
3197	4	1818	"Hamburg, Germany"	9.89869760024806	53.6252325835306
2797	4	1834	"Germany"	10.3328174955155	51.2606576692799
2797	4	1819	"Germany"	10.522244254383	51.1301494647312
2797	4	1867	"Germany"	10.3606007659701	51.1707137263759
2797	4	1826	"Germany"	10.4542989385323	51.1400826292437
2797	4	1841	"Germany"	10.5522246836229	51.1642352112009
2802	9	1733	"Switzerland"	8.24645442567989	46.8729104686615
2802	8	1730	NA	12.9102592672359	48.7984520412519
2802	9	1706	NA	7.95894661769812	49.4297253461543
2802	9	1713	NA	9.4545232328573	47.1176961856227
2802	8	1761	NA	8.22329024584781	49.4529153444707
2802	10	1681	NA	6.85518450125104	51.1424744991874
2802	10	1702	NA	7.3402924142776	50.1829540649931
2802	10	1677	"Drenthe, Netherlands"	6.56571060683409	53.0031403422198
2802	4	1861	NA	10.4446191874523	53.7558669216418
2802	4	NA	"Germany"	10.4465775651754	51.2277499683797
2802	8	1763	NA	8.86399600996261	49.3199824326709
2802	3	1892	NA	10.4750819608857	53.7451044437022
2802	5	1871	"Germany"	10.3272037364225	51.1073909806693
2802	10	NA	"Switzerland"	8.21840080739817	46.815092162692
2802	10	1669	"Bern, Switzerland"	7.42558355479537	47.0035624425288
2802	8	1751	NA	7.92521375028449	49.9455598550279
2802	9	1719	NA	7.25509216309775	50.1131814785998
2802	9	1705	NA	13.715780838584	51.0457111350905
2802	5	NA	NA	13.3830802433416	53.4205611119711
2802	7	1738	"Germany"	10.5471742821649	51.1235424809061
2802	10	1680	NA	7.31954736514873	50.0793759255692
2802	10	1655	NA	8.80447423790059	49.1603300690869
2802	10	1683	"Germany"	10.3678227960143	51.188393087788
2802	4	1863	NA	10.3296864013683	53.7929927464789
2802	10	1661	"Switzerland"	8.33291315972597	46.8523002427886
2802	8	1755	NA	7.96533849649976	49.429256474844
1672	3	1858	NA	9.81248562575042	48.9671706882329
1672	4	1858	"France"	2.13932888453641	46.2817603779999
1668	5	1824	NA	6.34007489866106	49.5939454191503
1668	7	1774	NA	6.26417837049465	49.6145020510228
1668	4	1865	"Hungary"	19.5449771178447	47.1196937846367
1668	7	1739	NA	6.35607213087119	49.5705198084129
1668	7	1730	NA	5.69035783293488	49.7924956768315
1668	6	1764	NA	5.89652578932876	49.7312665512204
1668	8	1702	NA	5.87898994069058	49.715358338717
1668	5	1813	NA	5.93993128364593	49.6394695256992
1668	4	1870	"Hungary"	19.5780952361836	47.1295427039289
1668	6	1821	NA	5.81885594079217	49.8421337167744
1668	9	1723	NA	5.75595019739233	49.8868072738567
1668	4	1871	"Hungary"	19.4977200540428	47.2234640734548
1668	8	1696	NA	6.06489460127712	49.6954265857813
1668	8	1704	NA	6.29591510982844	49.4886430417988
1668	6	1790	NA	6.0196626933759	49.6176258064155
1668	7	1786	"Luxembourg"	6.14797325617606	49.877591985623
1668	8	NA	NA	6.01501858996902	49.8089212925789
1668	10	1715	"Luxembourg"	6.17830913938404	49.8729335629015
1668	5	1827	NA	6.13734207885769	49.734593637646
1668	8	1734	NA	5.88731906606621	49.87133257257
1668	7	1732	NA	6.11350304815283	49.7529386352639
1668	8	1710	NA	6.01834753958194	49.7603806921503
1668	6	1806	NA	5.91562127193083	49.6168824350762
1668	4	1883	NA	18.0766092096884	48.927173705265
1668	10	1671	"Luxembourg"	5.99323936020054	49.7382026672812
1668	7	1784	"Luxembourg"	6.211458026054	49.8200292530087
1668	5	1826	NA	5.71476759127552	49.8020140896012
2844	7	1783	NA	2.2763536692666	50.625389299842
2844	7	1760	NA	1.61972553682199	50.7538275888252
2846	4	NA	NA	1.92826313045085	50.8929035569102
51	4	1937	"Germany"	10.4102688067214	51.2585930927278
51	4	1846	"Germany"	10.5265013090248	51.0723848395974
51	5	1798	"Germany"	10.4022678730736	51.2074747374586
51	4	1816	"Germany"	10.5436567466955	51.0777490104422
51	4	1807	"Switzerland"	8.19433129484082	46.829460988699
51	4	NA	"Germany"	10.554608883186	51.1870078365465
51	4	1818	"Germany"	10.3609562715932	51.1006174080779
51	3	1849	"Germany"	10.5870011551711	51.2265279457142
51	3	1847	"Germany"	10.3324769145856	51.2496653465681
2866	4	NA	NA	17.1964959594617	47.8479656162902
2866	5	NA	"Germany"	10.4603549124441	51.1576934059149
2866	4	1828	"Germany"	10.4703913695422	51.2461306855172
2866	5	1821	NA	8.99934789786816	49.3799094910176
2866	5	NA	"Austria"	14.4611043903142	47.516438752107
2866	4	1883	"Germany"	10.4676102635934	51.1939059094634
2866	3	1925	NA	17.0344536835318	48.0096528969367
2867	2	1853	NA	19.4263479399737	52.1699762516512
2898	10	1661	NA	6.69386239957293	51.2456271966885
2898	9	1689	NA	9.1613595998654	48.8565687401028
2898	10	1674	"Netherlands"	5.28339740348969	52.2142165117677
2898	8	1700	"Baden-Württemberg, Germany"	9.24823406254504	48.5804844713678
2898	10	1606	NA	5.37483718576417	52.1557756676004
2898	10	1626	NA	4.81209008459643	52.3498172338177
2898	7	1698	NA	11.5224042846869	48.8058658264983
2898	10	1694	"Netherlands"	5.38324663416462	52.116164539443
2898	10	1642	NA	6.43376271904975	52.8196708862889
2898	10	1636	NA	3.64323553026476	51.1092198928579
2898	10	1670	NA	5.36529384932385	51.7542896017555
2898	9	1695	"Germany"	10.5554554424339	51.1699332587572
2898	9	1696	"Baden-Württemberg, Germany"	9.36888029819894	48.6863299061937
2898	8	1718	NA	8.2340800921699	48.7342128372156
2898	10	1672	"Netherlands"	5.28583253998675	52.0960695262993
2916	9	1639	NA	6.16421825777234	51.2495635286674
2916	8	1697	NA	8.27877227059844	49.5756410602613
2916	8	1645	NA	6.32174242187785	51.3679851023161
2916	9	1661	NA	6.18428017821068	51.2548438326301
2903	1	1936	NA	3.44410247522533	51.1530117399621
2903	3	NA	NA	3.48046217440601	51.1972165735535
2903	3	NA	NA	3.491882546044	51.2722037370051
2903	1	1900	NA	4.17333726473517	50.8677113278973
2903	3	NA	NA	3.55532951321715	51.2159306262115
3014	7	1745	"Baden-Württemberg, Germany"	9.39452580828417	48.7023105685399
3014	7	1761	NA	7.91093832146568	49.0060461959112
3014	7	1721	NA	8.8925004941631	49.7538687142424
3014	8	1734	NA	8.06935757142088	49.0585698329886
3014	8	1656	"Hessen, Germany"	9.08034743406106	50.5991237734853
3014	7	1775	"Germany"	10.4071659960196	51.1883640574439
3014	8	1692	"Hessen, Germany"	9.23894447237132	50.5998180259275
3014	8	1728	"Germany"	10.3225612324412	51.2108059068349
3014	7	1759	"Germany"	10.574751854478	51.2242355741016
3014	7	1699	NA	8.69448245743054	49.7070199345298
3036	3	NA	NA	15.5275377436491	47.0508535374354
3036	1	1943	NA	15.4476578898268	47.0283597947675
3036	2	1931	NA	15.4702560428473	47.0330598874086
3068	9	NA	NA	9.2871561555836	52.529386774195
3068	8	1652	NA	8.13325750051523	50.6161667855064
3068	10	1562	NA	9.20177176125298	52.3904427285813
3068	5	1794	NA	9.6522384198819	50.9116633866925
3068	8	1628	NA	8.69910946085356	49.5201931105079
3068	5	1809	NA	8.96471582740181	50.685652838481
3068	7	1706	NA	9.04334971364977	52.2754815760349
3068	8	1688	NA	14.000637438085	50.8943934024501
3068	7	NA	NA	9.53032440719908	51.1143104824174
3068	8	NA	NA	9.22192679953581	52.1983401951517
3068	6	1787	NA	9.64679887278016	51.1571180774634
3068	5	1807	NA	13.8398791597334	51.1239090697714
3068	9	NA	NA	11.2918126038031	53.3934309343569
3068	9	1602	NA	9.24982954822336	52.4097341108527
3068	8	1685	NA	14.0151097111515	51.0006157506148
3068	9	1612	NA	9.09391646480062	52.3564474696653
3068	7	1692	NA	13.8809774882821	50.9295686730262
3068	7	1695	NA	9.49028965960233	51.0785910890344
3068	6	1772	NA	9.07534432664474	52.2091926959724
3068	7	1728	NA	9.22738932208507	52.1164537782134
3068	5	1831	NA	9.04702113470737	49.5874338638821
3068	6	1721	"Germany"	10.5821048153507	51.1904500080598
3068	4	1829	NA	8.18028847323545	50.1604238562546
3068	10	1738	NA	11.2816866960656	53.3666881232125
3068	9	1613	NA	14.1422550125829	51.0163618677673
3068	9	NA	"Germany"	10.4866777852171	51.1565077130875
3068	7	1715	NA	11.938061472375	51.0038859614452
3003	9	1692	NA	7.53092136794756	48.641968980608
3003	9	1710	"Germany"	10.5227378787323	51.1370924296183
3003	8	1727	"Germany"	10.3780631150662	51.0806010793192
3003	10	1667	NA	7.8348020750849	48.1060711268225
3003	8	1747	"Germany"	10.5411756568503	51.2361177557369
3003	8	1741	"Germany"	10.3892194456813	51.1838593975635
3003	9	1683	"Germany"	10.3872997941926	51.1639872957366
3003	10	1683	NA	7.019324499429	48.8416219197979
3003	8	1760	NA	8.35658989906629	48.9618413970028
3003	9	1702	"Germany"	10.52524068202	51.0896161007544
3003	10	1688	NA	8.47391539799684	48.8432897162323
3003	10	NA	NA	8.57728272778753	49.8289947224581
3003	10	1629	NA	7.73412138976019	48.787789078323
3003	9	1698	"Baden-Württemberg, Germany"	9.24096741177942	48.6502834588071
3003	10	1659	"Germany"	10.4367480874814	51.190794092663
3003	6	1757	"Germany"	10.3428224026848	51.2403059055397
3003	10	1657	NA	7.76788971154817	48.7018524990082
3003	10	1697	"Germany"	10.4311139118354	51.177919866342
2077	5	NA	NA	16.9187567660134	52.4759052232795
2077	4	1827	NA	13.1777955117586	51.0227944327581
2077	4	NA	NA	16.7902026515395	51.707710332032
2077	3	1894	NA	11.5189964601793	48.7506437554112
2077	9	1627	"France"	2.22921873956542	46.1756213352374
2077	7	1696	NA	-1.50953047803716	48.2376691524869
2077	3	1875	NA	13.1996774164873	51.0403230047279
2077	10	1648	NA	0.988177274931342	49.5261431772605
2077	9	1661	NA	-1.26201544949656	48.8702111615745
2077	8	1727	"France"	2.28476758592829	46.2706494699441
2077	9	1644	"France"	2.26393052945498	46.2429566698256
2077	4	NA	NA	13.1153057011332	51.0975059242509
2077	10	1633	NA	0.657748120524896	48.6828327901588
2077	4	NA	NA	11.4210237827182	48.718038903466
2077	9	1661	NA	-0.695374991889266	44.8633408609728
2077	4	NA	NA	11.4418465579849	48.8304423777874
2077	3	1851	NA	15.5107327885303	51.2872656388889
2077	3	1848	"Austria"	14.5213977600231	47.5090862271351
2077	10	NA	"France"	2.12277318460838	46.2134387159759
2077	9	1652	NA	4.0988588645011	49.1575474176178
2077	10	1606	"France"	2.21102660623619	46.305024594169
2077	10	1649	NA	2.47654993259569	48.8487754843661
2920	6	1763	NA	6.92560938743596	50.6730591798871
2078	7	NA	"Germany"	10.4464917333438	51.2279768612489
2078	4	NA	NA	8.27601428112118	47.4342401099515
2078	4	NA	NA	8.18715602494797	47.4470001081191
2078	3	NA	"Germany"	10.4349867156161	51.0817877580207
3056	3	1857	NA	22.1916519588345	53.1652498946561
3056	9	1718	NA	-1.51885605410736	46.7095075061795
3056	3	NA	NA	22.8088606508495	54.11204966049
3056	3	1866	NA	22.135003022753	53.2609740583064
3056	7	1785	NA	12.894966932122	48.9624349983194
3056	4	NA	NA	22.8577511972007	54.1054088253
3056	10	1635	NA	2.44595405379809	48.897672799188
3056	10	1682	NA	0.0393377179242865	45.5875187690056
3056	7	1776	NA	8.66577303202741	50.4643453133535
3056	4	1856	NA	22.0596676238839	53.2214263937536
3056	8	1756	NA	10.2767636290687	51.0088015446852
3056	4	NA	NA	22.1760112281309	53.1526694921108
3117	2	NA	NA	9.51611982145745	56.9819534695395
3117	5	1811	NA	9.78672451008151	55.5781397934801
3117	4	NA	NA	10.4892313183034	57.0228986490334
3117	4	NA	NA	9.36370530749598	56.9277507858968
3117	5	1787	NA	9.48788491539497	56.8618840646808
3117	6	1751	NA	9.16260427177084	56.4465272527924
3117	6	1767	NA	9.41249377155647	56.9705532983109
3117	5	1812	NA	8.35986894820275	55.5845984914969
3117	6	1766	NA	9.966591804338	57.2320862407659
3117	6	NA	NA	9.84022115031097	57.0051057118029
3117	5	NA	NA	9.40294762823286	56.9831418517489
3117	3	1850	NA	10.3111521360944	57.0989935175095
3117	7	1685	NA	9.65615784052304	57.3514419329684
3117	4	NA	NA	9.63024364393472	57.1876102833272
3117	2	1891	NA	10.3858219022608	57.2341670607768
3117	6	1753	NA	9.61892098523742	57.3139174265868
3117	6	1776	NA	9.31735051169429	57.0001148720305
3117	6	NA	NA	9.2054617131564	57.0689444226867
3117	1	1955	NA	10.3101521877206	57.1230848535314
3117	5	1756	NA	10.174270876345	57.4110202311666
3117	4	1794	NA	9.43344427832855	57.1108966149494
3117	4	1836	NA	9.52227082716347	55.561005805212
3117	4	1811	NA	10.1309658747096	57.1479612818944
3117	7	1741	NA	9.73420452822421	57.2356615495208
3117	4	1787	NA	9.11203046644239	56.9627430812855
3117	9	1641	NA	8.98098008828226	56.4923520527184
3117	3	1832	NA	9.25852210753828	56.9539693281542
3117	3	1872	NA	10.114047275214	57.0863112627753
3117	5	1815	NA	9.48774652253565	57.236257059976
3117	5	1764	NA	10.0685720952202	57.0238820856878
2004	3	NA	"Csongrád, Hungary"	20.2307056482251	46.7484397940831
2004	4	NA	"Hungary"	19.4783836019516	47.0738869459511
2004	4	NA	NA	22.721353628432	50.6850800669827
2004	3	NA	NA	22.6580364508396	50.6667721033396
2004	2	1900	"Szabolcs-Szatmár-Bereg, Hungary"	21.9692090248991	48.0755572858161
2004	3	NA	NA	22.4560415600068	47.8994629027017
2004	4	NA	NA	22.390800170123	48.166750657994
2004	4	NA	"Hungary"	19.3552623038897	47.09336694172
2004	4	NA	"Hungary"	19.4175873415777	47.2071031879205
3143	5	1833	NA	15.5592550086499	49.7717160378962
3143	5	1885	NA	14.1756829342422	49.9919279595452
3143	5	1834	NA	15.331103818769	49.7977445175816
3143	6	NA	NA	15.5731629848998	49.7681934689723
3143	4	NA	"Austria"	14.6166466946423	47.5748362059178
3143	5	1870	"Guernsey"	-2.57443734542755	49.4495909370618
3143	5	1824	"Guernsey"	-2.62753473712664	49.411829750794
3143	5	NA	NA	16.6785042729882	49.0452101299273
3143	9	1705	"Jersey"	-2.19537456122136	49.1455427893092
3186	3	1826	"Bremen, Germany"	8.87934785997002	53.1145887656045
3186	4	1809	"Bremen, Germany"	8.83765843109019	53.1139725442258
3186	3	1863	"Germany"	10.4177461862623	51.1658172642658
3186	4	1832	NA	7.06368159345787	50.8177991467962
3186	4	1830	NA	6.9772193351554	50.8346427435734
3186	4	NA	"Bremen, Germany"	8.78518061853584	53.162228167807
3186	5	NA	"Germany"	10.3792118755003	51.2628070778555
3186	3	1856	NA	6.99066059285289	50.7522795449718
3284	9	NA	"Germany"	10.3395425613789	51.1360721623366
3284	9	NA	"Germany"	10.4899003794907	51.0748200497195
3324	5	NA	NA	14.0361951495436	51.2192989782897
3324	4	1854	NA	14.0338958078927	51.0247551109779
3324	4	1903	NA	18.2876542880738	54.7585100525898
3324	2	1905	NA	14.1881337536883	50.9869596615399
3324	4	1869	NA	14.0563164182518	50.9981243675109
3324	7	1776	NA	22.8911979623441	49.8568632820635
3324	4	1839	NA	14.0760779436548	51.0835757700135
3324	2	1919	NA	13.9128747664481	51.0605818568818
3324	4	1831	NA	12.701116885506	50.8882562920059
3324	3	1907	NA	13.6828680925433	51.0872609563069
3324	4	1856	NA	13.2376199865299	50.9193347736758
3324	4	1850	NA	14.1553109455849	51.3095572064286
3324	1	1936	NA	13.6716265788007	50.9717710020845
3324	3	1853	NA	13.7864025847171	51.0722381676338
3324	5	1846	NA	23.0375181059191	50.138374050221
3324	2	1928	NA	13.7507487088917	50.9860720627764
3324	5	NA	NA	14.2029057625298	51.2389574306818
3324	3	1856	NA	14.0136789490796	50.9622589813564
3324	6	NA	NA	23.2258972368748	50.2157831862427
3324	4	1865	NA	14.4077110610236	50.64527576746
3324	4	1834	NA	12.901788868486	50.8755627587502
3324	3	1885	NA	12.9281700216133	50.9019784349994
3324	5	NA	NA	14.0533118686439	51.0777393831414
3324	4	1813	NA	13.8443848558325	50.9686784357907
3324	0	1958	NA	13.6445816310466	51.0183319151592
3324	2	1961	NA	18.8842778791105	50.3615729589421
3324	1	1917	NA	13.6852393971364	50.9846315939934
3324	3	1853	NA	14.0765058856545	50.9864308722248
3320	10	NA	NA	9.51603430709803	49.081079397245
3320	9	1639	NA	7.92995022933658	49.3904690671289
3320	8	1694	NA	7.9691033138471	49.4071874844023
3320	10	1614	NA	7.3580108658161	50.1736632413434
3320	10	NA	"Germany"	10.3714663484206	51.2168738061954
3320	10	NA	NA	7.81604430145977	49.4492571738433
3320	8	1684	NA	8.12534231300243	49.9444524207093
3320	8	NA	NA	8.29432119020355	50.0050471664077
3321	4	NA	"France"	2.32932781614986	46.2288135239851
3321	2	1917	"France"	2.14781735102689	46.2799051103078
3321	2	1933	"France"	2.31354135815142	46.1948270796902
3321	3	1898	"France"	2.33642683606965	46.2366199312761
3321	0	NA	"France"	2.22893550677581	46.2715237306197
3321	1	NA	"France"	2.10884967333681	46.2849750370069
3335	6	1749	NA	9.18822263294173	48.6862140150312
3335	7	1719	NA	8.54579191042967	48.6961198143107
3335	8	1704	NA	8.35240400881262	48.4569897942266
3335	9	1666	NA	8.28012613945245	48.5418313201871
3335	8	1679	"Baden-Württemberg, Germany"	9.40405746358441	48.7289113110366
3335	9	1650	NA	8.43274506680327	48.5711714589869
3335	7	1703	NA	7.79510177583378	46.8712511439679
3348	10	1612	NA	7.70549526754265	47.3709958740325
3348	8	1745	"Germany"	10.463920995515	51.2433299371801
3348	8	1714	NA	9.48250895666103	51.3713335252297
3348	9	1696	NA	7.61492374201683	47.3328163141629
3348	9	1710	"Switzerland"	8.09543658934336	46.7938113507935
3348	9	1666	NA	7.55810427997121	47.4528134649782
3348	8	1733	"Germany"	10.4292323399664	51.1051041235995
3348	8	1749	NA	9.43039632124136	51.3518473535318
3358	6	1767	NA	8.55118977268033	56.6980457984439
3358	7	NA	"Denmark"	9.6336935189799	56.2568655061448
3358	5	1855	NA	11.3636549398266	55.2534506360546
3358	3	1887	NA	10.1092285027982	57.4070487876038
3358	4	NA	"Denmark"	9.64193737272855	56.2231312711627
3358	4	1855	"Denmark"	9.5153021630599	56.2971286111337
3358	2	1901	NA	12.6750436726962	55.6305478440014
3358	4	1834	NA	10.89310281367	54.9618825266993
3358	4	NA	NA	10.5808599044398	56.2128435755977
3358	6	1786	NA	14.993529700944	55.2382665986545
3358	8	1735	NA	8.99656968400732	56.4406235692891
3358	5	1790	NA	11.5287600453685	55.7063640613141
3358	4	1850	NA	10.0063162732185	57.4916842095817
3358	3	1901	NA	10.6026534337534	56.4713084561883
3358	2	1904	NA	12.5115489081962	55.6100423674822
3358	1	1962	NA	12.5657656785564	55.7685683329473
3358	5	NA	NA	11.1021181665568	55.3488652604475
3358	5	1812	NA	12.4521223848228	55.7530177140453
3358	7	1764	NA	9.51923261405643	56.2040347956079
3358	2	1899	NA	10.2896292894818	56.1366565697217
3358	4	1863	"Denmark"	9.63453814214763	56.3338461148757
3358	4	1879	NA	11.3943901610638	55.4232131748121
3358	6	1643	NA	9.9874587011038	57.0179411033738
3358	6	1818	NA	12.6438807189296	55.7021032026066
3358	4	NA	"Denmark"	9.62243335748229	56.3310430060151
3358	6	1778	NA	14.8795065298073	55.1155077793342
3358	4	1871	NA	11.0192371697733	55.1361650015643
3358	3	1864	NA	11.3009989584705	55.4074361647128
3358	2	1895	NA	10.0730939075513	57.448285166451
3358	3	1895	NA	11.406958069632	55.4593637233125
3358	5	1860	NA	14.7843316276731	55.2469203637285
3358	6	1822	NA	9.37136669537996	56.2059044341563
3358	7	1783	NA	8.35792066632859	55.9931267610889
3358	4	1860	NA	10.9963652653628	55.3304346326869
3358	3	1863	NA	10.6901251310715	56.3655832651083
3358	4	1870	NA	11.1335981220187	55.3467386458942
3358	6	1816	NA	12.2816417865588	55.7428890766229
3358	3	1906	NA	12.3830533765163	55.7077502632822
3358	4	NA	"Denmark"	9.55352023661761	56.2518270680091
3358	4	1875	NA	12.5851460315142	55.6144629853415
3358	3	1881	NA	10.5477517304209	56.2040794540427
3358	5	1735	NA	9.95212751897537	57.4651768962367
3358	4	1857	NA	9.52489199596596	56.5259486495459
3358	3	1890	NA	10.0852903152006	57.4593941666732
3358	6	1640	NA	9.90783958578735	56.8060032402011
3358	3	1919	NA	12.6334402645577	55.7554596348672
3358	4	1825	NA	9.97793254476163	57.5397419987375
3358	4	1825	"Denmark"	9.40079843640229	56.3503353310784
2087	4	1840	"Schleswig-Holstein, Germany"	9.63720714064645	54.2722539515512
2087	4	1841	"Schleswig-Holstein, Germany"	9.62874851004035	54.1942568784937
2087	7	1757	"Germany"	10.5574841877225	51.1464331387628
2087	8	1719	NA	7.42925904232997	50.1552355777691
2087	7	1778	NA	7.37185421125921	48.5369066645948
3370	5	1759	NA	8.26241600458798	49.0002581101337
3370	9	1652	NA	7.73011290556491	47.8907177687422
3370	7	1717	NA	7.65145892910005	47.877336327091
3370	2	1870	NA	7.31148223410002	48.2557050091422
3370	7	1797	NA	8.03449366529119	49.1066693208816
3370	8	NA	NA	9.11972165376586	48.9348995526405
3370	7	NA	NA	7.97673198512942	49.0788687739538
3370	5	1777	NA	8.07585631842016	49.1315357998002
3370	6	1745	NA	8.00947880958772	49.1920776618655
3370	8	NA	NA	7.38627016796398	49.5573024339691
3370	8	1691	NA	8.22213451152017	48.9127171937458
3370	7	1733	NA	8.38892269078176	48.8420363843046
3370	8	NA	NA	7.89885909429217	49.1616936355777
3370	8	1650	NA	8.21624931508752	48.8655291498005
3370	7	NA	NA	8.34156154360138	48.7617075174107
3370	5	1821	NA	8.13420124311457	48.9125442641405
3370	6	1734	NA	8.31402389161062	48.9805465141268
3370	4	1810	NA	7.46320947969241	48.3458852889322
3370	5	1801	NA	7.92198200621039	48.6390993438709
3370	4	NA	"Germany"	10.3807992569072	51.259839042657
3370	8	1670	NA	8.26173999740365	48.8786503258909
3370	5	1782	NA	8.13092848960348	49.1900467967891
3370	6	1755	NA	8.11946110123884	49.1783680831591
3370	3	1905	NA	7.55756041504307	48.3275270246292
3370	5	1828	NA	11.4516138833824	48.7932469732775
3370	6	1736	NA	7.9093714011986	49.183187478509
3370	8	NA	NA	8.4641962784094	48.646010362984
3370	4	1861	NA	7.47391032735495	48.3527086036132
3370	6	1772	NA	7.72470662744739	48.9995403592213
3370	7	1676	NA	8.31019400741255	48.9197486764466
3370	6	NA	NA	8.28775922988018	48.9410184642976
3370	5	1774	NA	8.02352806201286	48.984890524692
3370	8	NA	"Schwyz, Switzerland"	8.7746659927198	47.0918727965662
3370	3	1830	NA	7.51231519576011	48.3743978160328
3370	7	1702	NA	7.94036967318276	48.9973301990314
3370	7	1714	NA	8.2943505630206	48.8544133900324
3370	6	NA	NA	8.099505151952	49.0317638158336
3370	7	1708	NA	8.14359125046877	48.9111196662478
3370	6	1755	NA	7.68185072296661	47.6149348584273
3370	5	1845	NA	8.10778369238423	49.1055327067812
3370	8	NA	NA	8.26519549603485	47.5396662968089
3370	7	NA	NA	7.91913643156745	48.9794704568439
3370	9	NA	NA	7.57977345796634	49.4914158599636
3370	7	1716	NA	8.3873298787032	48.971985500067
3370	6	1800	NA	8.07874777277114	49.1265710264768
3370	5	1770	NA	8.03301885162769	48.8982199057079
3370	6	NA	NA	8.23968195590585	48.8938031319451
3370	5	1791	NA	8.31149136859989	49.0238459338003
3370	7	1677	NA	8.35918885337172	48.9358268828074
3370	5	1783	NA	7.76274700344894	49.1202324462381
3370	8	1700	NA	8.28645351499977	48.9776610566001
3370	6	1730	NA	8.23480941910763	49.0250383535087
3370	5	NA	NA	7.33001951122585	48.3451655549539
3370	7	NA	NA	7.56774677318561	47.5985075346324
3370	4	NA	"Germany"	10.5135416395809	51.2000791281748
3370	8	NA	NA	7.90207819782825	49.1256409433275
3370	5	1816	NA	7.74108314757892	48.8944329613777
3370	7	NA	NA	8.078476452972	49.0705459054243
3370	4	1806	NA	8.18837024432084	48.9532640427565
3370	6	NA	NA	8.07036843488368	49.2135380436328
3370	7	NA	NA	7.99848242222799	49.1143842099206
3370	9	1677	NA	8.24847875648362	48.9363276713732
3370	6	NA	NA	8.18349982796845	49.0101946526159
3370	3	1849	NA	7.53232390663696	48.400985439484
3370	8	1690	NA	7.89779225538003	49.051138916006
3370	7	1737	NA	8.05740779517207	49.1593356678688
3370	6	NA	NA	8.16300413648008	48.88369066983
3370	7	1729	NA	8.04247939195409	49.1966127585162
3370	8	1690	NA	12.5569245332823	52.0475704155056
3370	9	1691	NA	7.56385961943059	47.9346264827637
3370	6	1717	NA	7.53621133486378	48.3056242215305
3370	6	NA	NA	8.09988547193665	49.1684403398263
3370	7	1708	NA	8.36002062636862	48.9722257896119
3370	6	1765	NA	7.97840177676216	49.2173737981571
3370	6	1749	NA	7.91077563923189	48.9126240960003
3370	6	1768	NA	8.27814300345008	48.9918258931284
3370	6	1756	NA	8.3835450597792	48.9875791908089
3370	8	NA	NA	7.69747352757266	47.814795716877
3370	6	1774	NA	8.12221681830785	48.9603571782146
3370	8	1710	NA	7.80856499804208	48.9372671264668
3370	6	1778	NA	8.27382341437808	48.9043380512018
3370	7	1700	NA	7.4337602561289	49.5393860515404
3370	5	NA	NA	7.4555878105229	48.2404784883436
3370	7	1758	NA	8.00047646571176	49.0914039597613
3370	4	1843	NA	7.53994805990098	48.2987164337642
3370	2	1893	NA	7.44845939939031	48.2523680754441
3370	6	1789	NA	8.08515492015895	49.1382230796763
3370	7	NA	NA	8.23547861427719	48.9909674794938
3370	8	NA	NA	9.66978895433676	49.8528442617396
3370	6	1773	NA	8.16876457570057	49.2566500655422
3370	5	NA	NA	8.12137384495782	49.1410167995823
3370	6	1813	NA	7.36237680699914	50.1201506496974
3370	7	NA	NA	7.71900989310949	47.9189716272496
3370	7	1736	NA	8.36027076901565	48.9723273149686
3345	9	1689	NA	7.25342314001352	49.1868657642104
3345	9	1719	NA	7.72932182300525	50.3764693109372
3345	10	1720	"Netherlands"	5.40013235126738	52.0948154851806
3345	10	1748	NA	8.23786276171606	50.0756852810249
3345	10	NA	NA	7.30777809137657	49.3274321434579
3345	10	1744	NA	14.5596749678675	51.349893306292
3345	6	1833	NA	8.69084400963767	48.5316324954723
3345	10	1726	NA	7.8206509703274	50.7009911375744
3345	10	1681	NA	11.6257771272211	48.8053606016893
3345	10	1718	NA	7.79980131555761	46.7542290730075
3345	7	1791	NA	11.6026224763862	48.7411425288688
3345	9	1719	NA	7.35396322526516	49.2688248872089
3345	10	1720	NA	7.87264856856885	49.4845356184071
3345	9	1748	"Germany"	10.4219396598344	51.1550894779278
3345	10	1687	NA	7.37403644318309	49.2346908358712
3345	10	1676	NA	7.16885885340188	51.1046328931364
3345	10	1712	"Germany"	10.5618073966898	51.2430527019258
3345	10	1654	NA	7.47528914203312	49.2017638024314
3578	9	NA	NA	9.56685027483279	54.7777156775792
3578	4	NA	"Poland"	19.1985010291357	51.9513186251764
3578	3	NA	NA	19.4107162078213	49.8570184605795
3578	2	1898	NA	19.2799018600822	49.7923175901733
3578	3	NA	"Poland"	19.227846175168	51.879340614112
3578	5	NA	"Poland"	19.0044766705167	51.904556341223
3578	4	NA	"Poland"	19.0355616922385	52.005313092991
3578	3	NA	NA	19.3047438466736	49.8837746532378
3578	2	1884	NA	19.2976662873208	49.9339852994704
3578	4	NA	"Poland"	19.1745204411207	51.9968201034257
2092	9	1646	NA	2.78946784392604	50.5554920866196
2092	10	1668	NA	8.90249708121696	49.223673215916
2092	10	1654	NA	8.94881551965478	49.1518002994469
2092	8	1734	"Germany"	10.4137986876732	51.1939014319546
2092	9	1702	NA	9.11681326327703	50.1165688079897
2092	6	NA	"Germany"	10.4767595369308	51.1226004979231
2092	10	1689	NA	8.34506162068525	49.4077383159753
2092	9	1729	"Germany"	10.5507270226705	51.215448699078
2092	8	1734	"Lucerne, Switzerland"	8.41499188307438	47.0193579831784
2092	10	1699	NA	8.6683610373984	47.3095176558327
2092	9	1712	NA	9.31043682193678	48.8314646435287
2092	10	1631	NA	5.15909562863609	51.9361921288924
2092	10	1705	"Germany"	10.3778387921956	51.2201640255825
2092	9	NA	NA	8.3211790965638	49.4151750264847
2092	9	1714	NA	11.6151340747004	48.8371973099532
2092	10	1684	NA	9.09125109826136	49.1365650487097
2092	10	1643	NA	8.84376030962	47.1180471064803
2092	9	1673	NA	9.01632962952226	49.3184423920045
2092	9	1729	NA	9.56527084343853	49.1637857855939
2092	9	1664	NA	12.8291249924747	48.9364573343371
2092	10	1648	NA	8.57080412037605	49.3768214551677
2092	10	1627	NA	12.9845274843819	48.8753834154561
2092	10	1701	NA	8.84708133188867	49.1713742863272
2092	8	1687	NA	8.26151739432673	50.485096613386
2092	9	1708	NA	8.35667018046194	50.4672836155893
2092	9	1718	NA	8.77477782659281	49.1685419818356
2092	10	NA	NA	9.62500134184826	48.9271438771382
2092	8	NA	NA	2.44783957021599	49.6901600841067
2092	9	NA	NA	8.88287593367489	49.1338047943821
2092	9	1700	NA	8.93238114613305	49.3498091979698
2092	8	1747	NA	9.05299863490534	50.1369155077341
2092	9	NA	"Germany"	10.4330637167868	51.1151968778924
2092	9	1686	"Germany"	10.335382241915	51.1697220095623
2092	9	1688	NA	12.6854674821011	49.4619043837814
2092	8	1679	NA	12.8955041225415	48.8322016627919
2092	10	1703	NA	9.75900685112359	47.9119566515162
2092	9	1691	NA	8.34663227787444	49.5230361814416
2092	10	1664	NA	8.08143713812872	49.9100164301083
2092	9	NA	NA	7.88133021604022	49.630491906232
2092	10	1656	NA	9.54134286669377	50.3589954795894
2092	9	1726	NA	9.06077037983957	49.0550341378685
2092	10	1693	"Zürich, Switzerland"	8.6368166580504	47.3364948675213
2092	10	1666	NA	9.76103515895099	47.508288210563
2092	8	1761	"Germany"	10.4686388726134	51.1749436736137
2092	9	1652	NA	8.21020581775404	50.494532046831
2092	10	1676	NA	11.4795131522915	49.7173179443184
2092	10	1617	"France"	2.21819050763348	46.1510353118701
2092	10	NA	NA	9.58762956572163	48.6211711840365
2092	9	1690	NA	7.6620581614033	48.8096640595624
2092	9	1710	NA	8.52545945266472	49.8378713227445
2092	9	1713	NA	11.5856810418723	48.8266685588822
2092	10	1710	NA	8.19032736117096	49.8827535931124
2092	8	1735	NA	9.11835019932168	49.7616072029021
2092	10	1661	NA	8.93899074906211	49.1952565734722
2092	9	1632	NA	2.29322055331035	50.4949741605766
2092	10	1718	"Germany"	10.391037708665	51.1514612097001
2092	10	1676	"Netherlands"	5.39864023025695	52.1625247737325
2092	9	1704	NA	9.21568572390591	50.0538508413713
2092	9	1682	NA	12.7462728197315	48.8639118663332
2092	8	1709	NA	8.33896563688132	49.4902950258923
2092	8	1708	NA	8.60001840376115	48.2477764135997
2092	9	1705	NA	7.38289267531657	49.3882106155558
2092	7	1768	NA	3.3943078130069	47.2973154643244
2092	9	NA	"Germany"	10.5983709432576	51.2306401169484
2092	10	1676	NA	8.95081847997896	49.7203394610628
2092	10	1686	"France"	2.28433426636689	46.1826922490571
2092	8	1708	NA	8.91715639878887	49.3489603010627
2092	9	1672	NA	8.96432233596824	49.6477358227975
2092	9	1673	NA	11.8419653530851	49.3785020357822
2092	9	1708	NA	9.75469418235327	49.220915924997
3579	4	1834	NA	12.2891242384761	53.5276058093893
3579	3	1880	NA	7.19502829804692	50.0931553718619
3579	3	1878	NA	8.72054842995781	54.117554095767
3579	4	1834	NA	9.54837314888996	54.4676165934255
3579	4	1818	"Germany"	10.5188075029271	51.1926813867162
3579	3	1844	"Schleswig-Holstein, Germany"	9.61619483842634	54.2357612576961
3579	4	1857	"Germany"	10.4452154372805	51.1339885289287
3579	5	1816	NA	13.767526778917	53.6352829668304
3579	5	NA	"Germany"	10.481225170012	51.2015079375114
3579	4	1856	NA	10.7710610296836	53.9043876299574
3579	4	NA	"Germany"	10.5484179905414	51.1853492760765
3579	4	NA	NA	13.7537423061194	53.6624024642031
3579	3	1895	"Germany"	10.5519648939742	51.1605351667206
3579	4	1838	NA	12.5152975183663	52.3997993845279
3579	5	1824	"Germany"	10.3168939512137	51.135720623554
3579	4	1872	"Germany"	10.5081068141003	51.1104873479759
3579	4	1804	NA	13.4586066073982	52.4077194514879
3579	3	1872	NA	13.0647586423841	53.7636894725173
3579	4	1819	NA	9.58958238214427	54.6167655464978
3579	4	NA	"Germany"	10.323700284284	51.1768401834573
3579	4	1823	"Germany"	10.3320575883366	51.0949381681456
3579	5	NA	"Germany"	10.4773395874961	51.2288347831493
3579	4	1822	NA	8.98909057776372	54.1575321802597
3579	5	1783	NA	13.3380368798164	52.5654081065139
3579	5	NA	"Brandenburg, Germany"	13.2523740110819	52.1134177590288
3579	4	NA	"Schleswig-Holstein, Germany"	9.59932337976639	54.212609512423
3579	3	1853	"Denmark"	9.51289206397514	56.2199405315151
3579	4	1847	"Brandenburg, Germany"	13.3294918842411	52.0483627813512
3579	3	1847	NA	13.8676031911236	53.5379152039335
3585	1	1925	NA	2.21698423207698	48.7499689818307
3585	2	1876	NA	20.8936876405068	54.1612827477905
3585	2	NA	NA	1.98141771155631	44.2650897297615
3585	0	1969	NA	5.62179641852176	47.5234263759309
3585	2	NA	NA	20.9760990259966	54.0800357403587
44	9	1708	NA	6.80381594095422	47.4330567469407
44	9	1693	NA	9.47956655896836	48.6329928793665
44	8	NA	NA	6.76342166096889	47.5530432654602
44	9	1678	NA	6.78824489878753	47.6934976546215
44	9	1768	NA	8.54993897384571	47.1939693637
44	9	1685	NA	6.74889670426267	47.502242647565
44	10	1647	NA	9.53192320301097	48.6193244322236
44	8	1749	NA	9.40991988872021	48.6818272766964
44	8	1721	NA	6.7578226579204	47.4406925127696
44	9	1692	NA	6.895626122704	47.5226535968581
44	9	1713	NA	6.33468446889288	46.8468550555165
44	10	1655	NA	9.48230676678548	48.6815778858866
44	8	1759	NA	6.79127019992467	47.563862487409
44	9	1672	NA	9.57826848742046	48.6255873239881
44	9	1733	NA	6.73009282721214	47.5253973735265
2009	8	1713	NA	-0.838640465568439	48.3239805830498
2010	2	1881	NA	21.6697473181126	53.1520212713966
2114	6	1822	NA	14.222183378725	53.4228244423089
2114	5	1834	NA	7.3849920693143	49.4920465746398
2114	6	1838	NA	15.6094137660013	51.0163511938624
2114	7	1734	NA	7.36279987376774	49.2789102000433
2114	5	1859	"Schleswig-Holstein, Germany"	9.73011718061592	54.262299583107
2114	6	1818	NA	14.01307888429	53.325769090652
2114	6	1812	NA	16.2566208828728	52.7305930014894
2114	6	1767	NA	7.6569755574744	49.3357273502873
2114	6	1771	NA	7.49699363826389	49.2075961734637
2114	6	NA	NA	6.92295399296052	50.5254036998453
2114	5	1846	NA	6.7899907890642	50.4406306536627
2114	4	1869	NA	14.1694924933521	53.2658539533485
2114	5	1795	"Schleswig-Holstein, Germany"	9.70412723465692	54.23723617332
2114	4	1894	"Schleswig-Holstein, Germany"	9.65420603681766	54.1577432050902
2114	5	1865	NA	15.5712184579842	50.8689514297667
2114	7	NA	NA	7.45115464405853	49.2906892689328
2114	5	1812	"Schleswig-Holstein, Germany"	9.63579839764575	54.1354765431897
2114	5	1836	"Germany"	10.5741760491908	51.1549809370323
2114	5	1850	NA	6.93027785402648	50.4812333432085
2114	7	1750	NA	7.44723101143803	49.2498684481773
2114	5	1809	NA	7.37454062801313	49.1949053610201
2114	6	1764	NA	6.93214591689062	50.4036905526307
2114	5	1839	NA	16.2818619946318	52.680053193862
2114	5	1864	"Germany"	10.5856999313769	51.2168717751476
2114	6	NA	NA	6.85046209916744	50.4615675825513
2114	5	1831	NA	14.674122391694	53.4388121281937
2114	6	1831	NA	14.1243369945553	53.2903591610363
2114	6	1812	NA	16.4148075573092	52.7291939634591
2114	6	1829	NA	15.1755900059254	53.4798187091661
2114	5	NA	NA	14.1328878551898	53.3039853786745
2114	6	1784	"Germany"	10.4346935590023	51.1380537220759
2114	7	1771	NA	14.1552860106471	53.5060020973052
2114	5	1835	NA	14.0466588376658	53.3377704541868
2114	7	1752	NA	7.58889150636532	49.2982443532731
2114	4	1877	NA	6.93016747840548	50.3636306359235
2114	6	NA	NA	15.5655695667889	50.9621726481606
2114	6	1791	NA	6.85621807897578	50.5126106817514
2114	5	1847	"Germany"	10.4797308648774	51.2329365027039
2114	6	1816	NA	11.5124161300148	48.7466684482304
2114	7	1749	"Germany"	10.3410481300066	51.242550587011
2125	4	1883	NA	11.5029467048294	50.0987300188942
2130	4	1847	NA	9.78422146726223	54.2964712859608
2130	5	1789	NA	9.85502478408685	52.1009463224963
2130	4	1806	NA	9.58490116060349	54.2543050320783
2130	4	1869	NA	9.71120062090817	52.37434560225
2130	5	1812	NA	9.72981293993683	52.2763275694561
2131	5	NA	NA	4.82494840495051	52.4481463790343
2131	5	1778	NA	4.96312387176446	52.3616353928683
3129	3	1873	NA	12.4252876822714	55.9969382870939
3365	6	NA	NA	9.73567129982499	56.4192402546748
3365	9	NA	"Germany"	10.52149421607	51.1972889205304
3365	5	1788	NA	8.4690096228764	53.586856518402
3365	4	1830	NA	2.12755676628047	44.5273741535394
3365	9	1687	NA	9.99407034217858	51.6210019199675
3365	5	1832	NA	10.2010188168242	51.5165740986322
3365	8	NA	"Germany"	10.5339241609447	51.1699018216159
3365	7	1734	NA	6.99125852313348	48.5374697953472
3365	10	NA	"Germany"	10.4576042957888	51.1537680012965
3365	9	1671	NA	8.79175140760439	49.7644045271362
3365	8	1694	NA	10.0059064409499	51.5757424392128
3365	4	1799	NA	6.95294103161354	48.5054431029044
3365	6	NA	"Germany"	10.4018629998951	51.0794399851294
3365	6	NA	NA	9.2167345485475	53.9599194615316
3365	9	NA	NA	10.126353740377	51.5492717001198
3365	9	1667	NA	10.2116398781387	51.4950686649907
3365	8	1701	NA	10.1483167117627	51.5621135973335
3365	3	1851	NA	9.30255883927754	56.3016803989023
3365	7	1740	NA	6.94576430043209	48.4776040110047
3365	8	1713	NA	10.0224661571445	51.5538668979499
3365	4	1786	NA	9.18741004925227	56.2881074356132
3365	8	1704	NA	10.1736784975741	51.5002615028752
3365	4	1791	NA	12.3137246045529	56.1732406509811
3365	7	1745	NA	8.15599033972907	53.1927272033642
3365	7	NA	NA	6.77460907341315	48.6891682650682
3365	9	1644	"Germany"	10.5049420955042	51.2224332310837
3365	9	1630	NA	10.0916080678631	51.5797337546416
3365	6	NA	"France"	2.22111724905855	46.2732834802041
3365	9	1663	"Germany"	10.3583887972189	51.2484993261538
3365	7	1720	NA	9.9819884720361	51.5790247892992
3365	8	NA	NA	7.02111071504278	48.6131533646587
3365	8	1685	NA	8.27010069992527	53.2519530943561
3365	6	1799	NA	10.0485789548713	51.6561684168027
3365	5	NA	NA	8.99633761573734	54.5252327506989
3365	5	NA	NA	1.99602691989722	44.5238932556804
3365	8	1719	NA	9.00106508063342	54.1655306098229
3365	8	1720	"Germany"	10.5785865469064	51.1646672343161
3365	7	1765	NA	10.0162872107807	51.6305611168943
3365	6	1799	NA	10.1571021894597	51.513668920688
3365	9	1716	NA	10.2595811375271	51.5833740539294
3365	7	1733	NA	6.77389139636786	48.476266225556
3365	8	1717	NA	8.31343860865713	53.5830010899179
3365	7	NA	NA	8.44139666985625	53.2943004484364
3365	4	1851	NA	10.1581665459474	51.5088807938175
3365	2	1851	NA	9.37056049083796	56.2738552678715
3365	7	NA	"France"	2.18441523569461	46.2088646987751
3365	5	1765	"Denmark"	9.44005603757549	56.1795941608571
3365	7	1760	NA	10.0236426535887	51.6854300742456
3365	5	NA	NA	1.99399082221406	44.2869615472283
3365	6	NA	NA	9.1670104198709	56.3081989774237
3365	4	1781	NA	9.42372024157745	56.431684102215
3365	7	1764	NA	10.2313596617104	51.5230603997295
3365	7	NA	"France"	2.15239927473496	46.2057594126891
3365	5	NA	NA	8.59852683158753	55.1117351446902
3365	8	NA	"France"	2.13725983888094	46.2372521195048
3365	6	1731	"Denmark"	9.42415482792173	56.1836742461724
3365	7	NA	NA	6.86219845653905	48.5818573564472
3365	8	1722	NA	6.09010812606955	48.7812512026463
3365	10	NA	"Germany"	10.3459856512222	51.2054174757322
3365	9	NA	"Germany"	10.3607917263895	51.1252123008824
3365	6	1735	NA	6.82183246925681	48.4695405063597
3365	8	1687	NA	6.0239253264191	48.8813955507675
3365	6	1742	"Denmark"	9.57502952624315	56.2328408302807
3365	8	1692	NA	10.1725992077155	51.6014330329019
3365	7	NA	NA	9.63394352947389	56.3678216798819
3365	7	NA	"Germany"	10.4431665464838	51.2478559446353
3365	7	1699	NA	7.0317410746552	48.6206353131614
3365	8	1693	NA	10.1302429881803	51.665985251583
3365	7	NA	"France"	2.23728031364072	46.292630147498
3365	6	NA	NA	8.20089833894206	53.3255628141987
3365	8	NA	"France"	2.26044412794919	46.1844837588394
3365	9	1648	"Germany"	10.4210300338989	51.114449233149
3365	9	1668	NA	10.1412852330803	51.5162213033665
3365	8	NA	NA	6.95952499063152	48.4936986350986
3365	7	NA	NA	6.81288115012361	48.6094363161571
3365	3	1864	NA	2.26124666496243	44.5408656801729
3365	6	1785	NA	10.2229389592989	51.5271143015932
3365	9	NA	"Germany"	10.5487503933747	51.2281623888028
3365	7	1713	NA	8.42674481427082	53.5030840641284
3365	9	NA	NA	10.2899703888835	51.5388431439217
3365	6	1784	NA	6.97460963308211	48.1810196903134
3365	10	NA	"Germany"	10.476506109041	51.208535080271
3365	3	1867	NA	8.54388432666784	53.5289404827239
3365	9	NA	"Germany"	10.3856801462678	51.0820166154355
3365	7	NA	NA	8.39892870921966	53.4866062098256
3365	4	1835	NA	8.47441002748913	53.4155814666643
3365	7	NA	NA	10.0114195665598	51.5636369442035
3365	6	1760	NA	8.37019326876307	53.5353510287836
3365	10	NA	"Germany"	10.4633693391859	51.0821233751323
3365	4	1836	NA	1.87501148159991	44.335896287823
3365	10	NA	"Germany"	10.5805465735513	51.2494333463341
3365	4	1835	NA	9.14468202036574	54.4503818132248
3365	9	NA	"Germany"	10.5228076750006	51.1878300160017
3365	6	1784	NA	10.2051416529097	51.5914811259058
3365	5	1766	NA	6.90729645326285	48.5858212362124
3365	6	NA	"France"	2.11077572613858	46.1927004188588
3365	9	NA	"Germany"	10.5173472613429	51.119386974265
3365	7	NA	NA	7.05309130429801	48.4481545237177
3365	7	1767	NA	6.85083051317735	48.6235943212654
3365	8	1727	NA	10.1724290020187	51.5214818573144
3365	8	1705	NA	10.1883634563539	51.5620089357853
3365	10	NA	"Germany"	10.4420201385553	51.1852034532587
3365	3	1860	NA	6.79682344173836	48.5650050499755
3365	6	1800	NA	2.28290215428438	44.4880996624668
3365	6	NA	NA	7.03792146262605	48.566689927872
3365	6	1758	NA	8.35394939581081	53.4836696516904
3365	7	1754	NA	10.1281489238614	51.5681809043952
3365	8	1666	NA	8.41856541394507	53.3433549702977
3365	3	1818	NA	9.35049713800103	56.3573049324218
3365	5	1824	NA	2.18762063439234	44.472208696475
3365	6	NA	"France"	2.29310124454757	46.2331841151383
3365	5	1774	NA	1.97289263030297	44.3549793512382
3365	6	1735	NA	6.96479800334648	48.5567915428624
3365	8	NA	NA	6.86035826076958	48.6181456286308
3365	5	1752	NA	9.37888006606612	56.4332903693605
3365	10	NA	"Germany"	10.3363150792791	51.1513626818648
3365	7	NA	"France"	2.21465141786679	46.1656830198536
3365	8	1703	NA	10.1719923686985	51.6248207898491
3365	8	NA	NA	6.99739654573812	48.5719100668649
3365	4	1830	NA	9.75905811404116	56.106522498215
3365	6	1738	NA	6.97337560398351	48.5889859274695
3365	9	NA	NA	10.1268374405487	51.6531950579532
3365	10	NA	"Germany"	10.4761750840193	51.2000524349617
3365	8	1687	NA	10.1787842372748	51.5984555821213
3365	7	1742	NA	10.2329219180847	51.5256087837049
3365	5	1758	NA	7.03992924956082	48.5429056472883
3365	5	1788	NA	6.93378972932625	48.4698097068923
3365	5	1829	NA	8.43833780569651	53.5891288408789
3365	9	1680	"Germany"	10.5051752727555	51.2482605133144
3365	5	NA	NA	7.18034790133957	48.48851745988
3365	6	1760	NA	6.98154470613078	48.5578554396115
3365	8	1691	NA	10.0052165249468	51.629940583658
3365	9	1680	NA	10.1308780875305	51.5755037629003
3365	8	NA	"France"	2.1805254812892	46.1881327262965
3365	4	NA	NA	6.88395062596015	48.5385051453617
3365	10	NA	NA	2.86102357546566	50.9338555409255
3365	9	NA	"Germany"	10.5453404121613	51.1930252227835
3365	8	NA	"France"	2.19137485989227	46.2755534845452
3109	3	1878	NA	13.5390398784794	47.5588468655901
3156	10	1613	NA	12.7465783139359	53.7409611870054
3156	7	NA	NA	12.7594909160594	53.6858559375439
3156	6	1792	NA	5.85010535032587	53.2909994245244
3156	5	1839	NA	13.4021537156487	54.5067591796863
3156	4	1851	NA	13.3797826463473	54.0179289807856
3156	10	NA	NA	12.0405753643556	54.0820409824619
3156	7	1718	NA	7.76054295557414	53.1577324213041
3156	6	1806	NA	12.8197854557954	53.7508045685569
3156	8	1721	NA	12.772891447626	53.831923783816
3156	6	1775	NA	12.6803011931148	53.716035190794
3156	4	1834	NA	13.359222168598	53.9590532081804
3156	7	1748	NA	7.56862325438643	53.1770620680862
3156	4	1835	NA	14.2735622005242	49.752821694423
3156	6	1765	NA	5.71498619260451	53.1550655892527
3156	6	1794	"Austria"	14.5929039915067	47.5630401783376
3156	6	1777	NA	7.8166622442473	53.3123580074138
3156	4	1874	NA	13.2737992112048	54.1186011945602
3156	4	1847	NA	13.0871545901156	48.1218983725753
3156	4	1811	NA	13.2493206930925	47.9495755687744
3156	1	1954	"Salzburg, Austria"	13.1408557513132	47.7246754331246
3156	5	1798	NA	7.45655217042341	53.3993755425277
3156	3	1890	NA	13.3049286168127	54.0807558873908
3156	4	1853	NA	7.92555988292975	53.5103317400615
3156	4	1806	NA	7.93757851670728	53.5883338458642
3156	3	1869	NA	8.11423690259303	53.488662163937
3156	2	1898	"Salzburg, Austria"	13.0822355998298	47.840489276371
3156	7	1768	NA	12.6879463805541	53.728745696809
3156	8	1698	NA	7.87565874175197	53.3975505986514
3156	5	NA	NA	13.6613104475572	53.8704826360643
3156	2	1929	NA	13.3139326795612	54.069682214615
3156	5	1818	NA	13.4596109330558	53.8895981739022
3156	9	1638	NA	12.7389482731507	53.663708509627
3156	5	1812	NA	13.3845840661137	53.982078270473
3156	4	1874	NA	13.7081980350208	49.2349114705435
3156	5	1846	NA	7.3553426544717	53.3548622887784
3156	7	1730	NA	12.5597669867655	54.2585075661764
3156	2	1912	NA	7.96444540751122	53.6040469665759
3156	7	1742	NA	7.7170954295346	53.2949073180257
3156	1	1922	NA	8.16895890434521	53.6199970520792
3156	6	1809	NA	13.2247208188833	54.0305443673872
3156	5	1794	NA	7.99927956346633	53.3930989664347
3156	3	1886	NA	16.1804764227535	47.3733703213149
3156	8	1679	NA	12.7382608527148	53.6914449780887
3156	4	1849	NA	13.6202240814871	54.0292797831901
3156	8	1703	NA	7.75915305204924	53.2575316136196
3156	2	1906	NA	12.9112491858885	47.8889932156216
3156	4	1840	NA	12.9573659944218	47.9718274673567
3156	6	1801	NA	13.3844826561951	53.9141700290967
3156	4	1847	NA	7.9430817508948	53.4100464868876
3156	3	1850	NA	13.3417978443144	54.0385882698912
3156	9	1686	NA	12.7056427527418	53.7719403948588
3156	7	1761	NA	7.66488737211383	53.403749035472
3156	7	1724	NA	7.77006630445045	53.2343617547304
3156	7	1741	NA	12.8752480595287	53.7491810294876
3156	3	1857	NA	12.8824742610976	48.1374294037933
3156	5	1806	NA	8.01295146706244	53.5411647517894
3156	5	1811	NA	11.2045507059357	51.7996793928598
3156	7	1742	NA	12.9164038353624	53.7742686020764
3156	4	1846	NA	7.77044809279124	53.3849814703317
3156	8	1692	NA	12.7887313837879	53.8078292448496
3156	4	1835	NA	13.0361215162744	48.1209155089669
3156	8	1706	NA	12.7625735297486	53.706553305831
3156	3	1901	NA	7.89039656423842	53.4647089235362
3156	6	1814	NA	7.62717233341415	53.3947687307001
3156	5	1801	NA	12.6393618179894	53.6558684253412
3156	5	1780	NA	7.96995144133657	53.5788870291309
3156	5	1805	NA	13.1969395973251	54.1078226398084
3156	6	1808	NA	12.6408148778708	53.7010459506397
3156	3	1874	NA	16.4847702056776	48.0521319227294
1916	4	1885	NA	6.67081272399216	51.1481228124691
1916	7	1789	"Germany"	10.490165754365	51.2454652948997
1916	10	1707	NA	9.18347187256809	49.412448616768
1916	9	1724	NA	6.68386104420556	49.2729081942415
1916	9	1727	"Mecklenburg-Vorpommern, Germany"	12.5099841812177	53.5438008032372
1916	8	1696	NA	13.2825585816556	54.0928058544115
1916	9	1770	NA	7.63709379157868	49.262846412163
1916	8	1753	"Germany"	10.5653377328874	51.0882357234401
1916	8	1749	"Germany"	10.4508305780979	51.0824467882999
1806	1	1982	NA	4.8052141104572	52.3766122157986
1877	4	1844	NA	7.04013357982833	50.6572219224975
1883	4	1824	NA	6.32268106490625	53.0252758484957
1883	4	1824	NA	5.97369865024052	52.5033592516922
1883	3	1831	NA	6.38438473911209	53.0020855485087
1883	4	1810	NA	6.59350743534469	52.9339698039972
1883	2	1851	NA	6.32472475173118	53.0297954285277
1883	3	1824	NA	6.29546602870461	52.8387536366108
1883	4	1810	NA	6.26574975054793	52.8482516975285
1883	2	1878	NA	6.55891292236083	53.0663565892561
1883	4	1771	NA	6.57283544199269	52.931140128926
1883	3	1861	NA	6.52330069080365	53.1765653819648
1883	4	1864	NA	6.47716080795892	52.8867870444773
1883	0	1932	NA	6.53115897721412	52.8976140488366
1883	1	1895	NA	6.42025453979203	52.7987805494941
1883	4	1788	NA	6.52046641754016	53.0468058810363
1883	1	1922	NA	6.39473016303772	53.0326801260769
1883	3	1811	NA	6.50446188796144	52.941009561435
1883	4	1825	NA	6.37794196907165	52.8563519158121
1883	3	1825	NA	6.42626403072507	52.9422851908682
1883	2	1868	NA	6.36667381370711	52.9798262468697
1883	4	1773	NA	6.21754925929771	52.7872528262195
1883	2	1882	NA	6.50860560966906	52.8775478866648
1883	4	1805	NA	6.41204178235947	52.9527644655711
1883	3	1852	NA	6.54047310996169	53.0000975805309
1883	3	1841	NA	6.28511444030843	52.8164283227997
1883	4	1783	NA	12.8891373366243	50.8843629009297
1883	4	1780	NA	6.55695168083843	53.0302927493609
1883	3	1820	NA	6.76690777510447	52.977415167393
1883	4	1803	NA	6.53421408780809	52.9600844089204
1883	4	1777	NA	6.51246535530715	52.7749897103395
1905	5	1824	NA	18.6604314247071	54.4107703447997
1947	3	1848	NA	13.6072207329054	52.6875400324269
1947	3	1791	NA	13.571028872979	52.5506246687539
1947	5	NA	NA	13.5496130880812	52.5801455688502
1947	5	NA	NA	13.3440403957883	52.7387270590077
1947	4	1793	NA	15.4626142718346	52.0338859042152
1947	5	NA	NA	13.2317328334889	52.782820983987
1947	4	NA	NA	13.524068592032	52.6302288723596
1947	5	NA	NA	13.3301306115467	52.7513599123026
1947	4	1774	NA	13.3208940085118	52.6191877075021
1947	3	1852	NA	13.2349159086158	52.7546768039577
1947	4	NA	NA	13.5242820303207	52.6781275059259
1947	4	1808	NA	13.6654035928165	52.6569545996457
1947	5	NA	NA	13.5416143001608	52.6042674597847
1947	2	1842	"Brandenburg, Germany"	13.3013652688516	52.0937312343777
1947	5	NA	NA	13.2213262719627	52.8083359494643
1947	4	NA	NA	13.6369801746118	52.5318008274531
3460	9	1654	NA	10.8031560491469	50.9777475480638
3460	10	1601	NA	12.0527066377182	53.8787941497471
3460	9	1624	NA	13.3794528084666	54.5450686839513
3460	10	1585	NA	12.2125594282718	50.8614512822017
3460	10	NA	NA	12.0973166825038	53.8110563458234
3460	10	1641	NA	11.0527332364721	51.0101183783792
3506	6	1766	NA	4.87593240457328	51.837147841109
3506	7	1773	NA	6.22653764894677	52.7508877154875
3506	5	1830	NA	4.28367340150377	52.0945874173439
3506	6	1771	NA	4.89744651732518	52.4600556705158
3506	1	1906	NA	4.85050816898014	52.3212919094018
3506	7	1784	NA	6.40997909662363	52.7777352175308
3506	8	1708	NA	5.76293814068404	53.3455298304441
3506	9	1660	NA	5.41244276779927	51.7465067111201
3506	7	1757	NA	4.85179434458036	51.9282092188582
3506	6	1728	NA	5.24832957518558	50.7603516858315
3506	10	1638	NA	5.21610456990028	51.6152668039447
3506	4	1814	NA	5.37372194282326	51.7393447421139
3506	9	1668	NA	5.81404450835721	53.2069734926583
3506	9	1618	NA	4.92512699675521	51.8437635976483
3506	6	1770	NA	5.22427173877705	51.7626965390143
3506	5	1797	NA	4.75467081152148	52.4674847616688
3506	9	1662	NA	4.96612207454745	51.8827393547545
3506	7	1714	NA	4.97049582663999	51.8124574628798
3506	8	1684	NA	5.07208488847725	51.8482487597365
3506	4	1812	NA	4.65609245134388	52.3304304637445
3506	3	1864	NA	4.61360710364032	52.4897694425753
3506	9	1737	NA	6.21535400066096	52.7036574909885
3506	6	1731	NA	5.20977769915858	51.650638900288
3506	5	1811	NA	4.84844291421301	51.8947274727065
3506	8	NA	NA	5.38105641960386	51.6514020859731
3506	6	1735	NA	5.17906096825933	51.6463851530494
3506	2	1902	NA	4.27757211658151	51.1511494346853
3506	6	1740	NA	9.68115136104186	46.4144435176695
3506	6	1760	NA	4.32326164143743	51.1778307988776
3506	9	NA	NA	5.18117556417067	51.6438025955742
3506	5	1776	NA	3.37703751047001	51.2401298623001
3506	3	1869	NA	6.49230276897802	52.717858879569
3506	9	1629	NA	5.06475566493902	51.769239184241
3506	5	1796	NA	5.01095734759272	51.601277677076
3506	5	1808	NA	4.85505243400109	51.852176678587
3506	6	1801	NA	6.22270241409777	46.1952780305647
3506	3	1883	NA	4.71060999562686	52.196880079789
3506	6	1768	NA	4.85585543757307	51.7625074423299
3506	5	1767	NA	4.61684320381647	51.9770422967532
3506	9	1688	NA	6.79911557549921	53.0833256713915
3506	7	1717	"Bremen, Germany"	8.78797616728863	53.0636098812472
3506	7	1721	NA	10.5666024693424	51.9453438854289
3506	8	1709	NA	5.25222016820009	51.885544082685
3506	6	1819	NA	6.23536205445455	52.7664295402241
3506	8	1713	NA	5.27766542844255	51.6407833618438
3506	7	1734	NA	4.52249469707253	51.1847683160202
3506	6	1801	NA	6.30687965651645	52.6983552388274
3506	5	1802	NA	4.35731464358396	51.1472261554352
3506	7	1728	NA	7.1174065100098	47.065216844577
3506	7	1724	"Switzerland"	8.13844152764692	46.8307265396407
3506	7	1713	NA	4.8635234584754	51.7970900055353
3506	8	1679	NA	9.52153932689722	46.380443449177
3506	9	1653	NA	9.52900285488585	46.3002134239438
3506	7	1708	NA	5.94776786152205	51.8287746661783
3506	7	1736	NA	5.11876205347319	51.8385645069794
3506	4	1838	NA	4.85837070545535	51.8078673541026
3506	7	1706	NA	5.17209035946884	51.7544668712214
3506	9	1705	"Netherlands"	5.37567080639033	52.2018824547404
3506	8	1696	NA	5.26017098213557	51.6392059727883
3506	6	1760	NA	5.15057025783276	51.7421012173494
3506	1	1909	NA	5.05572328267414	52.0695925641605
3506	5	1820	NA	4.99793454945425	52.3528681557112
3506	8	1717	NA	5.19316677127693	51.4821155333196
3506	2	1913	NA	4.82495500034083	52.3646974840807
3506	10	1656	NA	5.71642025209069	53.2971416909488
3506	7	1716	"Switzerland"	8.16714743746699	46.8820179856748
3506	6	1755	NA	5.02929212256467	51.8758787059742
3506	7	1738	NA	5.1175938142127	51.6700946333956
3506	6	1765	NA	10.3808312770267	51.8847772545144
3506	8	1664	"Utrecht, Netherlands"	5.13871285620224	51.9985794822464
3506	5	1798	NA	5.39330206292751	51.6981707482341
3506	7	1644	NA	8.50319893538851	51.8398052133806
3506	5	1769	NA	4.8552191555741	50.8246922784182
3506	4	1820	NA	4.40181886579963	51.1343234798088
3506	6	1800	NA	6.34937698859097	52.7088667884181
3506	9	1648	NA	4.89418925912107	52.3535230784156
3506	8	1703	NA	5.16689202284249	51.8701551729982
3506	9	1683	NA	6.37180088977433	52.8467543286436
3506	5	1790	NA	5.25967957370337	51.8275763821674
3506	4	1837	NA	5.23445086625308	51.8042625333308
3506	7	1772	NA	6.22025493077455	52.7790937727753
3506	8	1713	NA	4.8030059770824	51.6196595792627
3506	7	1723	NA	10.2952799864752	51.6821114210392
3506	2	1877	NA	4.83212946430327	52.3963516463929
3506	6	1741	NA	5.2358490433771	50.8560036688084
3506	7	1703	NA	5.36526501381718	51.8281713465461
3506	5	1768	NA	4.79965214176142	50.8541765527556
3506	10	1650	NA	5.85949738442508	53.2925982578818
3506	6	1766	NA	5.07621590637301	51.7822553311749
3506	10	1680	NA	6.02269083984901	52.960058176058
3506	3	1862	NA	5.07839472338739	51.8495203101226
3506	4	1819	NA	6.26674047064882	52.851479916438
3506	7	NA	NA	5.2677246855781	51.8451539297805
3506	2	1908	NA	5.02263059940931	52.4113870055544
3506	3	1843	NA	4.43019828441705	51.1573879830051
3506	3	1851	NA	3.84436795882561	51.6093997754691
3506	6	1786	NA	4.94211590669442	51.6654004195302
3506	5	1815	NA	6.348938520615	52.6971450816033
3506	7	1717	NA	4.82210630268859	51.7472703920987
3506	6	1771	NA	6.27982264393321	52.7530478425191
3506	8	1700	NA	5.05381214200877	51.903607505415
3506	4	1846	NA	4.66090187527681	52.4418126318309
3506	7	1742	NA	5.01485918498915	51.8632798302791
3506	5	1786	NA	5.13513169502292	50.855941705083
3506	9	1654	NA	9.66286587050264	46.2766660498629
3506	4	1826	NA	6.30547583003348	52.7214818169781
3506	6	1735	NA	4.58135228988086	52.3718500755918
3506	4	1837	NA	5.25911983639766	50.8310391835757
3506	9	1670	NA	5.14943012790384	51.8460001985938
3506	6	1770	NA	4.95111432056545	51.8334247639066
3506	5	1834	NA	4.86161934515125	52.4432348089232
3506	9	1637	NA	5.20916864917059	51.5087827708727
3506	5	1777	NA	4.58226436197717	52.3358456319867
3506	8	1683	NA	4.94206515509577	51.8891675062978
3506	6	1736	NA	4.3779737369118	51.8483873422691
3506	5	1751	NA	5.34374116405177	51.6053213645362
3506	6	1767	NA	4.33965896278427	51.9446347286398
3506	9	1615	"Utrecht, Netherlands"	5.12629484074647	52.1476808016674
3506	10	1684	NA	5.69591896742715	53.1907342291887
3522	2	1907	NA	4.32062804559776	50.5845103688421
3522	1	1967	NA	4.4213209843073	50.9151585915598
3522	1	1960	NA	4.4745488915067	50.8231154088077
3076	9	NA	"Denmark"	9.44411056058667	56.2506840639353
3076	8	1647	NA	4.15182994933793	44.0217886019733
3076	7	1705	NA	4.17801388293524	44.0159526238709
3076	6	1721	NA	8.52735977538102	49.9654779750058
2879	1	1948	NA	17.2265058395635	48.1348511997056
3315	10	1703	NA	6.98234866466264	49.267153588457
3315	10	1649	NA	11.8111475414814	49.5302653550069
3315	9	1694	NA	6.99920025294705	49.4128188944178
3315	8	NA	NA	11.3661492426292	48.7982929931953
3315	9	1695	NA	7.08140475194683	49.2784307018101
3315	10	1693	"Germany"	10.3197522776449	51.1664364975111
3315	8	1728	NA	9.69492011132918	52.4538139568043
3315	10	1683	NA	6.83316350610468	49.3182389014813
3315	7	1756	NA	7.69868176405868	49.6357502461488
3315	8	1712	NA	8.1315411959988	49.7370572942981
3315	8	1720	NA	7.2065043647676	49.0881911759374
3315	10	1671	NA	5.09618445802515	51.9063971578307
3315	10	1686	NA	7.07235268612509	49.1681957604141
3315	7	NA	NA	7.06573727633544	49.1869723063395
3315	8	1762	NA	11.5407288658122	48.8265598409458
3315	6	1799	NA	7.99258991719791	49.8203973172274
3315	9	NA	NA	7.00522697342042	49.1430803006812
3315	9	1701	NA	7.14245182471565	49.1330404874096
1956	5	1814	"Germany"	10.5338347377732	51.2133420732541
1956	4	1821	"Germany"	10.5309145401892	51.1731746373442
1956	4	1858	"Germany"	10.3141565761108	51.0940272460344
1956	4	1827	NA	13.3312920792292	52.4505471331768
1956	4	1811	"Germany"	10.3243801652116	51.1801311641628
1956	5	1749	"Germany"	10.5300379336001	51.067945576429
1730	2	1924	NA	11.4523153213538	55.2659500022425
1730	4	1834	NA	11.8260839025372	55.399316932785
1730	3	1904	NA	11.9593733349977	54.9001347207236
1730	4	1871	NA	11.4949866034188	55.2864711025153
1730	4	1796	NA	11.6597672320577	55.1447895674406
1730	4	1847	NA	11.867918664862	54.8218349746356
1730	5	1790	NA	12.6728467987014	55.5868200892619
1730	4	1859	NA	11.8453838882213	54.9422473512714
1730	3	1874	NA	11.8555762782511	54.9263439574663
1730	4	1817	NA	11.9536394442419	55.2172735668937
1730	3	1886	NA	10.7839776943468	55.0353135169783
1730	4	1825	NA	12.042305137746	54.914489644721
1730	2	1905	NA	12.1746562780833	55.0232137036047
1730	4	1863	NA	11.9297704648766	55.4192990088817
1730	4	1870	NA	11.958259651704	54.9216265830026
1730	2	1928	NA	11.9903648336748	54.9288520715217
1730	3	1831	NA	11.5584607537557	55.1862032444579
1730	4	1810	NA	11.6520223502938	55.445154661275
1730	3	1860	NA	11.5841632291491	55.3343045723855
1730	4	1849	NA	11.5150696384431	55.2756367309179
1730	4	1826	NA	12.0470608793855	54.9773772037152
1730	1	1909	NA	11.7076023189087	55.3569339930773
1730	4	1859	NA	11.930041151126	54.8064704463567
1730	1	1934	NA	11.8771242283168	54.8168029795357
1730	3	1893	NA	11.8232693120105	55.3947941029049
1730	2	1873	NA	11.897787160905	54.8163216761761
1730	3	1858	NA	12.041464210411	54.74112141129
1741	5	1831	NA	5.88673642757412	51.8244221472252
1741	5	1825	NA	5.75821312505896	51.7228416446013
1741	5	1827	NA	6.08013862012763	51.7425812768179
1741	6	1803	NA	6.08239316443311	51.6529095604863
1741	4	1854	NA	5.80890265064398	51.7312114314645
1741	6	1828	NA	5.72801241739949	51.8594815848433
1741	4	1843	NA	6.09704297763646	51.6264170473917
1741	6	1754	NA	6.01624712465258	51.8252448686935
1741	6	1797	NA	5.86942748736317	51.6711161257443
1741	5	1804	NA	6.09815483524159	51.7241040333517
1741	7	1770	NA	5.57872482076368	52.0268914228115
1716	6	1805	NA	11.2982280399073	51.8195350510626
1716	6	1828	NA	11.9834190361534	51.5668561108871
1716	9	NA	NA	11.2938210659847	51.8249847836692
1716	6	1829	NA	12.2017310725047	51.6237243283246
1716	3	1893	NA	11.4484083945923	51.742804305974
1716	5	1864	NA	14.3497515228208	52.2214677763707
1716	9	1738	NA	11.8235586014747	52.1210624043615
1716	6	1785	NA	11.5982177346438	51.8037999224867
1716	7	1792	NA	11.7211863261353	52.1146611667866
1716	5	1846	NA	12.178162910108	51.4752682534981
1716	8	1752	NA	11.9282591984699	51.7601897271885
1716	6	1833	NA	12.0895771697416	51.537649605341
1716	6	1861	NA	11.4730863339338	51.7508804010498
1716	8	1781	NA	11.8185478925983	52.0197910445951
1716	8	NA	NA	11.9996260096917	51.5440248263161
1716	6	1836	NA	11.6300868829915	51.7113561780204
1716	6	1857	NA	9.61718722940239	53.2875277829876
1716	3	1913	NA	11.9569371581451	51.624875637193
1716	1	1932	NA	11.2206450672884	51.7994350032652
1716	7	1774	NA	11.8307897517549	51.728038078047
1716	6	1850	NA	11.3830935526696	51.7329377372521
1716	5	1853	NA	11.6534768150398	51.6424408955606
1716	2	1934	NA	11.4187943718583	51.8378355836416
1716	7	1765	NA	11.4236173784721	51.8181341210666
1716	4	1898	NA	12.0227414471009	51.5696860605114
1716	7	NA	NA	11.3796968029717	51.8662620730378
1716	3	1911	NA	11.7903715642277	51.7894107390998
1716	7	1795	NA	11.4021255587234	51.7287435707613
1716	2	1920	NA	11.9347067495303	51.8913140909291
1716	7	NA	NA	12.1105479295354	51.6262922016719
1716	4	1919	NA	11.6470434548639	51.8023985078695
1716	5	1860	NA	11.1769480802228	51.8295382237259
1716	6	NA	NA	9.47574310653174	54.0338678271688
1716	5	1873	NA	11.7614691973585	51.8156041272419
1716	3	1901	NA	11.8761669948356	51.8269292747528
3439	3	1875	NA	10.926689322184	55.361349057461
3439	10	1592	"Belgium"	4.50742781613037	50.4389009998773
3026	3	1861	NA	21.5005214822133	48.5961176527874
2887	3	1888	NA	20.0970891008987	49.7822749431883
2887	5	NA	NA	20.0824987667455	49.7272478044168
2887	5	NA	NA	20.0925737544455	49.8314716170021
2887	3	1924	NA	20.1882954310887	49.854882873819
2887	5	NA	NA	20.1435382780245	49.72788418678
2887	4	1846	NA	20.116816862958	49.7594874485928
2887	5	NA	NA	20.0244697838067	49.8555409472618
2887	4	NA	NA	20.0878175211291	49.8805752401297
2887	5	NA	NA	19.9894270675303	49.8501007419947
2887	2	1900	NA	20.2466828639504	49.7696398232788
2887	2	1939	NA	19.8519189676178	47.7394364678842
2887	6	NA	NA	20.032074846064	49.7967522682121
2887	5	1825	NA	20.0792820621615	49.7475615027558
2887	6	NA	NA	20.0648780908914	49.752902823641
2887	1	1948	NA	20.0419806386064	49.3582371344509
2887	1	1970	"Budapest, Hungary"	18.9628444157064	47.5053809275419
2887	3	1911	NA	20.167180596635	49.7085638607845
2887	5	NA	NA	20.1863454895968	49.7859067016336
2887	0	1994	"Budapest, Hungary"	19.0827024993671	47.5730016132453
2887	3	NA	NA	19.7580817876583	47.6599083544256
2887	5	1830	NA	20.0218684799008	49.7761875415715
2887	2	1904	NA	18.75927097545	47.7144048909101
2887	4	NA	NA	20.0015963897984	49.7454309951712
2887	4	1895	NA	20.1808505843871	49.8354848097468
2887	5	NA	NA	20.1737788473316	49.8353453285015
2887	4	1872	NA	20.2033269383815	49.8238950437382
2887	3	1906	NA	18.8937895638486	47.7183639715174
2887	3	1899	NA	20.1391566611728	49.6942832727017
2887	4	NA	NA	20.0537880487001	49.8515553752299
2887	4	NA	NA	20.2109805034371	49.8476793389417
2887	7	NA	NA	20.0962487143275	49.7676623329178
2887	5	NA	NA	20.2292285195976	49.8459595269162
2887	2	1902	NA	20.1523589884639	49.7054654782191
2887	6	NA	NA	20.0775016934441	49.8357300804717
2887	4	1885	NA	20.0077961243784	49.8071154772095
3104	7	1726	NA	8.87489007443827	51.5303710409307
3104	5	1809	NA	19.0294176982635	54.2775016038564
3104	5	1806	NA	13.6683037146035	53.3049496655164
3104	8	1724	NA	8.90302081873806	51.5799859931937
3104	10	NA	NA	18.9694169603718	54.138028188259
3104	5	1764	NA	8.95591172513188	52.3091945554066
3104	6	1781	NA	9.66230949703519	53.5019830123687
3104	4	1833	NA	13.5181920033223	53.4870712689427
3104	9	1663	NA	8.84046917908509	52.4395815216975
3104	6	1791	NA	13.6393383018406	53.3268073367533
3104	10	1639	"Germany"	10.4772737814659	51.1506418422145
3104	8	1706	NA	8.90865007211406	51.6113108569078
3104	4	1807	NA	18.8653724346971	53.9996480350455
3104	11	1595	NA	18.7590462046287	53.088703445525
3104	5	1794	NA	8.85145229596258	52.4423827806287
3104	10	1621	NA	19.1246046650742	53.9869046362633
3104	6	1723	NA	9.51313076803445	53.7528471211879
3104	4	1799	NA	8.94830499075627	52.3912393548709
3338	6	1776	NA	11.4979816858258	54.7026468349854
3338	3	1888	NA	11.5233285153572	54.7731591813274
3338	4	1847	NA	11.2693310599168	54.6123306997865
3338	5	NA	NA	11.2548907754731	54.6354523230904
3338	5	1827	NA	11.4897937512574	54.6855726866145
3338	6	NA	"Denmark"	9.452393274209	56.3439889998312
3338	5	1793	NA	11.4444827507101	54.6037921741987
3338	7	1760	NA	12.6641821603052	55.6251860193543
3338	9	1715	NA	8.88150859817694	54.6432058706197
3338	6	1736	NA	11.4329237018829	54.7033816935774
3338	5	1787	NA	11.2570147452056	54.6128161143726
3338	6	1754	NA	11.5109441742788	55.4157805041551
3338	2	1914	NA	8.88444800852013	54.3439644608518
3338	7	1752	NA	12.5891528298082	55.6859719101833
3338	10	1663	NA	8.99332880175227	54.6886508348748
3338	4	1824	NA	11.3526590936681	54.6365145410535
1677	8	1703	"Germany"	10.4204736716431	51.1009689413763
1677	9	NA	NA	8.70445019125311	50.0360721380493
1657	9	1727	NA	6.12960175304526	48.9360570574308
1657	6	1750	NA	6.11946980251781	49.6026136155146
1657	9	1715	NA	8.53692058878116	49.0671978227993
1657	10	1709	NA	7.3849670091427	46.4129610890414
1657	10	1690	NA	5.1478619209624	48.2339437204421
1657	10	1662	NA	4.8019495462958	49.6497263903564
1657	9	1697	NA	11.3293918334693	49.7343394888219
1657	6	NA	"Germany"	10.4553667660397	51.1225654389482
1657	10	NA	"France"	2.2939866979037	46.2748183605396
1657	10	1725	"Baden-Württemberg, Germany"	9.34340288253064	48.5756367658143
1657	9	1714	NA	8.4862914645936	50.198619858724
1657	10	1678	NA	5.01052782942575	49.756777635412
1657	8	1773	NA	7.8621245352377	48.4112904829099
1657	10	1713	NA	8.88064312353757	49.1973850653125
1657	10	1704	NA	8.53487003432045	49.0459557969221
1875	3	1860	NA	22.7938682178281	50.7475331118785
1875	2	NA	NA	21.5825552199154	50.8725172822557
1875	1	1894	NA	21.737183840279	50.9500146836566
1875	4	1829	NA	22.6591166158664	50.7867127407945
1875	2	1897	NA	21.296879213816	50.9706873436
1875	2	1895	NA	20.8607320330372	51.2368588029195
1875	1	1895	NA	21.4502157516573	50.8783937949659
110	10	NA	NA	4.48233130493135	52.1088102269778
130	1	1915	NA	8.47251879435506	53.4588971951611
130	2	1910	NA	6.65826733758556	50.3103239723856
130	0	1946	NA	8.57491005839971	53.6095907567033
144	10	1670	NA	7.0896680933767	51.1488927113176
144	8	1736	NA	7.07551916732552	51.1048179292221
144	9	1673	NA	6.92527079230191	51.1089180065554
144	10	1665	NA	7.01354615295872	51.1603706106971
144	7	1779	NA	8.63251099927026	49.8444491174752
144	9	1669	NA	7.81316560632944	50.0661342157224
144	8	NA	"Germany"	10.5937711898578	51.2436735311923
309	1	NA	NA	4.81304617416529	51.7959329434431
309	1	1901	NA	4.30797593460402	52.1229364960318
348	6	1779	NA	9.02397650923859	54.7513051775769
348	7	1751	NA	8.9911951868795	54.6532119796843
348	10	1701	NA	8.99404627394961	54.7876544702836
348	7	1749	NA	9.00676339535057	54.7701844157922
348	9	1700	NA	9.18339221541257	54.7944952009233
348	10	1684	NA	9.11659274894108	54.6863314141815
348	9	1740	NA	9.00826374483112	54.8039403950832
348	9	1661	NA	9.23528623654753	54.7412659390508
348	8	1734	NA	9.06078149505866	54.7945734510252
407	8	1669	NA	-1.55550313403303	48.7537503099102
407	7	1706	NA	-1.40315417955044	48.7864514776627
407	5	1774	NA	0.909816499780355	46.2883512053864
407	5	1793	NA	0.956711327319888	46.1740402509642
407	7	1692	NA	0.918238204907765	46.1925076639965
407	6	1727	NA	0.929541740756955	46.2082146602699
457	3	1861	"Germany"	10.547295750146	51.2452875486669
457	3	1862	NA	12.0811870990322	56.0960347699442
457	5	1799	NA	11.8495077256005	55.6048327652032
457	4	1854	NA	12.1609074991053	55.9285116221681
457	5	1820	NA	11.7428245259554	55.651506898992
457	3	1845	NA	11.8390614686896	55.6484086586518
609	8	1707	"Germany"	10.4272394082775	51.1915861089838
609	7	1748	NA	8.31058418494137	50.093706028279
3419	2	1893	"Germany"	10.5391867999552	51.1392290859995
3419	2	NA	"Baden-Württemberg, Germany"	9.35261294755037	48.6902738996399
3419	2	1845	"Germany"	10.5787549231413	51.192318093658
2284	4	1867	"Germany"	10.569155049391	51.2183580439785
2284	4	1844	"Germany"	10.5839548985389	51.2174977309919
2284	3	1925	NA	22.6478687334207	51.3188510190286
529	4	1786	"Germany"	10.5655277456307	51.0721446153449
529	4	1844	"Germany"	10.56304996327	51.1259786450584
529	3	1878	"Germany"	10.5443682956415	51.0747108748438
1825	3	NA	NA	19.9793530414249	53.0764575549524
1825	4	NA	NA	17.2180066976465	47.9895995226257
1825	3	1846	NA	19.8916974618859	50.1393159284927
1825	5	NA	NA	16.355961603218	48.2407265781763
1825	2	1852	NA	10.9383866634422	49.7285632101633
1825	3	1883	"Budapest, Hungary"	18.9766294770664	47.4836365664318
1825	3	1882	NA	10.9512953490655	49.7881792091701
1825	4	NA	NA	17.0344305453862	47.9951430529288
1825	4	1801	"Gyor-Moson-Sopron, Hungary"	17.1677756491423	47.5998398174627
1825	4	1829	"Hungary"	19.4985330184453	47.2055590656713
1825	4	NA	NA	17.0151575045459	47.974713990628
1825	4	1855	NA	16.2431890289152	48.1476275477467
1825	3	NA	NA	19.92440914	53.0113301759701
1825	3	1830	"Germany"	10.4260224087505	51.081807113395
2070	10	1612	NA	8.17133034406288	56.1620688500927
2070	8	1682	NA	11.8409334178534	55.663636738415
2070	7	1660	NA	3.16329535540565	50.5475183875568
2070	8	1727	NA	9.35829554067825	56.4495169309982
1445	9	1636	NA	7.93679900867155	49.0852345392321
1445	10	1583	NA	7.81299009099533	50.389246015412
1445	8	1662	NA	7.91339445211187	51.0019603352578
1445	7	1755	"Germany"	10.4791210667715	51.1436427124802
1445	8	1641	NA	7.92845437448571	51.051668600797
1445	7	1696	NA	7.39073313326724	49.2338856013633
1445	6	1754	"Germany"	10.5259023671667	51.2499844779414
1445	8	NA	"Germany"	10.5351396043392	51.1584035255689
1445	10	1582	NA	8.1599900410126	51.0443856956574
1445	9	1656	"Germany"	10.4423818267269	51.1495892993426
1445	8	1701	NA	8.08318142128508	50.8449641449319
1445	8	NA	"Germany"	10.4792290717259	51.1935490783094
1445	10	1605	NA	4.98360552364654	52.4383206023634
1445	7	1738	NA	8.13282890188084	50.8385459904788
1445	9	1662	"Germany"	10.5720737532948	51.2319313773155
1445	9	1642	NA	13.244757595484	52.4115918762122
1445	9	1663	"Germany"	10.3515255867651	51.2591747163849
1445	7	1671	NA	12.8761432804746	50.915847179784
1445	7	1679	NA	7.45387280021624	49.3124043777643
1445	10	1598	NA	7.86159387132846	50.8767384850235
1445	10	1651	"Netherlands"	5.2325968724927	52.0815764252837
1445	8	NA	"Germany"	10.3742056074595	51.2450359029534
1445	8	1695	"Germany"	10.5159116968814	51.1185174737782
1445	10	1670	"Utrecht, Netherlands"	5.20583791707429	52.1513943952399
1445	8	1674	NA	7.91628922810512	50.8689266252257
1445	10	1614	NA	7.73430213365205	49.0885192135347
1445	8	1685	"Germany"	10.3824687813631	51.2642012760824
86	6	1757	NA	4.56643431377131	51.0499267375461
86	3	1893	NA	4.8389772143127	50.8061510658001
86	3	1874	NA	4.60318990350016	51.12246690387
86	2	1932	NA	3.97058398274653	51.0690979709846
86	5	1775	NA	6.63567488388238	51.4652413984454
86	8	1703	NA	4.53092737646704	50.7796478209031
86	3	1901	NA	6.89010642872168	51.4795157352015
86	7	1724	NA	4.58493615610768	50.8426994195354
86	6	1737	NA	6.82217567345267	51.5239444355445
86	6	1791	NA	4.58099999291457	50.9928107197992
86	7	1735	NA	4.66623210135123	51.0957185857953
86	6	1725	NA	4.5675096326209	50.778751211712
86	8	1702	NA	4.51799365215471	50.8722555432483
86	9	1633	NA	4.52339178196335	50.9801445626943
86	6	1778	NA	4.70274232523139	50.9701276469938
86	4	1845	NA	6.81440334644041	51.4177384065292
86	6	1764	NA	4.54920555360768	51.0320250011004
86	4	1825	NA	6.76833596780805	51.4167723731034
86	5	1780	NA	4.62318126995999	51.1211876045654
86	7	1720	NA	4.47630574700342	50.7606342472474
86	2	1896	NA	6.65453925286893	51.4081195734629
86	1	1927	NA	4.96434594202041	51.2675492136203
86	4	1853	NA	4.58299140546583	51.0131463575488
86	9	1649	NA	4.49312849047664	51.0490171250106
86	4	1817	NA	4.58251250920164	51.0288268525841
86	8	1695	NA	4.603240817063	50.7176381934379
86	5	1796	NA	4.5704918480939	51.1077051017081
86	8	1679	NA	4.45353637607099	50.9370635354374
86	1	1929	NA	4.52051623610922	51.0729956062979
86	2	1872	NA	4.65210315340329	50.9677632815169
86	3	1849	NA	6.80664391879494	51.3529293695047
86	0	1973	NA	4.43529247213207	51.2677816689213
86	8	1671	NA	4.03633120670188	50.8012994394225
86	7	1722	NA	4.59610828067882	50.9930106364867
2431	3	1801	NA	2.48463788368443	48.9171570996132
2431	8	NA	"Appenzell Innerrhoden, Switzerland"	9.30601430429831	47.2934250521804
2431	10	NA	"Appenzell Innerrhoden, Switzerland"	9.30601145456346	47.2647678284817
2431	9	NA	"Zürich, Switzerland"	8.60801298519821	47.4285324356187
2431	9	1654	"Appenzell Innerrhoden, Switzerland"	9.44312442780875	47.3108939585423
2431	8	1699	"Appenzell Innerrhoden, Switzerland"	9.51286739060683	47.3950067447756
2431	10	NA	NA	7.72380212027913	46.7926952644677
2431	8	NA	NA	7.21817084160011	50.1684104036106
2431	2	1858	NA	2.390821641342	48.7798946214861
2431	8	1641	NA	7.8827646053944	47.0253016962338
2431	7	1717	NA	7.37567930886258	48.2310508240574
2431	10	NA	"Appenzell Innerrhoden, Switzerland"	9.42520302949667	47.3276191188512
2431	4	NA	NA	2.42865605288834	48.7902344255541
2431	9	1605	NA	7.76806954025641	46.8464386644492
2431	9	1637	"Appenzell Innerrhoden, Switzerland"	9.41369014463737	47.3545574353041
2431	9	1626	NA	7.74616794149304	46.8569470736653
2431	7	NA	"Appenzell Innerrhoden, Switzerland"	9.50200412479157	47.2561996670206
2431	10	NA	NA	7.76420322696782	47.0714057126885
2431	3	1803	NA	2.26647262026918	48.9214614750685
2431	8	NA	NA	7.41996757395283	48.2538076507849
2431	9	NA	"Zürich, Switzerland"	8.45180289612901	47.4378409744662
2431	8	1656	NA	7.42143504746039	48.256205775728
2431	9	NA	NA	8.54471881214134	47.1761305424103
